time,latitude,longitude,depth,mag,magType,nst,gap,dmin,rms,net,id,updated,place,type,horizontalError,depthError,magError,magNst,status,locationSource,magSource
2026-10-07T11:50:02.071Z,67.208,-156.866,20.9,2.7,ml,45,42,1.1,0.8,ak,aka2026twfueg,2026-10-07T13:43:14.040Z,"33 km N of Kobuk, Alaska",earthquake,3.2,6.7446,0.1,24,automatic,ak,ak
2026-10-07T11:31:45.939Z,38.9018,-115.2777,5.1382,2.66,ml,5,203,0.375,0.1506,nn,nn00925420,2026-10-07T12:48:53.040Z,"18 km W of Preston, Nevada",earthquake,,2.1294,0,1,reviewed,nn,nn
2026-10-07T11:17:49.338Z,-38.3065,145.8267,10,3.5,mb,9,121,0.78,0.46,us,us6000u0r1,2026-10-07T14:03:34.937Z,"13 km ENE of Nyora, Australia",earthquake,6.89,1.785,0.286,4,reviewed,us,us
2026-10-07T10:57:34.247Z,1.5798,124.6702,139.831,4.7,mb,71,79,5.528,0.68,us,us6000u0qw,2026-10-07T11:16:03.040Z,"22 km WNW of Manado, Indonesia",earthquake,10.88,7.498,0.065,72,reviewed,us,us
2026-10-07T10:20:33.568Z,-24.2564,179.8316,528.878,4.5,mb,83,74,6.688,0.51,us,us6000u0qs,2026-10-07T10:40:45.040Z,"south of the Fiji Islands",earthquake,12.39,6.938,0.04,188,reviewed,us,us
2026-10-07T08:52:32.360Z,19.2093334198,-155.37516784668,30.579999923706,2.64,md,52,166,0.03508,0.129999995,hv,hv75051582,2026-10-07T08:55:53.850Z,"10 km E of Pāhala, Hawaii",earthquake,0.44,0.5,0.16890760959158,8,automatic,hv,hv
2026-10-07T08:16:51.350Z,17.9705,-66.938333333333,6.47,2.46,md,9,185,0.05641,0.29,pr,pr71535948,2026-10-07T08:43:34.750Z,"3 km SW of Fuig, Puerto Rico",earthquake,1.59,0.83,0.052669430447119,8,reviewed,pr,pr
2026-10-07T07:43:19.524Z,14.6207,-93.1891,61.654,4.9,mb,70,142,1.938,1.24,us,us6000u0q1,2026-10-07T08:02:16.040Z,"80 km SW of El Arenal, Mexico",earthquake,7.69,7.31,0.026,463,reviewed,us,us
2026-10-07T06:03:51.815Z,54.629,-155.901,5,3.1,ml,39,247,2.3,0.7,ak,aka2026tvuggp,2026-10-07T06:07:01.169Z,"243 km SE of Chignik, Alaska",earthquake,9.4,,0.2,27,automatic,ak,ak
2026-10-07T04:39:46.830Z,19.38733291626,-154.85850524902,6.8800001144409,2.84,ml,50,265,0.09434,0.200000003,hv,hv75051442,2026-10-07T06:24:42.916Z,"11 km SE of Leilani Estates, Hawaii",earthquake,0.62,0.439999998,0.3,37,automatic,hv,hv
2026-10-07T04:39:26.324Z,-55.6737,-30.0294,10,4.9,mb,27,99,3.973,0.91,us,us6000u0pb,2026-10-07T05:26:50.040Z,"South Sandwich Islands region",earthquake,8.41,1.918,0.11,26,reviewed,us,us
2026-10-07T02:49:59.426Z,-20.979,169.0011,10,4.8,mb,30,117,2.175,1.21,us,us6000u0ns,2026-10-07T03:14:09.040Z,"132 km ENE of Tadine, New Caledonia",earthquake,8.46,1.843,0.113,24,reviewed,us,us
2026-10-07T02:42:59.880Z,19.867666244507,-155.75283813477,1.8500000238419,2.46,ml,9,151,0.09039,0.300000012,hv,hv75051377,2026-10-07T02:46:32.100Z,"8 km SSE of Waikoloa, Hawaii",earthquake,0.94,2.17000008,0.29,3,automatic,hv,hv
2026-10-07T02:25:37.068Z,60.543,-150.615,43.5,2.5,ml,73,58,0.3,0.8,ak,aka2026tvmyss,2026-10-07T02:29:50.015Z,"8 km E of Sterling, Alaska",earthquake,2.2,6.5195,0.2,54,automatic,ak,ak
2026-10-07T01:39:05.561Z,48.1853,153.3699,108.743,4.6,mb,49,117,5.645,0.63,us,us6000u0nb,2026-10-07T02:26:19.040Z,"Kuril Islands",earthquake,11.82,6.694,0.069,62,reviewed,us,us
2026-10-07T01:31:56.120Z,40.4048,142.9402,29.595,4.2,mb,18,250,1.479,0.47,us,us6000u0n8,2026-10-07T03:26:04.040Z,"101 km ENE of Noda, Japan",earthquake,10.68,11.645,0.167,10,reviewed,us,us
2026-10-07T01:29:45.785Z,3.8692,-75.74,10,4.4,mb,19,104,1.715,1.28,us,us6000u0n5,2026-10-07T02:41:40.040Z,"21 km SW of Roncesvalles, Colombia",earthquake,4.89,1.928,0.204,7,reviewed,us,us
2026-10-07T00:30:08.365Z,52.9685,159.4666,61.934,4.8,mb,102,36,1.076,0.52,us,us6000u0mu,2026-10-07T04:24:15.040Z,"57 km E of Petropavlovsk-Kamchatsky, Russia",earthquake,9.11,5.237,0.031,326,reviewed,us,us
2026-10-07T00:24:31.740Z,18.254666666667,-67.201166666667,88.15,2.7,md,9,221,0.1349,0.12,pr,pr71535938,2026-10-07T00:33:50.440Z,"3 km SSW of La Playa, Puerto Rico",earthquake,1,0.75,0.075089855772583,9,reviewed,pr,pr
2026-10-07T00:22:41.953Z,36.9504,141.2803,52.668,4.5,mb,37,134,2.5,0.75,us,us6000u0mr,2026-10-07T04:09:32.040Z,"37 km ESE of Iwaki, Japan",earthquake,3.52,8.712,0.093,34,reviewed,us,us
2026-10-06T23:50:36.679Z,35.3207,26.6477,10,4.2,mb,44,130,0.476,0.81,us,us6000u0mf,2026-10-07T04:01:35.040Z,"27 km WSW of Fry, Greece",earthquake,5.38,1.928,0.115,21,reviewed,us,us
2026-10-06T23:43:58.171Z,35.3596,26.6588,10,3.9,mb,40,120,0.451,0.89,us,us6000u0md,2026-10-07T03:54:33.040Z,"24 km WSW of Fry, Greece",earthquake,6,1.938,0.124,17,reviewed,us,us
2026-10-06T22:33:02.530Z,55.772,-155.98,41.1,2.5,ml,30,205,0.2,0.8,ak,aka2026tvffdw,2026-10-06T22:35:19.973Z,"161 km ESE of Chignik, Alaska",earthquake,12.3,6.3374,0.1,21,automatic,ak,ak
2026-10-06T22:30:03.880Z,19.954833333333,-155.403,11.07,3.1,ml,22,139,0.08997,0.19,hv,hv75051227,2026-10-07T03:31:01.040Z,"10 km SSW of Pa‘auilo, Hawaii",earthquake,0.45,0.38,0.17243310598778,17,reviewed,hv,hv
2026-10-06T22:12:46.267Z,-29.8721,-177.6188,71.248,4.7,mb,24,203,0.681,0.91,us,us6000u0ll,2026-10-07T03:22:29.040Z,"Kermadec Islands, New Zealand",earthquake,14.2,12.23,0.121,21,reviewed,us,us
2026-10-06T21:59:39.650Z,19.949,-155.39933333333,10.61,2.54,ml,9,188,0.08334,0.14,hv,hv75051202,2026-10-07T02:24:36.040Z,"10 km SSW of Pa‘auilo, Hawaii",earthquake,0.7,0.42,0.20889700149012,16,reviewed,hv,hv
2026-10-06T21:57:56.860Z,19.950833333333,-155.408,10.54,2.82,ml,21,138,0.09029,0.18,hv,hv75051197,2026-10-07T02:17:19.040Z,"10 km SSW of Pa‘auilo, Hawaii",earthquake,0.47,0.37,0.1811933502664,13,reviewed,hv,hv
2026-10-06T21:56:43.985Z,-3.9438,139.5723,80.203,4.9,mb,48,53,1.814,0.75,us,us6000u0le,2026-10-07T02:09:20.040Z,"189 km SW of Abepura, Indonesia",earthquake,12.39,5.135,0.083,45,reviewed,us,us
2026-10-06T21:09:44.330Z,19.9615,-155.37966666667,6.74,2.59,ml,27,193,0.08316,0.22,hv,hv75051102,2026-10-07T01:30:06.040Z,"8 km S of Pa‘auilo, Hawaii",earthquake,0.62,0.69,0.15785553067582,16,reviewed,hv,hv
2026-10-06T20:36:34.972Z,56.175,-150.368,5,3,ml,29,289,2,0.8,ak,aka2026tvbicf,2026-10-06T23:25:43.477Z,"197 km SE of Chiniak, Alaska",earthquake,11.7,0,0.1,13,reviewed,ak,ak
2026-10-06T20:34:34.739Z,54.711,-156.832,32.8,3.5,ml,65,223,1.9,0.5,ak,aka2026tvbgrt,2026-10-06T23:22:33.727Z,"198 km SE of Perryville, Alaska",earthquake,9.5,19.9991,0.2,49,reviewed,ak,ak
2026-10-06T20:32:59.569Z,51.826,-170.353,22.7,3.4,ml,29,224,1,0.9,ak,aka2026tvbfeo,2026-10-06T23:14:24.867Z,"160 km SW of Nikolski, Alaska",earthquake,8.6,4.6756,0.2,24,reviewed,ak,ak
2026-10-06T20:16:51.387Z,38.9003,-115.2807,3.6175,3.3,ml,5,194,0.378,0.1251,nn,nn00925389,2026-10-06T22:21:00.384Z,"19 km W of Preston, Nevada",earthquake,,3.026,0,1,reviewed,nn,nn
2026-10-06T20:15:28.171Z,-8.4933,116.218,144.45,4.6,mb,94,58,4.925,1.01,us,us6000u0km,2026-10-07T12:25:56.238Z,"14 km NE of Mataram, Indonesia",earthquake,10.53,5.462,0.067,67,reviewed,us,us
2026-10-06T19:59:15.341Z,3.4637,122.6913,563.47,4.3,mb,54,76,8.918,0.67,us,us6000u0kh,2026-10-06T21:42:59.040Z,"297 km SSE of Tabiauan, Philippines",earthquake,5.21,10.372,0.081,43,reviewed,us,us
2026-10-06T19:08:40.492Z,65.0111,-133.6639,10,4.2,mb,69,44,1.99,0.5,us,us6000u0k1,2026-10-06T21:19:00.856Z,"296 km ENE of Dawson City, Canada",earthquake,6.44,1.967,0.093,32,reviewed,us,us
2026-10-06T19:01:59.145Z,-3.6796,101.8914,73.115,4.5,mb,42,150,5.776,0.61,us,us6000u0k2,2026-10-06T21:07:00.040Z,"43 km WNW of Bengkulu, Indonesia",earthquake,13.35,8.95,0.094,33,reviewed,us,us
2026-10-06T18:53:23.676Z,52.958,-168.257,73.7,2.5,ml,11,214,0.4,0.3,ak,aka2026tuxwsq,2026-10-06T19:38:06.529Z,"40 km E of Nikolski, Alaska",earthquake,46.6,10.7365,0.3,7,reviewed,ak,ak
2026-10-06T18:34:31.760Z,58.802,-153.609,87.6,5.5,ml,121,67,0.1,0.5,ak,aka2026tuxgky,2026-10-07T12:44:47.550Z,"92 km NNW of Aleneva, Alaska",earthquake,3.3,1.9601,0.1,90,reviewed,ak,ak
2026-10-06T18:17:15.628Z,51.062,-177.948,27.8,2.5,ml,15,250,0.7,0.3,ak,aka2026tuwrij,2026-10-06T19:35:23.300Z,"128 km SW of Adak, Alaska",earthquake,11,5.8609,0.1,11,reviewed,ak,ak
2026-10-06T18:15:34.402Z,42.2039,88.2203,10,4.9,mb,70,76,5.773,0.75,us,us6000u0jq,2026-10-06T21:00:38.040Z,"114 km SW of Turpan, China",earthquake,8.47,1.216,0.06,86,reviewed,us,us
2026-10-06T17:47:04.306Z,44.0053,147.7419,35,4.8,mb,99,94,3.713,0.81,us,us6000u0ji,2026-10-06T20:48:11.040Z,"85 km ENE of Shikotan, Russia",earthquake,8.73,1.883,0.041,188,reviewed,us,us
2026-10-06T17:43:42.249Z,38.9117,-115.2731,8.4359,2.81,ml,3,226,0.368,0.2136,nn,nn00925376,2026-10-06T20:28:25.040Z,"18 km W of Preston, Nevada",earthquake,,5.5181,0,1,reviewed,nn,nn
2026-10-06T17:32:11.057Z,48.3128,155.1033,35,4.2,mb,36,137,5.076,0.89,us,us6000u0j2,2026-10-06T20:12:37.040Z,"273 km SSW of Severo-Kuril’sk, Russia",earthquake,10.62,1.931,0.11,23,reviewed,us,us
2026-10-06T17:29:38.354Z,56.065,-157.483,26.1,2.5,ml,15,249,0.6,0.5,ak,aka2026tuvccy,2026-10-06T17:30:46.532Z,"62 km ESE of Chignik, Alaska",earthquake,10.5,5.8665,0.2,8,automatic,ak,ak
2026-10-06T16:53:11.296Z,30.1171,79.6148,10,5.1,mb,70,125,6.444,0.63,us,us6000u0hz,2026-10-07T06:21:39.979Z,"34 km NNW of Bāgeshwar, India",earthquake,9.82,1.839,0.06,89,reviewed,us,us
2026-10-06T16:48:21.805Z,48.4554,154.8085,26.047,5.9,mww,216,47,5.006,0.67,us,us6000u0hy,2026-10-06T18:53:52.600Z,"264 km SSW of Severo-Kuril’sk, Russia",earthquake,8.41,4.798,0.048,42,reviewed,us,us
2026-10-06T15:57:24.056Z,-22.196,-63.6857,525.781,4.1,mb,48,47,3.623,0.66,us,us6000u0d2,2026-10-06T17:59:32.040Z,"19 km S of Yacuiba, Bolivia",earthquake,12.46,9.985,0.117,20,reviewed,us,us
2026-10-06T15:42:06.800Z,18.408833333333,-66.044666666667,112.96,3.07,md,21,172,0.1059,0.16,pr,pr71535908,2026-10-06T16:53:53.310Z,"7 km NNW of Trujillo Alto, Puerto Rico",earthquake,1.35,0.64,0.15431592800476,14,reviewed,pr,pr
2026-10-06T15:34:29.755Z,38.9946,-115.3385,5,3.45,mwr,7,214,0.398,0.1799,nn,nn00925363,2026-10-06T17:37:44.792Z,"25 km WNW of Preston, Nevada",earthquake,,3.6599,,,reviewed,nn,nn
2026-10-06T15:12:09.822Z,-6.6864,72.295,10,4.7,mb,92,49,0.738,0.6,us,us6000u01m,2026-10-06T16:13:05.040Z,"Chagos Archipelago region",earthquake,5.17,1.794,0.062,83,reviewed,us,us
2026-10-06T14:22:26.014Z,50.5237,-172.833,10,3.9,mb,50,200,1.885,1.18,us,us6000u0jh,2026-10-06T18:44:44.040Z,"209 km SSE of Atka, Alaska",earthquake,9.22,2,0.088,34,reviewed,us,us
2026-10-06T13:26:22.092Z,-30.8569,178.7672,537.886,4.5,mb,88,56,3.284,0.54,us,us6000tzwi,2026-10-06T15:34:56.040Z,"Kermadec Islands region",earthquake,12.23,7.115,0.061,79,reviewed,us,us
2026-10-06T13:11:22.577Z,4.8667,118.8285,10,4.9,mww,82,86,7.022,0.55,us,us6000tzwg,2026-10-06T15:52:06.274Z,"48 km NNE of Semporna, Malaysia",earthquake,6.32,1.672,0.098,10,reviewed,us,us
2026-10-06T12:40:23.290Z,-9.7538,118.9128,52.889,4.4,mb,31,125,4.782,0.56,us,us6000tzwb,2026-10-06T15:33:16.040Z,"50 km SW of Tambolaka, Indonesia",earthquake,11.45,9.959,0.144,14,reviewed,us,us
2026-10-06T12:25:46.949Z,29.232,-97.559,7.0205,2.7,ml,29,53,0.1,0.3,tx,tx2026trgpil,2026-10-07T06:30:31.221Z,"8 km ESE of Smiley, Texas",earthquake,0.51430607644252,1.2339235603043,0.1,25,reviewed,tx,tx
2026-10-06T09:37:56.940Z,35.684333333333,-118.41133333333,4.3,3.1,ml,52,22,0.04962,0.19,ci,ci41344007,2026-10-07T06:19:30.212Z,"5 km ESE of Wofford Heights, CA",earthquake,0.16,0.37,0.14821241014205,313,reviewed,ci,ci
2026-10-06T08:45:26.946Z,-4.4773,152.7519,20.643,4.9,mb,19,207,0.652,1.12,us,us6000tzvn,2026-10-06T09:12:47.040Z,"55 km ESE of Kokopo, Papua New Guinea",earthquake,10.78,8.071,0.08,49,reviewed,us,us
2026-10-06T08:40:14.530Z,34.293833333333,-116.8615,4.05,2.6,ml,100,29,0.05828,0.14,ci,ci41343975,2026-10-07T07:13:13.040Z,"4 km NNW of Big Bear City, CA",earthquake,0.1,0.31,0.16678684585227,154,reviewed,ci,ci
2026-10-06T06:54:10.618Z,-20.0088,-67.4214,191.741,4.5,mb,37,66,1.633,1.09,us,us6000tzva,2026-10-06T07:34:22.040Z,"60 km WNW of Colchani, Bolivia",earthquake,7.75,10.924,0.104,27,reviewed,us,us
2026-10-06T06:16:33.173Z,-21.1586,-68.6026,122.011,4.7,mww,112,44,0.834,0.69,us,us6000tzv6,2026-10-06T06:36:06.040Z,"36 km WNW of Ollagüe, Chile",earthquake,5.24,5.532,0.073,18,reviewed,us,us
2026-10-06T06:04:50.916Z,63.857,-147.67,1.3,3.1,ml,90,28,0.6,1.1,ak,aka2026ttygip,2026-10-06T06:19:21.040Z,"62 km ENE of Denali Park, Alaska",earthquake,1.8,1.6686,0.2,61,automatic,ak,ak
2026-10-06T04:40:28.098Z,6.7818,144.4068,10,4.9,mb,35,88,7.422,0.67,us,us6000tzus,2026-10-06T04:58:57.040Z,"State of Yap, Federated States of Micronesia",earthquake,5.9,1.877,0.11,26,reviewed,us,us
2026-10-06T04:29:49.160Z,18.7252,-156.8293,10,3.3,ml,33,243,1.054,0.76,us,us6000tzun,2026-10-06T04:58:45.850Z,"118 km WSW of Hawaiian Ocean View, Hawaii",earthquake,4.77,1.932,0.051,51,reviewed,us,us
2026-10-06T04:28:36.912Z,29.02,142.845,10,4.6,mb,34,138,8.453,0.6,us,us6000tzuq,2026-10-06T04:51:32.040Z,"Izu Islands, Japan region",earthquake,13.07,1.927,0.111,24,reviewed,us,us
2026-10-06T04:01:29.033Z,61.548,-149.903,32.8,3.4,ml,172,30,0.4,1,ak,aka2026ttudjl,2026-10-07T04:06:17.505Z,"4 km NE of Big Lake, Alaska",earthquake,1.8,3.0426,0.1,119,automatic,ak,ak
2026-10-06T03:58:19.461Z,69.6234,-145.1953,10,2.5,ml,11,99,0.312,0.82,us,us6000tzul,2026-10-06T04:20:01.040Z,"82 km SW of Kaktovik, Alaska",earthquake,2.96,1.994,0.085,18,reviewed,us,us
2026-10-06T03:42:43.999Z,-7.8323,120.3932,8.653,4.8,mb,33,123,2.871,0.99,us,us6000tzuj,2026-10-06T04:00:46.040Z,"86 km N of Ruteng, Indonesia",earthquake,13.4,4.728,0.116,23,reviewed,us,us
2026-10-06T01:48:23.727Z,41.9416,142.3552,70.998,4.3,mb,21,137,0.602,0.48,us,us6000tzu2,2026-10-06T02:03:49.040Z,"42 km SW of Urakawa, Japan",earthquake,7.44,12.105,0.154,12,reviewed,us,us
2026-10-06T00:41:28.380Z,-19.8042,-69.2254,105.483,4.4,mb,32,82,0.138,0.73,us,us6000tztx,2026-10-06T03:34:55.403Z,"58 km SSE of Camiña, Chile",earthquake,5.9,4.163,0.12,20,reviewed,us,us
2026-10-05T22:53:42.181Z,26.3539,92.8359,10,4.6,mb,51,85,5.467,0.82,us,us6000tzth,2026-10-06T02:58:24.903Z,"31 km S of Tezpur, India",earthquake,11.11,1.904,0.09,37,reviewed,us,us
2026-10-05T22:48:53.669Z,-5.7949,154.2682,142.487,4.8,mb,36,89,2.633,0.51,us,us6000tztg,2026-10-06T02:46:59.040Z,"146 km WNW of Panguna, Papua New Guinea",earthquake,12.69,8.287,0.084,44,reviewed,us,us
2026-10-05T22:06:16.160Z,33.268333333333,-117.93483333333,10.82,2.51,ml,43,164,0.3102,0.19,ci,ci41343799,2026-10-06T15:50:31.334Z,"31 km SW of Dana Point, CA",earthquake,0.3,0.86,0.16384698246138,117,reviewed,ci,ci
2026-10-05T21:38:33.955Z,36.7206,71.3436,203.432,4.3,mb,25,136,1.83,0.68,us,us6000tzsr,2026-10-06T02:39:07.040Z,"17 km WNW of Ashkāsham, Afghanistan",earthquake,9.43,8.76,0.178,9,reviewed,us,us
2026-10-05T21:38:05.713Z,-9.6687,118.9729,35,4.5,mb,34,96,4.688,0.84,us,us6000tzss,2026-10-06T02:21:21.040Z,"39 km SW of Tambolaka, Indonesia",earthquake,10.97,1.926,0.102,28,reviewed,us,us
2026-10-05T20:50:08.260Z,64.728,-140.768,2.8,3.2,ml,58,147,0.9,0.9,ak,aka2026ttftim,2026-10-06T04:34:00.225Z,"17 km ESE of Eagle Village, Alaska",earthquake,4,2.6551,0.1,41,reviewed,ak,ak
2026-10-05T20:23:41.640Z,33.265,-117.93866666667,16.59,2.81,ml,49,125,0.3149,0.2,ci,ci41343775,2026-10-05T21:24:43.739Z,"32 km SW of Dana Point, CA",earthquake,0.28,1.48,0.21115416079123,20,reviewed,ci,ci
2026-10-05T20:22:59.243Z,-24.4235,179.8108,518.638,5,mb,61,66,5.209,0.63,us,us6000tzsc,2026-10-05T20:44:56.040Z,"south of the Fiji Islands",earthquake,12.27,8.249,0.028,392,reviewed,us,us
2026-10-05T20:22:30.410Z,33.267666666667,-117.9315,11.27,3.48,ml,74,117,0.3087,0.22,ci,ci41343767,2026-10-07T13:11:49.788Z,"31 km SW of Dana Point, CA",earthquake,0.28,0.76,0.25175058231149,23,reviewed,ci,ci
2026-10-05T19:47:55.779Z,8.9608,40.0091,10,4.6,mb,45,121,3.784,0.6,us,us6000tzry,2026-10-05T20:04:45.040Z,"12 km ENE of Metahāra, Ethiopia",earthquake,11.01,1.923,0.09,37,reviewed,us,us
2026-10-05T18:28:28.162Z,-5.5191,150.325,124.862,4.4,mb,22,93,2.258,0.61,us,us6000tzpz,2026-10-05T18:58:33.040Z,"21 km E of Kimbe, Papua New Guinea",earthquake,5.9,7.789,0.127,18,reviewed,us,us
2026-10-05T18:05:53.049Z,57.638,-155.806,1,2.7,ml,47,148,0.3,0.7,ak,aka2026ttagyp,2026-10-06T05:05:22.870Z,"81 km W of Karluk, Alaska",earthquake,4.9,2.199,0.2,36,reviewed,ak,ak
2026-10-05T17:30:40.698Z,51.3621,-130.3859,10,3.9,mb,41,178,1.06,0.8,us,us6000tzpp,2026-10-06T17:35:32.740Z,"247 km WNW of Port McNeill, Canada",earthquake,7.53,1.98,0.062,70,reviewed,us,us
2026-10-05T17:28:24.530Z,64.5091,-17.3115,10,4.7,mww,99,68,1.746,0.8,us,us6000tzpq,2026-10-05T17:54:05.040Z,"105 km WNW of Höfn, Iceland",earthquake,6.3,1.752,0.069,20,reviewed,us,us
2026-10-05T17:24:06.427Z,28.853,-98.978,7.1851,2.6,ml,31,83,0.1,0.3,tx,tx2026tputog,2026-10-05T21:51:08.861Z,"12 km ESE of Pearsall, Texas",earthquake,1.3458300295108,0.68220061722533,0.1,16,reviewed,tx,tx
2026-10-05T16:55:19.142Z,57.65,-155.849,5,3.4,ml,112,123,0.2,1.2,ak,aka2026tsxxtn,2026-10-06T01:28:42.480Z,"83 km W of Karluk, Alaska",earthquake,3.1,,0.2,78,automatic,ak,ak
2026-10-05T16:10:50.126Z,61.35,-151.817,92.9,2.9,ml,115,22,0,0.7,ak,aka2026tswjcq,2026-10-05T19:53:42.040Z,"45 km WNW of Beluga, Alaska",earthquake,2.2,1.78,0.2,80,automatic,ak,ak
2026-10-05T15:56:36.660Z,40.573165893555,-124.04850006103,20.639999389648,2.81,md,44,114,,0.11,nc,nc75445011,2026-10-07T08:02:14.169Z,"5 km NE of Hydesville, CA",earthquake,0.25,0.330000013,0.08,32,automatic,nc,nc
2026-10-05T15:40:40.490Z,34.386833333333,-119.77583333333,9.27,2.69,ml,50,50,0.06114,0.2,ci,ci41343551,2026-10-06T14:07:28.988Z,"7 km SE of Goleta, CA",earthquake,0.22,0.52,0.13063423171869,75,reviewed,ci,ci
2026-10-05T15:07:50.258Z,36.4528,70.6952,190.787,4.3,mb,33,84,2.315,0.96,us,us6000tzp4,2026-10-05T19:30:48.040Z,"47 km SSW of Jurm, Afghanistan",earthquake,4.26,8.157,0.147,13,reviewed,us,us
2026-10-05T13:30:45.560Z,25.1037,123.2696,156.219,4.7,mb,90,71,0.676,0.76,us,us6000tznu,2026-10-05T14:11:56.040Z,"75 km NNE of Yonakuni, Japan",earthquake,7.15,5.286,0.044,158,reviewed,us,us
2026-10-05T13:05:50.276Z,-8.1959,120.7072,10,4.4,mb,20,141,3.3,0.77,us,us6000tznr,2026-10-05T14:35:32.040Z,"53 km NNE of Ruteng, Indonesia",earthquake,12.52,1.892,0.149,13,reviewed,us,us
2026-10-05T12:31:43.010Z,19.354666666667,-155.30066666667,28.21,3.59,ml,61,70,0.01722,0.13,hv,hv75050162,2026-10-06T12:35:47.078Z,"12 km SW of Volcano, Hawaii",earthquake,0.27,0.32,0.31157114428682,51,reviewed,hv,hv
2026-10-05T12:27:51.538Z,32.174,-102.171,10.6689,2.7,ml,74,56,0,0.1,tx,tx2026tpkyfx,2026-10-05T14:24:32.483Z,"21 km NNW of Midland, Texas",earthquake,0.48152431417072,0.57625467044861,0.1,61,reviewed,tx,tx
2026-10-05T12:17:22.875Z,-9.6952,118.824,39.453,4.4,mb,36,123,4.741,0.83,us,us6000tznk,2026-10-05T13:30:56.040Z,"54 km WSW of Tambolaka, Indonesia",earthquake,11.22,8.15,0.11,24,reviewed,us,us
2026-10-05T12:10:11.438Z,60.132,-152.939,125.3,2.6,ml,111,75,0.1,0.7,ak,aka2026tsoksi,2026-10-05T12:16:28.040Z,"70 km WNW of Happy Valley, Alaska",earthquake,3.4,1.7615,0.3,69,automatic,ak,ak
2026-10-05T11:47:07.753Z,-15.7157,167.1484,35,4.6,mb,34,130,5.525,0.65,us,us6000tznh,2026-10-06T05:45:36.792Z,"21 km S of Luganville, Vanuatu",earthquake,13.15,1.923,0.107,26,reviewed,us,us
2026-10-05T11:06:22.798Z,60.241,-152.492,104.7,3,ml,160,57,0.2,0.9,ak,aka2026tsmher,2026-10-05T11:29:49.040Z,"50 km WNW of Ninilchik, Alaska",earthquake,2.4,1.5154,0.2,110,automatic,ak,ak
2026-10-05T10:52:09.844Z,15.8046,147.395,10,5,mb,74,80,1.646,0.71,us,us6000tzna,2026-10-07T11:02:22.916Z,"187 km ENE of Saipan, Northern Mariana Islands",earthquake,9.48,1.854,0.031,332,reviewed,us,us
2026-10-05T10:38:03.542Z,55.405,-158.484,14.3,2.7,ml,32,212,0.8,0.6,ak,aka2026tslhrt,2026-10-05T10:41:00.752Z,"70 km SE of Perryville, Alaska",earthquake,5.4,2.7784,0.2,19,automatic,ak,ak
2026-10-05T08:25:02.182Z,-24.4199,-68.9222,94.083,4.2,mb,28,118,0.957,0.99,us,us6000tzmz,2026-10-06T06:30:52.040Z,"172 km ESE of Antofagasta, Chile",earthquake,5.52,9.994,0.373,2,reviewed,us,us
2026-10-05T08:00:10.420Z,18.814833333333,-67.324666666667,13.45,2.9,md,14,224,0.4004,0.3,pr,pr71535823,2026-10-05T08:27:44.930Z,"42 km NW of San Antonio, Puerto Rico",earthquake,1.05,1.92,0.14387616137694,6,reviewed,pr,pr
2026-10-05T07:13:38.006Z,22.8488,144.0442,35,4.9,mb,99,96,7.752,0.57,us,us6000tzmt,2026-10-05T07:40:32.040Z,"Volcano Islands, Japan region",earthquake,10.06,1.898,0.059,90,reviewed,us,us
2026-10-05T06:14:15.888Z,4.4975,126.9394,51.291,4.8,mb,65,85,2.891,0.66,us,us6000tzmk,2026-10-05T06:40:40.040Z,"191 km ESE of Sarangani, Philippines",earthquake,10.49,7.064,0.062,80,reviewed,us,us
2026-10-05T06:02:03.830Z,18.634833333333,-66.935333333333,21.28,2.46,md,12,253,0.1698,0.16,pr,pr71535793,2026-10-05T06:31:59.240Z,"17 km NNE of Isabela, Puerto Rico",earthquake,0.8,1.52,0.108817999031,6,reviewed,pr,pr
2026-10-05T05:42:08.244Z,41.1683,-116.7,11.3772,2.45,ml,4,262,0.837,0.0935,nn,nn00925296,2026-10-05T19:25:48.493Z,"55 km NE of Valmy, Nevada",earthquake,,6.1128,0.05,3,reviewed,nn,nn
2026-10-05T05:26:44.808Z,-21.4208,-174.2679,10,5,mb,55,69,21.03,0.54,us,us6000tzme,2026-10-05T05:46:50.040Z,"71 km E of ‘Ohonua, Tonga",earthquake,15.01,1.882,0.047,144,reviewed,us,us
2026-10-05T04:16:23.636Z,45.953,151.8684,35,4.5,mb,41,136,6.373,0.94,us,us6000tzm7,2026-10-05T04:36:07.040Z,"Kuril Islands",earthquake,11.84,1.921,0.087,39,reviewed,us,us
2026-10-05T03:07:50.760Z,18.7735,-66.035166666667,42.84,3,md,4,347,0.8033,0.11,pr,pr71535773,2026-10-05T04:10:51.120Z,"34 km NNE of San Juan, Puerto Rico",earthquake,3.61,5.33,0.17284513883585,3,reviewed,pr,pr
2026-10-05T03:05:50.670Z,18.817,-64.437,23.55,2.91,md,10,278,0.3267,0.19,pr,pr71535753,2026-10-05T04:02:19.890Z,"65 km NE of Cruz Bay, U.S. Virgin Islands",earthquake,1.01,4.31,0.14886935308839,4,reviewed,pr,pr
2026-10-05T02:34:54.630Z,47.136833333333,-113.108,5,3.25,ml,44,79,0.2434,0.26,mb,mb90210028,2026-10-05T22:50:11.127Z,"13 km N of Ovando, Montana",earthquake,0.31,31.61,0.20708250183961,35,reviewed,mb,mb
2026-10-05T02:16:31.883Z,-9.2033,112.9221,51.442,4.2,mb,18,79,7.235,0.56,us,us6000tzlz,2026-10-05T03:38:24.013Z,"111 km S of Dampit, Indonesia",earthquake,13.46,8.399,0.153,13,reviewed,us,us
2026-10-05T01:55:51.530Z,39.1649,-119.0434,6.445,2.8,ml,29,70,0.087,0.1424,nn,nn00925282,2026-10-05T16:46:10.490Z,"22 km NNE of Yerington, Nevada",earthquake,,1.1736,0.3,14,reviewed,nn,nn
2026-10-05T01:20:21.127Z,12.0958,-86.4891,167.36,4.4,mb,51,133,1.671,0.63,us,us6000tzln,2026-10-05T02:06:18.040Z,"12 km N of Villa El Carmen, Nicaragua",earthquake,8.93,9.679,0.081,44,reviewed,us,us
2026-10-05T01:18:50.392Z,-0.4325,-19.965,10,5.3,mb,71,46,9.312,0.81,us,us6000tzlp,2026-10-05T01:35:49.040Z,"central Mid-Atlantic Ridge",earthquake,10.43,1.858,0.033,307,reviewed,us,us
2026-10-04T23:36:30.683Z,12.8829,-89.7514,35,4.3,mb,31,194,1.144,0.85,us,us6000tzlf,2026-10-05T01:57:23.040Z,"78 km S of Acajutla, El Salvador",earthquake,7.46,1.991,0.059,83,reviewed,us,us
2026-10-04T23:05:18.727Z,-4.5956,133.5278,10,4.4,mb,22,87,7.453,0.61,us,us6000tzl7,2026-10-05T01:45:02.040Z,"142 km NE of Tual, Indonesia",earthquake,11.28,1.903,0.126,18,reviewed,us,us
2026-10-04T22:51:30.983Z,37.7784,36.0714,10,4.2,mb,25,40,0.294,0.83,us,us6000tzl3,2026-10-05T01:06:31.040Z,"14 km ESE of Feke, Turkey",earthquake,3.28,1.281,0.176,9,reviewed,us,us
2026-10-04T22:13:26.165Z,44.6317,-128.9457,10,4.2,mb,64,251,3.63,0.88,us,us6000tzl0,2026-10-06T22:23:35.605Z,"off the coast of Oregon",earthquake,4.93,2.003,0.082,42,reviewed,us,us
2026-10-04T21:50:15.900Z,36.550834655762,-121.09149932861,8,2.48,md,64,38,0.0501,0.21,nc,nc75444446,2026-10-04T22:17:28.629Z,"5 km ENE of Pinnacles, CA",earthquake,0.25,0.74000001,0.16,60,automatic,nc,nc
2026-10-04T20:27:25.597Z,36.611,71.0216,248.906,4.8,mb,97,43,2.06,0.97,us,us6000tzkn,2026-10-05T04:19:38.668Z,"32 km SSE of Jurm, Afghanistan",earthquake,6.6,6.511,0.049,129,reviewed,us,us
2026-10-04T20:16:27.253Z,45.8198,151.3579,35,4.4,mb,37,180,6.056,0.73,us,us6000tzkm,2026-10-04T20:46:41.040Z,"279 km ENE of Kuril’sk, Russia",earthquake,10.79,1.955,0.106,26,reviewed,us,us
2026-10-04T18:56:14.005Z,44.2452,-129.1453,10,3.2,ml,38,266,3.71,0.52,us,us6000tzka,2026-10-04T22:20:53.473Z,"off the coast of Oregon",earthquake,12.93,2.024,0.047,60,reviewed,us,us
2026-10-04T17:28:13.722Z,37.7789,36.1523,11.956,4.2,mwr,50,42,0.251,0.87,us,us6000tzjy,2026-10-04T18:13:59.040Z,"21 km E of Feke, Turkey",earthquake,4.52,1.806,0.069,20,reviewed,us,us
2026-10-04T17:19:53.148Z,28.5785,104.7108,10,4.4,mb,52,130,4.503,0.76,us,us6000tzjw,2026-10-04T17:59:06.040Z,"13 km N of Xunchang, China",earthquake,10.57,1.878,0.085,40,reviewed,us,us
2026-10-04T17:15:00.140Z,19.429666666667,-155.60116666667,42.02,2.54,ml,36,45,0.0366,0.25,hv,hv75049762,2026-10-05T22:02:04.920Z,"27 km E of Honaunau-Napoopoo, Hawaii",earthquake,0.59,0.84,0.19658374247654,26,reviewed,hv,hv
2026-10-04T16:47:27.196Z,38.1717,-117.8162,7.7888,2.6,ml,22,48,0.283,0.1647,nn,nn00925269,2026-10-05T23:42:54.916Z,"35 km SE of Mina, Nevada",earthquake,,2.1399,0.32,9,reviewed,nn,nn
2026-10-04T16:30:36.607Z,58.51,-137.235,5,3,ml,22,155,0.8,0.7,ak,aka2026trbbuc,2026-10-04T22:41:57.975Z,"62 km WNW of Elfin Cove, Alaska",earthquake,4.6,,0.2,15,automatic,ak,ak
2026-10-04T16:00:26.211Z,37.7748,36.1388,10,4.3,mb,25,71,0.254,1.03,us,us6000tzjn,2026-10-04T18:12:16.040Z,"20 km ESE of Feke, Turkey",earthquake,2.4,1.934,0.201,7,reviewed,us,us
2026-10-04T15:03:30.731Z,55.418,-158.759,27.6,2.5,ml,13,312,0.7,0.1,ak,aka2026tqyehr,2026-10-04T15:04:33.499Z,"60 km SSE of Perryville, Alaska",earthquake,14.2,7.5765,0.3,5,automatic,ak,ak
2026-10-04T14:59:44.179Z,-9.8792,118.8554,25.554,4.2,mb,21,126,4.914,1.02,us,us6000tzjg,2026-10-04T18:03:43.040Z,"65 km SW of Tambolaka, Indonesia",earthquake,9.5,5.818,0.167,12,reviewed,us,us
2026-10-04T14:09:56.506Z,32.5442,-104.6295,5,2.9,ml,28,79,0.07,0.45,us,us6000tzj9,2026-10-04T15:47:54.040Z,"31 km SSE of Hope, New Mexico",earthquake,2.13,1.754,0.066,30,reviewed,us,us
2026-10-04T14:06:10.385Z,5.3695,-82.7171,10,5,mww,61,64,3.903,1.44,us,us6000tzj8,2026-10-04T14:28:42.040Z,"295 km S of Burica, Panama",earthquake,10.27,1.865,0.06,27,reviewed,us,us
2026-10-04T13:38:07.206Z,57.033,-155.084,65.3,3.4,ml,87,189,0.9,0.5,ak,aka2026tqvifo,2026-10-04T13:56:43.040Z,"56 km W of Akhiok, Alaska",earthquake,5.4,5.6909,0.2,65,automatic,ak,ak
2026-10-04T13:24:48.891Z,60.301,-151.695,70.4,2.6,ml,88,47,0.4,0.7,ak,aka2026tquwqe,2026-10-04T13:28:09.542Z,"18 km WNW of Clam Gulch, Alaska",earthquake,2.4,2.2308,0.2,54,automatic,ak,ak
2026-10-04T12:46:30.522Z,60.381,-150.666,68.2,3.4,ml,175,69,0.5,0.9,ak,aka2026tqtplt,2026-10-05T12:50:20.008Z,"14 km SSE of Funny River, Alaska",earthquake,1.9,2.3601,0.1,108,automatic,ak,ak
2026-10-04T12:36:47.744Z,-9.2014,112.6395,52.773,4.6,mb,39,79,6.961,0.83,us,us6000tziz,2026-10-04T13:05:17.040Z,"110 km S of Dampit, Indonesia",earthquake,10.6,7.876,0.094,34,reviewed,us,us
2026-10-04T12:18:15.060Z,31.880333333333,-117.2305,16.02,2.7,ml,9,252,0.452,0.13,ci,ci41342975,2026-10-04T15:05:45.466Z,"48 km SW of Primo Tapia, B.C., MX",earthquake,0.77,31.61,0.17179222696171,45,reviewed,ci,ci
2026-10-04T12:07:53.879Z,-21.4303,-67.5431,169.095,4.2,mb,40,86,1.622,0.68,us,us6000tzis,2026-10-04T13:14:29.040Z,"77 km ESE of Ollagüe, Chile",earthquake,5.56,6.585,0.141,14,reviewed,us,us
2026-10-04T11:43:23.167Z,37.7292,36.1272,10,5,mww,121,46,0.228,0.85,us,us6000tzip,2026-10-05T18:20:59.879Z,"21 km ESE of Feke, Turkey",earthquake,5.59,1.845,0.057,30,reviewed,us,us
2026-10-04T11:36:26.451Z,37.7757,36.1685,10,4.7,mww,61,35,0.24,0.83,us,us6000tzil,2026-10-04T12:56:33.040Z,"22 km E of Feke, Turkey",earthquake,3.14,1.849,0.08,15,reviewed,us,us
2026-10-04T11:19:26.314Z,37.8028,36.1749,10,4.7,mww,77,45,0.26,0.58,us,us6000tzif,2026-10-05T07:24:48.620Z,"21 km SSE of Saimbeyli, Turkey",earthquake,5.47,1.863,0.073,18,reviewed,us,us
2026-10-04T11:12:48.352Z,22.8191,144.6508,10,5.1,mww,101,80,12.601,0.69,us,us6000tzid,2026-10-05T17:33:35.040Z,"Volcano Islands, Japan region",earthquake,10.34,1.861,0.069,20,reviewed,us,us
2026-10-04T11:09:47.398Z,-5.0439,151.4257,162.143,4.6,mb,57,98,1.122,0.64,us,us6000tzic,2026-10-04T12:18:36.040Z,"121 km SW of Kokopo, Papua New Guinea",earthquake,9.55,6.916,0.058,90,reviewed,us,us
2026-10-04T10:52:27.344Z,-8.2236,120.5325,10,4.8,mb,35,66,3.281,0.75,us,us6000tzi8,2026-10-04T11:14:40.040Z,"43 km N of Ruteng, Indonesia",earthquake,10.05,1.883,0.103,29,reviewed,us,us
2026-10-04T10:13:07.298Z,-8.2698,120.4532,10,5,mb,54,69,3.308,1,us,us6000tzi5,2026-10-04T10:31:08.040Z,"37 km N of Ruteng, Indonesia",earthquake,11.83,1.89,0.08,50,reviewed,us,us
2026-10-04T09:13:45.974Z,67.4,-157.345,0.8,2.9,ml,38,68,1.3,0.8,ak,aka2026tqmmzk,2026-10-04T09:24:59.210Z,"41 km NNE of Ambler, Alaska",earthquake,3.5,4.4075,0.3,25,automatic,ak,ak
2026-10-04T08:59:26.420Z,18.5571,-68.4311,141,3.99,md,28,136,0.0659,0.49,pr,pr2026277001,2026-10-04T11:38:15.685Z,"3 km SW of Punta Cana, Dominican Republic",earthquake,2.97,1.65,0.21,23,reviewed,pr,pr
2026-10-04T08:57:21.555Z,-3.0707,-80.326,42.93,4.3,mb,28,143,0.54,0.96,us,us6000tzhy,2026-10-04T09:14:29.040Z,"42 km WNW of Puerto Bolívar, Ecuador",earthquake,3.54,9.27,0.119,20,reviewed,us,us
2026-10-04T08:20:24.570Z,18.961833333333,-64.924,21.74,3.01,md,10,247,0.607,0.38,pr,pr71535688,2026-10-04T12:27:17.470Z,"68 km N of Charlotte Amalie, U.S. Virgin Islands",earthquake,2.28,28.19,0.11115184142552,8,reviewed,pr,pr
2026-10-04T08:11:21.000Z,19.093166666667,-64.520166666667,9.46,3.38,md,4,306,0.61,0.15,pr,pr71535683,2026-10-04T08:53:40.080Z,"89 km NNE of Cruz Bay, U.S. Virgin Islands",earthquake,3.07,4.68,0.010966938614496,3,reviewed,pr,pr
2026-10-04T05:55:06.861Z,21.3382,93.7503,58.258,4.6,mb,51,91,5.49,0.67,us,us6000tzh0,2026-10-04T06:23:24.040Z,"121 km WNW of Chauk, Burma (Myanmar)",earthquake,13.32,6.183,0.082,44,reviewed,us,us
2026-10-04T04:31:28.295Z,62.045,-151.258,90.1,2.6,ml,65,42,0.5,0.6,ak,aka2026tqdcgd,2026-10-04T05:14:48.263Z,"9 km NE of Skwentna, Alaska",earthquake,2.7,2.667,0.2,34,automatic,ak,ak
2026-10-04T03:14:44.990Z,17.958166666667,-66.953166666667,7.6,2.51,md,9,202,0.07233,0.14,pr,pr71535643,2026-10-04T04:27:25.960Z,"5 km WSW of Guánica, Puerto Rico",earthquake,0.74,0.28,0.024744904082491,7,reviewed,pr,pr
2026-10-04T03:10:56.550Z,18.816,-64.4615,16.89,3.25,md,15,271,0.3289,0.21,pr,pr71535638,2026-10-04T04:41:22.040Z,"64 km NNE of Cruz Bay, U.S. Virgin Islands",earthquake,0.81,1.19,0.12170715742575,5,reviewed,pr,pr
2026-10-04T03:08:37.010Z,18.843833333333,-64.487,9.64,3.33,md,12,272,0.3608,0.12,pr,pr71535613,2026-10-04T03:45:13.550Z,"65 km NNE of Cruz Bay, U.S. Virgin Islands",earthquake,0.86,1.3,0.21709693148118,10,reviewed,pr,pr
2026-10-04T01:58:07.580Z,62.032,-149.233,18.7,3.5,ml,164,30,0.3,1.2,ak,aka2026tpxzfg,2026-10-04T06:18:14.193Z,"32 km N of Fishhook, Alaska",earthquake,1.4,1.4419,0.2,115,reviewed,ak,ak
2026-10-04T01:47:52.030Z,-58.1594,-23.3522,10,4.9,mb,23,98,8.283,1.11,us,us6000tzg0,2026-10-04T03:12:07.040Z,"South Sandwich Islands region",earthquake,7.13,1.879,0.125,20,reviewed,us,us
2026-10-04T01:38:46.078Z,-6.5916,147.1353,94.221,4.9,mb,36,121,2.795,0.79,us,us6000tzfv,2026-10-04T01:57:32.040Z,"21 km NE of Lae, Papua New Guinea",earthquake,8.5,6.125,0.106,28,reviewed,us,us
2026-10-04T00:48:41.995Z,35.2454,24.8055,10,4.3,mb,37,150,1.948,1.01,us,us6000tzfr,2026-10-04T07:08:53.256Z,"5 km SSW of Zonianá, Greece",earthquake,7.29,1.939,0.09,35,reviewed,us,us
2026-10-03T23:37:34.235Z,4.8247,95.1622,56.274,5.3,mww,92,65,5.485,0.83,us,us6000tzfg,2026-10-04T23:42:47.273Z,"81 km SSW of Banda Aceh, Indonesia",earthquake,9.51,6.36,0.073,18,reviewed,us,us
2026-10-03T23:14:47.143Z,51.3289,157.7674,78.176,4.3,mb,35,162,1.783,0.53,us,us6000tzf8,2026-10-05T00:23:44.040Z,"90 km ESE of Ozernovskiy, Russia",earthquake,10.73,5.641,0.09,36,reviewed,us,us
2026-10-03T23:14:35.782Z,3.5895,122.9296,575.042,4.5,mb,55,77,4.348,0.68,us,us6000tzf7,2026-10-03T23:39:45.040Z,"293 km SSE of Tabiauan, Philippines",earthquake,12.31,7.844,0.076,50,reviewed,us,us
2026-10-03T22:55:55.358Z,-9.5672,118.9078,45.951,5.9,mww,82,63,4.6,1.29,us,us6000tzer,2026-10-05T18:25:35.012Z,"39 km WSW of Tambolaka, Indonesia",earthquake,9.53,6.808,0.062,25,reviewed,us,us
2026-10-03T22:48:05.739Z,54.71,-157.05,5,3.1,ml,30,240,1.4,1,ak,aka2026tprqrm,2026-10-04T01:06:41.040Z,"188 km SE of Perryville, Alaska",earthquake,7.3,,0.1,19,automatic,ak,ak
2026-10-03T22:27:23.407Z,29.053,142.8123,10,4.3,mb,30,142,7.962,0.71,us,us6000tzen,2026-10-04T00:47:22.040Z,"Izu Islands, Japan region",earthquake,5.07,1.937,0.129,17,reviewed,us,us
2026-10-03T21:25:25.062Z,51.7225,-173.6127,35,3.5,ml,24,204,0.601,1,us,us6000tzfa,2026-10-04T00:30:11.040Z,"66 km SE of Atka, Alaska",earthquake,5.92,2.016,0.081,20,reviewed,us,us
2026-10-03T21:15:57.294Z,-38.3006,-75.1712,10,4.1,mb,23,196,2.081,0.95,us,us6000tzee,2026-10-04T23:27:06.040Z,"153 km WSW of Lebu, Chile",earthquake,9.36,1.972,0.303,3,reviewed,us,us
2026-10-03T21:14:38.922Z,65.778,-155.258,5.2,2.7,ml,34,48,0.7,1.3,ak,aka2026tponmw,2026-10-03T21:54:38.040Z,"53 km E of Huslia, Alaska",earthquake,4.2,4.2889,0.2,22,automatic,ak,ak
2026-10-03T21:06:45.650Z,55.976,-158.022,49.8,2.5,ml,26,223,0.4,0.6,ak,aka2026tpogqq,2026-10-03T21:08:44.925Z,"42 km SSE of Chignik, Alaska",earthquake,11,8.9105,0.1,11,automatic,ak,ak
2026-10-03T20:46:39.059Z,31.655,-104.283,7.843,2.5,ml,38,125,0,0.1,tx,tx2026tmkahp,2026-10-05T16:57:28.091Z,"58 km S of Whites City, New Mexico",earthquake,0.73149649445712,0.74690688990193,0.2,25,reviewed,tx,tx
2026-10-03T20:33:45.577Z,14.1052,-93.3523,10,4.5,mb,50,165,2.462,0.9,us,us6000tze6,2026-10-03T20:48:12.040Z,"121 km SW of Puerto Madero, Mexico",earthquake,9.29,1.941,0.048,125,reviewed,us,us
2026-10-03T20:00:44.104Z,51.5457,159.8296,10,5.1,mb,99,135,2.039,1.07,us,us6000tze2,2026-10-03T20:22:14.040Z,"182 km SSE of Vilyuchinsk, Russia",earthquake,10.36,1.892,0.044,167,reviewed,us,us
2026-10-03T19:30:56.985Z,51.4038,159.9887,10,4.4,mb,30,183,2.212,1,us,us6000tzdz,2026-10-03T20:10:44.040Z,"201 km SSE of Vilyuchinsk, Russia",earthquake,11.74,1.951,0.105,26,reviewed,us,us
2026-10-03T18:12:46.916Z,20.6061,93.3991,35,4.9,mb,86,59,1.539,0.89,us,us6000tzdp,2026-10-03T18:34:52.040Z,"72 km NE of Sittwe, Burma (Myanmar)",earthquake,8.09,1.894,0.064,76,reviewed,us,us
2026-10-03T17:24:12.545Z,-6.0496,147.1678,81.86,4.6,mb,34,154,3.333,0.78,us,us6000tzdj,2026-10-03T17:52:33.040Z,"76 km NNE of Lae, Papua New Guinea",earthquake,10.52,7.88,0.111,24,reviewed,us,us
2026-10-03T17:20:28.442Z,57.876,-154.672,68.4,2.8,ml,79,66,0.3,0.7,ak,aka2026tpgsir,2026-10-03T17:43:33.040Z,"36 km NNW of Karluk, Alaska",earthquake,3.4,2.2795,0.2,47,automatic,ak,ak
2026-10-03T16:06:51.093Z,51.6964,-175.2905,50.31,4.1,mb,109,143,0.621,0.67,us,us6000tzda,2026-10-03T23:21:42.493Z,"93 km SW of Atka, Alaska",earthquake,6.34,7.635,0.057,83,reviewed,us,us
2026-10-03T16:03:54.350Z,18.337166666667,-64.165166666667,81.22,3.26,md,8,314,0.2718,0.35,pr,pr71535538,2026-10-03T16:23:39.970Z,"66 km E of Cruz Bay, U.S. Virgin Islands",earthquake,9.01,2.48,0.28854376846907,7,reviewed,pr,pr
2026-10-03T15:25:41.590Z,36.904666666667,-110.74316666667,6.01,2.69,ml,10,201,1.031,0.18,uu,uu80158441,2026-10-05T13:24:43.130Z,"13 km SSE of Navajo Mountain, Utah",earthquake,1.05,31.61,0.17508457648518,11,reviewed,uu,uu
2026-10-03T15:03:20.910Z,19.3481,-68.9783,41,3.71,md,10,250,0.2178,0.5,pr,pr2026276001,2026-10-03T17:16:35.040Z,"40 km ENE of Samaná, Dominican Republic",earthquake,6.59,18.11,0.17,6,reviewed,pr,pr
2026-10-03T14:49:40.402Z,-6.4633,130.1704,140.138,4.4,mb,18,99,6.41,1.3,us,us6000tzcv,2026-10-03T16:56:44.040Z,"Banda Sea",earthquake,13.63,9.242,0.134,16,reviewed,us,us
2026-10-03T13:58:13.534Z,38.9375,-115.3439,4,3.25,mwr,7,205,0.413,0.1299,nn,nn00925220,2026-10-06T14:58:55.101Z,"24 km W of Preston, Nevada",earthquake,,2.664,,,reviewed,nn,nn
2026-10-03T13:51:11.299Z,-27.4948,-179.4827,453.487,4.5,mb,29,112,2.217,0.82,us,us6000tzcm,2026-10-03T14:21:50.040Z,"Kermadec Islands region",earthquake,14.61,12.19,0.103,28,reviewed,us,us
2026-10-03T13:33:34.930Z,18.455166666667,-67.386,7.43,2.9,md,17,298,0.1742,0.43,pr,pr71535513,2026-10-03T14:02:39.960Z,"19 km NW of Rincón, Puerto Rico",earthquake,2.59,2.82,0.03117623670273,9,reviewed,pr,pr
2026-10-03T11:05:45.564Z,-5.6287,148.3446,232.07,4.4,mb,26,109,3.693,0.58,us,us6000tzc5,2026-10-03T11:21:47.040Z,"116 km NNE of Finschhafen, Papua New Guinea",earthquake,10.33,9.081,0.112,23,reviewed,us,us
2026-10-03T10:35:38.360Z,18.4461,-67.3978,6,3.85,md,25,170,0.2874,0.29,pr,pr2026276000,2026-10-03T19:08:58.792Z,"19 km NW of Rincón, Puerto Rico",earthquake,0.75,1.02,0.09,18,reviewed,pr,pr
2026-10-03T10:04:47.331Z,56.299,-156.29,63.9,3.2,ml,72,111,0.6,0.7,ak,aka2026toserr,2026-10-03T12:19:18.040Z,"130 km E of Chignik, Alaska",earthquake,4.6,5.6645,0.2,53,automatic,ak,ak
2026-10-03T10:02:57.391Z,51.9144,160.6848,10,4.2,mb,19,166,2.181,0.98,us,us6000tzbz,2026-10-03T10:20:15.040Z,"189 km SE of Petropavlovsk-Kamchatsky, Russia",earthquake,12.8,1.939,0.167,10,reviewed,us,us
2026-10-03T09:37:30.841Z,11.5447,-87.2,37.535,4.4,mb,28,190,1.958,1.12,us,us6000tzbr,2026-10-03T12:15:19.040Z,"79 km WSW of Masachapa, Nicaragua",earthquake,9.85,11.426,0.056,92,reviewed,us,us
2026-10-03T09:18:44.600Z,19.019166666667,-65.189666666667,21.19,2.99,md,14,239,0.6991,0.4,pr,pr71535478,2026-10-03T10:21:04.340Z,"79 km NNW of Charlotte Amalie, U.S. Virgin Islands",earthquake,1.71,29.8,0.23338699610821,9,reviewed,pr,pr
2026-10-03T07:12:22.596Z,56.0389,-149.2204,10,3,ml,24,242,2.541,0.49,us,us6000tzbe,2026-10-03T07:29:27.040Z,"256 km SE of Chiniak, Alaska",earthquake,9.34,2.02,0.059,38,reviewed,us,us
2026-10-03T06:58:44.070Z,38.891166687012,-120.08266448975,7.0500001907349,2.91,md,23,48,0.0837,0.08,nc,nc75443306,2026-10-05T21:04:07.300Z,"10 km WSW of South Lake Tahoe, CA",earthquake,0.24,1.47000003,0.23,41,automatic,nc,nc
2026-10-03T06:05:21.157Z,29.221,130.6125,37.466,4.8,mb,70,101,2.285,0.82,us,us6000tzb5,2026-10-03T06:25:52.040Z,"112 km S of Koshima, Japan",earthquake,6.53,7.001,0.06,86,reviewed,us,us
2026-10-03T05:38:48.420Z,18.359333333333,-66.3335,110.82,3.41,md,21,168,0.04907,0.29,pr,pr71535448,2026-10-03T06:25:32.840Z,"2 km NW of Corozal, Puerto Rico",earthquake,1.77,0.92,0.041959721335143,16,reviewed,pr,pr
2026-10-03T05:29:35.339Z,56.759,-156.407,5,2.5,ml,31,185,0.9,0.6,ak,aka2026tojacd,2026-10-03T05:31:18.883Z,"103 km SE of Ugashik, Alaska",earthquake,7.4,,0.1,19,automatic,ak,ak
2026-10-03T04:13:31.661Z,19.3072,76.922,16.033,4.2,mb,26,119,12.513,0.82,us,us6000tzax,2026-10-04T18:12:52.019Z,"16 km ENE of Parbhani, India",earthquake,12.47,5.268,0.136,15,reviewed,us,us
2026-10-03T02:59:06.296Z,52.0836,160.4217,10,5,mb,64,135,1.952,0.88,us,us6000tzal,2026-10-03T03:14:19.040Z,"163 km SE of Petropavlovsk-Kamchatsky, Russia",earthquake,9.62,1.892,0.052,119,reviewed,us,us
2026-10-03T01:03:12.099Z,51.5689,-176.6858,49.148,4.1,mb,33,182,0.314,0.82,us,us6000tza4,2026-10-03T03:26:14.179Z,"34 km S of Adak, Alaska",earthquake,5.47,3.171,0.079,43,reviewed,us,us
2026-10-03T00:21:01.071Z,53.1493,158.1531,98.544,4.4,mb,25,143,0.277,0.9,us,us6000tz9z,2026-10-03T02:08:05.040Z,"15 km WSW of Yelizovo, Russia",earthquake,12.11,5.081,0.13,17,reviewed,us,us
2026-10-03T00:11:38.239Z,31.2953,130.6093,126.853,4.5,mb,58,122,0.252,0.98,us,us6000tz9w,2026-10-03T06:53:18.579Z,"7 km NNW of Ibusuki, Japan",earthquake,8.49,4.423,0.06,81,reviewed,us,us
2026-10-03T00:01:38.784Z,51.9749,159.2731,38.69,4.8,mb,59,122,13.625,0.84,us,us6000tz9v,2026-10-03T01:19:10.040Z,"121 km SSE of Vilyuchinsk, Russia",earthquake,12.3,7.59,0.064,76,reviewed,us,us
2026-10-02T23:59:26.824Z,51.5846,159.7182,10,4.6,mb,62,167,1.965,0.78,us,us6000tz9t,2026-10-03T01:00:34.040Z,"174 km SSE of Vilyuchinsk, Russia",earthquake,9.81,1.863,0.069,64,reviewed,us,us
2026-10-02T23:54:13.503Z,51.7161,159.4679,35,4.7,mb,61,160,1.766,0.81,us,us6000tz9s,2026-10-03T00:48:46.040Z,"153 km SSE of Vilyuchinsk, Russia",earthquake,9.5,1.938,0.072,59,reviewed,us,us
2026-10-02T22:38:53.650Z,-49.3851,-116.9235,10,4.6,mb,20,168,33.419,0.58,us,us6000tzit,2026-10-04T12:16:51.040Z,"southern East Pacific Rise",earthquake,15.6,1.936,0.129,18,reviewed,us,us
2026-10-02T21:14:06.969Z,51.9667,159.3701,35,4.6,mb,57,162,18.872,0.81,us,us6000tz8s,2026-10-05T00:27:00.040Z,"125 km SSE of Vilyuchinsk, Russia",earthquake,13.68,1.955,0.078,50,reviewed,us,us
2026-10-02T21:05:06.532Z,52.7302,157.5867,93.182,4.4,mb,29,138,0.385,0.9,us,us6000tz8q,2026-10-02T21:46:46.040Z,"52 km WSW of Paratunka, Russia",earthquake,14.06,6.375,0.117,22,reviewed,us,us
2026-10-02T20:54:15.391Z,51.6886,159.8843,30.93,5,mb,105,88,1.953,1.31,us,us6000tz8l,2026-10-02T21:17:30.040Z,"171 km SE of Vilyuchinsk, Russia",earthquake,9.25,5.228,0.052,118,reviewed,us,us
2026-10-02T20:38:21.109Z,52.4691,158.2168,89.108,4.7,mb,59,141,0.614,0.58,us,us6000tzd5,2026-10-03T16:02:07.040Z,"52 km SSW of Vilyuchinsk, Russia",earthquake,21.14,11.062,0.075,54,reviewed,us,us
2026-10-02T20:37:48.318Z,52.5605,158.0496,74.647,4.6,mb,64,95,0.589,0.64,us,us6000tz8g,2026-10-03T15:59:16.040Z,"46 km SSW of Paratunka, Russia",earthquake,24.3,15.298,0.071,59,reviewed,us,us
2026-10-02T20:34:56.862Z,40.0341,142.8232,49.952,4.5,mb,66,80,1.54,0.82,us,us6000tz8f,2026-10-03T14:05:00.040Z,"86 km E of Noda, Japan",earthquake,6.97,3.993,0.07,60,reviewed,us,us
2026-10-02T20:27:28.083Z,51.5289,159.612,10,5,mb,44,156,1.609,0.74,us,us6000tz8c,2026-10-06T13:50:21.040Z,"176 km SSE of Vilyuchinsk, Russia",earthquake,12.06,1.934,0.091,42,reviewed,us,us
2026-10-02T20:26:02.878Z,-4.565,152.8363,86.736,4.6,mb,57,94,0.767,0.93,us,us6000tz8b,2026-10-02T21:31:50.040Z,"67 km ESE of Kokopo, Papua New Guinea",earthquake,9.78,6.466,0.08,50,reviewed,us,us
2026-10-02T20:25:29.894Z,51.862,159.3971,38.829,4.9,mb,159,125,1.624,0.59,us,us6000tz8a,2026-10-02T21:00:21.040Z,"136 km SSE of Vilyuchinsk, Russia",earthquake,20.52,13.997,0.04,197,reviewed,us,us
2026-10-02T19:43:20.760Z,-30.3739,-179.9859,431.395,4.4,mb,65,51,2.112,0.65,us,us6000tz7t,2026-10-02T21:11:17.040Z,"Kermadec Islands region",earthquake,14.02,7.189,0.069,61,reviewed,us,us
2026-10-02T18:25:20.940Z,51.5775,159.8307,10,5,mb,90,127,2.015,0.71,us,us6000tz7b,2026-10-02T18:46:26.040Z,"179 km SSE of Vilyuchinsk, Russia",earthquake,8.9,1.873,0.05,128,reviewed,us,us
2026-10-02T17:55:58.410Z,19.4155,-155.279,0.3,3.49,ml,49,36,0.00527,0.11,hv,hv75048472,2026-10-03T18:00:33.487Z,"5 km WSW of Volcano, Hawaii",earthquake,0.1,0.08,0.37370156387837,36,reviewed,hv,hv
2026-10-02T17:28:18.887Z,-32.773,-71.7075,32.14,4.3,mwr,33,146,0.254,0.74,us,us6000tz75,2026-10-03T00:00:21.298Z,"30 km NNW of Valparaíso, Chile",earthquake,3.91,2.781,0.05,38,reviewed,us,us
2026-10-02T17:25:25.792Z,28.836,-98.938,7.2808,2.6,ml,27,88,0.2,0.3,tx,tx2026tkhqaz,2026-10-05T21:31:22.072Z,"16 km ESE of Pearsall, Texas",earthquake,1.6932692337551,1.2389862814887,0.1,23,reviewed,tx,tx
2026-10-02T16:56:33.706Z,-38.3513,145.7778,9.973,3.2,ml,6,135,0.811,0.28,us,us6000tzaj,2026-10-04T14:29:37.524Z,"9 km ESE of Nyora, Australia",earthquake,6.86,8.159,0.148,6,reviewed,us,us
2026-10-02T16:55:33.449Z,23.1453,94.5469,103.866,4.5,mb,42,69,1.96,0.74,us,us6000tz6z,2026-10-03T18:39:38.040Z,"56 km SSE of Mawlaik, Burma (Myanmar)",earthquake,11.05,8.192,0.101,31,reviewed,us,us
2026-10-02T16:34:41.010Z,51.6873,159.7398,29.477,5.8,mww,119,44,1.894,0.69,us,us6000tz62,2026-10-03T16:40:09.993Z,"165 km SSE of Vilyuchinsk, Russia",earthquake,9.3,4.321,0.046,45,reviewed,us,us
2026-10-02T16:31:25.762Z,10.3698,-62.4223,9.763,5,mb,92,53,0.444,1.37,us,us6000tz5h,2026-10-03T10:34:54.988Z,"26 km SSW of Güiria, Venezuela",earthquake,19.27,8.013,0.037,234,reviewed,us,us
2026-10-02T16:02:10.426Z,53.0163,158.9242,99.084,4.6,mb,65,101,0.166,0.72,us,us6000tz20,2026-10-03T18:28:01.040Z,"20 km ESE of Petropavlovsk-Kamchatsky, Russia",earthquake,10.12,5.736,0.042,167,reviewed,us,us
2026-10-02T16:01:39.581Z,-38.3802,145.8401,10,4.7,mb,27,62,0.853,0.69,us,us6000tz1y,2026-10-02T19:59:12.074Z,"5 km NNE of Korumburra, Australia",earthquake,5.51,1.891,0.123,20,reviewed,us,us
2026-10-02T15:26:42.710Z,38.1524,21.8509,10,4.5,mb,41,87,0.947,0.99,us,us6000tz1r,2026-10-03T18:09:40.040Z,"7 km NE of Chalandrítsa, Greece",earthquake,5.52,1.897,0.093,34,reviewed,us,us
2026-10-02T15:10:19.729Z,14.571,119.4593,10,4.8,mb,33,120,8.345,0.75,us,us6000tz1q,2026-10-02T15:35:35.040Z,"78 km WSW of San Nicolas, Philippines",earthquake,11.95,1.917,0.124,22,reviewed,us,us
2026-10-02T14:31:03.936Z,63.275,-150.553,135,2.5,ml,88,27,0.7,0.6,ak,aka2026tnfazg,2026-10-03T17:48:45.040Z,"65 km ESE of Denali National Park, Alaska",earthquake,2.4,2.352,0.2,61,automatic,ak,ak
2026-10-02T13:57:15.838Z,-39.1598,174.2598,10,5,mb,23,107,0.389,1.07,us,us6000tz1c,2026-10-04T20:25:05.936Z,"6 km E of Inglewood, New Zealand",earthquake,2.87,1.9,0.141,16,reviewed,us,us
2026-10-02T13:29:01.410Z,18.954,-67.9175,31.57,3.28,md,16,178,0.6197,0.56,pr,pr71535348,2026-10-03T17:40:26.040Z,"65 km NE of Punta Cana, Dominican Republic",earthquake,3.68,19.01,0.10091086628972,9,reviewed,pr,pr
2026-10-02T12:07:39.250Z,18.8971,-67.8431,5,2.96,ml,10,184,0.6608,0.44,pr,pr2026275000,2026-10-02T12:58:14.718Z,"68 km ENE of Punta Cana, Dominican Republic",earthquake,1.7,1.68,0,0,reviewed,pr,pr
2026-10-02T12:06:12.440Z,19,-67.947166666667,7.94,3.13,md,14,212,0.6342,0.44,pr,pr71535328,2026-10-02T12:32:40.410Z,"66 km NE of Punta Cana, Dominican Republic",earthquake,2.33,1.85,0.1265993433508,9,reviewed,pr,pr
2026-10-02T11:35:16.003Z,14.4208,-90.9832,115.214,4.2,mb,42,165,2.106,0.6,us,us6000tz0z,2026-10-02T11:52:10.040Z,"9 km SSW of Yepocapa, Guatemala",earthquake,10.22,11.012,0.072,54,reviewed,us,us
2026-10-02T11:14:14.383Z,-6.6368,155.0136,38.25,5,mb,70,95,3.735,0.77,us,us6000tz0x,2026-10-02T11:33:54.040Z,"63 km SW of Panguna, Papua New Guinea",earthquake,10.37,5.896,0.056,102,reviewed,us,us
2026-10-02T10:00:11.180Z,38.8935,-120.08066666667,10.9,3.27,mw,39,39,0.06396,0.11,nc,nc75442791,2026-10-05T01:51:52.673Z,"9 km WSW of South Lake Tahoe, CA",earthquake,0.17,0.43,,5,reviewed,nc,nc
2026-10-02T09:52:57.586Z,56.4,-156.499,18.2,2.6,ml,45,204,1,0.5,ak,aka2026tmvtvv,2026-10-02T11:18:57.040Z,"118 km E of Chignik, Alaska",earthquake,6.2,4.8045,0.3,32,automatic,ak,ak
2026-10-02T09:43:16.734Z,31.635,-104.215,5.2667,2.7,ml,58,66,0.1,0.2,tx,tx2026tjshuj,2026-10-02T17:11:08.138Z,"53 km NW of Toyah, Texas",earthquake,0.39645692038583,0.49202192798265,0.1,32,reviewed,tx,tx
2026-10-02T09:13:41.051Z,38.9073,-115.2897,3.4406,2.97,ml,7,196,0.381,0.1629,nn,nn00925155,2026-10-02T18:58:51.126Z,"19 km W of Preston, Nevada",earthquake,,3.5193,0,1,reviewed,nn,nn
2026-10-02T06:53:35.007Z,18.7561,-104.3753,23.972,4.8,mww,57,191,3.104,1.32,us,us6000tyzx,2026-10-02T07:11:55.040Z,"35 km SSW of El Colomo, Mexico",earthquake,8.61,4.908,0.052,36,reviewed,us,us
2026-10-02T06:48:06.954Z,-7.9511,121.0985,10,4.5,mb,16,129,3.21,1.18,us,us6000tyzy,2026-10-02T07:24:34.040Z,"101 km NE of Ruteng, Indonesia",earthquake,17.12,1.919,0.14,15,reviewed,us,us
2026-10-02T06:02:57.320Z,51.328,-175.993,17.3,4,ml,36,222,0.6,0.8,ak,aka2026tmocjx,2026-10-02T12:46:47.242Z,"75 km SE of Adak, Alaska",earthquake,4.7,3.0644,0.2,27,reviewed,ak,ak
2026-10-02T05:38:55.084Z,2.5781,126.4944,10,4.8,mb,50,103,4.554,0.96,us,us6000tyzt,2026-10-02T06:12:24.040Z,"192 km WNW of Tobelo, Indonesia",earthquake,12.13,1.879,0.065,74,reviewed,us,us
2026-10-02T04:44:53.423Z,-8.9326,158.0215,10,5.1,mb,52,53,10.734,0.42,us,us6000tyzl,2026-10-02T04:59:37.040Z,"159 km SE of Gizo, Solomon Islands",earthquake,11.39,1.877,0.092,38,reviewed,us,us
2026-10-02T04:27:05.754Z,-24.7752,178.6446,557.245,5,mb,61,87,5.399,0.82,us,us6000tyzi,2026-10-02T04:42:18.040Z,"south of the Fiji Islands",earthquake,12.31,8.374,0.084,49,reviewed,us,us
2026-10-02T04:10:58.487Z,-7.1852,155.6075,35,4.9,mb,50,134,4.537,0.64,us,us6000tyzg,2026-10-02T04:49:51.040Z,"97 km S of Panguna, Papua New Guinea",earthquake,11.45,1.935,0.074,58,reviewed,us,us
2026-10-02T02:02:34.584Z,-11.1735,165.794,10,4.7,mb,33,134,27.494,0.58,us,us6000tzim,2026-10-04T11:50:17.040Z,"49 km S of Lata, Solomon Islands",earthquake,12.24,1.872,0.104,28,reviewed,us,us
2026-10-01T21:01:41.707Z,36.0904,139.7487,65.032,4.5,mb,36,134,1.323,0.87,us,us6000tyxk,2026-10-03T15:41:01.152Z,"2 km NE of Satte, Japan",earthquake,3.5,7.627,0.118,21,reviewed,us,us
2026-10-01T20:00:34.322Z,-11.6728,167.0918,10,5.1,mb,53,101,9.229,0.71,us,us6000tyx0,2026-10-01T20:20:37.040Z,"176 km SE of Lata, Solomon Islands",earthquake,11.23,1.871,0.055,109,reviewed,us,us
2026-10-01T19:38:01.795Z,-11.7706,166.961,10,5.1,mww,86,112,9.1,0.68,us,us6000tywu,2026-10-01T20:03:02.040Z,"171 km SE of Lata, Solomon Islands",earthquake,10.83,1.105,0.089,12,reviewed,us,us
2026-10-01T19:28:58.587Z,59.977,-152.559,100.3,2.6,ml,108,72,0.1,0.6,ak,aka2026tlsylt,2026-10-01T20:36:55.040Z,"46 km W of Happy Valley, Alaska",earthquake,2.7,1.4236,0.2,73,automatic,ak,ak
2026-10-01T18:54:52.633Z,-21.2549,-177.6908,433.822,4.3,mb,36,175,5.32,1.13,us,us6000tywh,2026-10-01T20:30:42.040Z,"248 km W of Houma, Tonga",earthquake,14.75,9.527,0.102,27,reviewed,us,us
2026-10-01T18:47:10.018Z,31.697,-104.549,4.7284,3.1,ml,41,68,0,0.2,tx,tx2026tiooka,2026-10-01T19:19:23.431Z,"55 km SSW of Whites City, New Mexico",earthquake,1.8298334209852,0.70084809403257,0.2,31,reviewed,tx,tx
2026-10-01T17:51:37.050Z,36.598167419434,-121.21733093262,8.8900003433228,2.47,md,63,29,0.03685,0.14,nc,nc75442466,2026-10-01T18:27:21.123Z,"10 km NW of Pinnacles, CA",earthquake,0.2,0.540000021,0.17,63,automatic,nc,nc
2026-10-01T17:37:11.734Z,-7.9896,120.9009,10,4.6,mb,35,115,3.169,0.9,us,us6000tyw9,2026-10-01T18:15:30.040Z,"83 km NE of Ruteng, Indonesia",earthquake,6.89,1.888,0.107,26,reviewed,us,us
2026-10-01T17:17:20.097Z,39.8778,143.1734,35,5.1,mww,78,123,1.851,0.9,us,us6000tyw6,2026-10-01T17:49:14.202Z,"108 km ENE of Miyako, Japan",earthquake,8.13,1.906,0.089,12,reviewed,us,us
2026-10-01T17:09:38.469Z,-1.9255,138.9179,10,4.3,mb,31,95,1.877,0.44,us,us6000tyw4,2026-10-01T18:35:51.040Z,"204 km WNW of Abepura, Indonesia",earthquake,8.03,1.888,0.108,24,reviewed,us,us
2026-10-01T16:02:08.161Z,36.4688,71.5499,105.107,4.2,mb,20,113,1.986,0.78,us,us6000tyvs,2026-10-03T13:55:20.040Z,"23 km S of Ashkāsham, Afghanistan",earthquake,8.98,15.865,0.175,9,reviewed,us,us
2026-10-01T15:13:16.780Z,58.977,-150.994,54.5,3,ml,148,119,0.8,0.7,ak,aka2026tlkkpe,2026-10-02T21:15:56.040Z,"63 km SE of Port Graham, Alaska",earthquake,2.5,5.1426,0.1,101,automatic,ak,ak
2026-10-01T14:46:19.877Z,53.7226,-163.7238,35,4.8,mb,68,166,0.97,0.83,us,us6000tyuf,2026-10-01T21:08:21.440Z,"127 km S of False Pass, Alaska",earthquake,5.87,1.931,0.058,93,reviewed,us,us
2026-10-01T14:19:59.078Z,-7.0805,120.9136,10,5,mb,54,95,2.356,1.02,us,us6000tyua,2026-10-01T14:38:35.040Z,"176 km NNE of Ruteng, Indonesia",earthquake,8.24,1.792,0.088,42,reviewed,us,us
2026-10-01T13:36:26.180Z,19.177000045776,-155.50483703613,29.700000762939,2.46,md,51,101,0.04574,0.150000006,hv,hv75047187,2026-10-01T19:12:59.860Z,"3 km SW of Pāhala, Hawaii",earthquake,0.49,0.720000029,0.2052940586501,12,automatic,hv,hv
2026-10-01T13:31:15.432Z,-2.0857,138.9249,10,4.4,mb,28,81,1.827,0.35,us,us6000tyu2,2026-10-02T20:56:05.040Z,"198 km WNW of Abepura, Indonesia",earthquake,10.34,1.893,0.115,25,reviewed,us,us
2026-10-01T13:03:03.246Z,38.3117,23.3018,10,4.2,mb,25,93,1.036,0.92,us,us6000tytw,2026-10-02T20:32:06.040Z,"2 km SW of Thívai, Greece",earthquake,3.52,1.923,0.177,9,reviewed,us,us
2026-10-01T13:00:35.477Z,44.6606,149.0324,57.373,4.3,mb,33,122,4.647,0.79,us,us6000tytv,2026-10-02T20:22:38.040Z,"110 km SE of Kuril’sk, Russia",earthquake,10.44,7.506,0.129,18,reviewed,us,us
2026-10-01T12:29:59.518Z,58.221,-156.443,0,2.9,ml,73,66,0.3,0.9,ak,aka2026tlezlc,2026-10-05T07:12:31.040Z,"53 km SSE of King Salmon, Alaska",earthquake,2.5,1.7718,0.2,52,automatic,ak,ak
2026-10-01T12:27:11.864Z,35.7025,140.5507,41.649,5.3,mww,97,119,2.072,0.76,us,us6000tytg,2026-10-02T00:58:58.566Z,"0 km NNE of Yōkaichiba, Japan",earthquake,9,6.536,0.068,21,reviewed,us,us
2026-10-01T12:26:37.780Z,41.5615,-109.87033333333,-3.19,2.84,ml,22,114,0.1112,0.16,uu,uu80158331,2026-10-01T13:17:40.480Z,"2 km NNW of Little America, Wyoming",earthquake,0.46,0.75,0.19741085023422,16,reviewed,uu,uu
2026-10-01T12:14:15.424Z,63.244,-150.575,131.3,2.9,ml,123,29,0.7,0.9,ak,aka2026tlelut,2026-10-05T08:13:33.040Z,"66 km ESE of Denali National Park, Alaska",earthquake,2.3,2.4872,0.2,87,automatic,ak,ak
2026-10-01T10:51:42.236Z,41.6704,46.7292,10,4.5,mb,69,45,2.141,0.48,us,us6000tysk,2026-10-05T06:19:57.040Z,"8 km ENE of Zaqatala, Azerbaijan",earthquake,6.89,1.879,0.074,54,reviewed,us,us
2026-10-01T10:18:48.924Z,61.836,-151.996,115.6,3.2,ml,184,24,0.3,0.9,ak,aka2026tlapkt,2026-10-05T11:05:18.040Z,"35 km WSW of Skwentna, Alaska",earthquake,1.9,2.0198,0.2,120,automatic,ak,ak
2026-10-01T10:03:15.128Z,31.0444,-41.428,10,4.7,mb,62,94,21.239,0.46,us,us6000tysi,2026-10-01T11:12:04.040Z,"northern Mid-Atlantic Ridge",earthquake,13.03,1.908,0.062,78,reviewed,us,us
2026-10-01T09:55:50.020Z,19.420833587646,-155.26832580566,0.40000000596046,2.55,ml,44,48,0.006241,0.180000007,hv,hv75046927,2026-10-01T10:10:00.250Z,"4 km SW of Volcano, Hawaii",earthquake,0.17,0.109999999,0.36,21,automatic,hv,hv
2026-10-01T09:23:37.666Z,62.728,-149.372,66.1,2.6,ml,94,20,0.5,0.9,ak,aka2026tkytvy,2026-10-05T07:52:51.040Z,"48 km NE of Chase, Alaska",earthquake,2,3.5998,0.1,60,automatic,ak,ak
2026-10-01T08:45:58.790Z,18.6055,-66.653833333333,14.37,2.78,md,27,209,0.2744,0.18,pr,pr71535278,2026-10-01T09:22:44.890Z,"16 km NNE of Arecibo, Puerto Rico",earthquake,0.45,0.61,0.047967317101011,6,reviewed,pr,pr
2026-10-01T08:45:44.312Z,-19.141,-172.7038,10,4.9,mb,17,108,2.626,0.73,us,us6000tyr4,2026-10-01T09:12:29.040Z,"145 km ESE of Neiafu, Tonga",earthquake,11.42,1.614,0.145,15,reviewed,us,us
2026-10-01T08:17:59.307Z,41.4538,73.1419,10,4.5,mb,28,85,0.179,0.92,us,us6000tyqy,2026-10-01T09:57:41.040Z,"49 km SSE of Toktogul, Kyrgyzstan",earthquake,1.99,1.895,0.15,13,reviewed,us,us
2026-10-01T08:14:59.626Z,14.7356,-92.6959,71.276,4.1,mb,26,180,1.629,0.64,us,us6000tyqw,2026-10-01T08:31:56.040Z,"28 km SW of Buenos Aires, Mexico",earthquake,10.37,10.282,0.093,31,reviewed,us,us
2026-10-01T07:52:05.140Z,19.415666666667,-155.277,0.32,3.41,ml,45,36,0.006986,0.12,hv,hv75046747,2026-10-02T07:56:22.591Z,"5 km WSW of Volcano, Hawaii",earthquake,0.1,0.09,0.31856823356974,34,reviewed,hv,hv
2026-10-01T07:40:06.605Z,31.2357,-41.5851,10,4.6,mb,38,159,21.007,0.3,us,us6000tyqx,2026-10-01T08:43:17.040Z,"northern Mid-Atlantic Ridge",earthquake,16.05,1.959,0.094,34,reviewed,us,us
2026-10-01T07:32:11.030Z,19.408500671387,-155.27749633789,0.090000003576279,2.59,ml,39,30,0.01104,0.270000011,hv,hv75046727,2026-10-01T08:04:57.899Z,"5 km SW of Volcano, Hawaii",earthquake,0.21,0.200000003,0.45,30,automatic,hv,hv
2026-10-01T06:47:30.450Z,19.412666666667,-155.28033333333,0.35,2.55,ml,17,57,0.006108,0.09,hv,hv75046687,2026-10-01T07:56:54.440Z,"5 km SW of Volcano, Hawaii",earthquake,0.12,0.19,0.29775688896669,16,reviewed,hv,hv
2026-10-01T05:34:10.634Z,6.1116,123.8599,10,5,mb,59,55,1.955,0.72,us,us6000tyq7,2026-10-01T09:25:30.805Z,"38 km WSW of Palimbang, Philippines",earthquake,9.36,1.894,0.076,55,reviewed,us,us
2026-10-01T05:25:44.260Z,19.1245,-64.3456,12,3.5,md,14,293,0.6366,0.3,pr,pr2026274000,2026-10-01T07:48:23.690Z,"99 km NNE of Cruz Bay, U.S. Virgin Islands",earthquake,6.96,9.79,0.15,12,reviewed,pr,pr
2026-10-01T04:41:16.232Z,-22.8694,-177.3105,246.958,4.2,mb,15,121,6.702,1.11,us,us6000typy,2026-10-01T05:41:52.040Z,"280 km SW of Houma, Tonga",earthquake,12.88,9.125,0.147,13,reviewed,us,us
2026-10-01T03:29:08.123Z,59.514,-152.202,77.9,3.4,ml,196,86,0.5,1,ak,aka2026tkmymd,2026-10-01T04:25:06.040Z,"23 km NW of Nanwalek, Alaska",earthquake,1.9,1.6042,0.2,129,automatic,ak,ak
2026-10-01T03:22:33.462Z,59.94,-152.443,93.5,3,ml,144,55,0.3,0.9,ak,aka2026tkmsuy,2026-10-01T04:07:48.040Z,"38 km WNW of Anchor Point, Alaska",earthquake,2.3,1.3595,0.2,97,automatic,ak,ak
2026-10-01T02:41:42.980Z,17.95,-66.9055,11.76,2.49,md,20,191,0.02229,0.27,pr,pr71535248,2026-10-01T03:25:52.270Z,"2 km S of Guánica, Puerto Rico",earthquake,0.75,0.42,0.12269250343051,6,reviewed,pr,pr
2026-10-01T02:40:40.210Z,-20.9019,-179.2476,637.906,4.4,mb,38,136,4.045,0.73,us,us6000typ7,2026-10-01T02:56:29.040Z,"Fiji region",earthquake,16.58,9.631,0.078,48,reviewed,us,us
2026-10-01T02:09:19.068Z,-6.154,130.346,94.793,4.5,mb,33,94,6.692,0.79,us,us6000typ5,2026-10-01T03:56:18.040Z,"272 km WSW of Tual, Indonesia",earthquake,13.72,7.427,0.102,28,reviewed,us,us
2026-10-01T01:31:23.443Z,-0.863,123.1839,116.392,4.6,mb,30,98,5.362,0.76,us,us6000typ0,2026-10-01T01:50:10.040Z,"45 km ENE of Luwuk, Indonesia",earthquake,9.79,7.152,0.105,27,reviewed,us,us
2026-10-01T01:29:20.694Z,36.0991,68.7818,49.602,5.2,mb,98,33,1.607,1.08,us,us6000tyny,2026-10-01T07:41:06.409Z,"7 km ESE of Baghlān, Afghanistan",earthquake,6.13,6.552,0.06,92,reviewed,us,us
2026-10-01T00:28:22.644Z,19.2756,-43.0353,10,4.9,mb,45,87,16.911,0.71,us,us6000tynp,2026-10-01T00:45:24.040Z,"northern Mid-Atlantic Ridge",earthquake,13.28,1.892,0.045,157,reviewed,us,us
2026-10-01T00:01:59.630Z,33.502333333333,-116.46333333333,5.13,3.08,ml,115,21,0.1163,0.17,ci,ci41341279,2026-10-05T20:54:08.375Z,"20 km ESE of Anza, CA",earthquake,0.12,0.72,0.15217274579994,286,reviewed,ci,ci
2026-09-30T21:55:26.169Z,9.7526,-86.5063,8,5.6,mww,110,63,1.097,0.76,us,us6000tymj,2026-10-02T23:57:16.749Z,"94 km SW of Tamarindo, Costa Rica",earthquake,6.85,1.798,0.06,27,reviewed,us,us
2026-09-30T21:16:53.322Z,35.6288,140.8791,35,4.4,mb,28,137,2.347,0.84,us,us6000tyn1,2026-10-01T01:15:19.040Z,"12 km SSE of Hasaki, Japan",earthquake,9.87,1.954,0.131,17,reviewed,us,us
2026-09-30T21:11:57.694Z,25.2167,128.5077,10,4.6,mb,40,96,2.526,0.55,us,us6000tym9,2026-09-30T21:53:25.040Z,"131 km SE of Itoman, Japan",earthquake,8.61,1.884,0.082,45,reviewed,us,us
2026-09-30T21:07:19.250Z,38.778167724609,-122.93316650391,4.0300002098083,2.99,md,82,36,0.06751,0.09,nc,nc75441996,2026-10-02T01:16:09.070Z,"8 km ESE of Cloverdale, CA",earthquake,0.12,0.439999998,0.17,104,automatic,nc,nc
2026-09-30T21:03:41.740Z,17.944333333333,-66.9465,7.78,2.57,md,12,213,0.07092,0.15,pr,pr71535218,2026-09-30T21:41:53.950Z,"5 km SW of Guánica, Puerto Rico",earthquake,0.52,0.26,0.31082298095644,6,reviewed,pr,pr
2026-09-30T21:00:48.480Z,18.477833333333,-66.613666666667,105.39,3.14,md,17,185,0.1865,0.21,pr,pr71535213,2026-09-30T21:28:11.350Z,"4 km NNE of Animas, Puerto Rico",earthquake,1.75,0.78,0.16960405872636,8,reviewed,pr,pr
2026-09-30T20:48:14.500Z,38.766498565674,-122.70066833496,1.789999961853,2.63,md,68,27,0.001997,0.09,nc,nc75441981,2026-10-01T00:06:02.379Z,"1 km SW of Anderson Springs, CA",earthquake,0.15,0.289999992,0.15,74,automatic,nc,nc
2026-09-30T19:37:44.260Z,28.851,-98.928,7.6057,2.6,ml,34,84,0.2,0.3,tx,tx2026tguohs,2026-09-30T21:24:20.040Z,"16 km ESE of Pearsall, Texas",earthquake,1.3475150226845,0.79385292732215,0.1,22,reviewed,tx,tx
2026-09-30T19:10:09.166Z,51.8805,179.2118,119.22,4.2,mb,121,37,0.256,0.86,us,us6000tyl5,2026-10-01T21:25:45.578Z,"286 km W of Adak, Alaska",earthquake,7.95,5.888,0.053,98,reviewed,us,us
2026-09-30T18:36:22.667Z,52.3676,160.2895,31.929,4.9,mb,138,122,1.741,0.78,us,us6000tykw,2026-09-30T18:59:51.040Z,"136 km SE of Petropavlovsk-Kamchatsky, Russia",earthquake,22.79,12.064,0.044,162,reviewed,us,us
2026-09-30T18:21:19.257Z,52.3167,160.3332,35,5,mb,149,124,1.788,0.58,us,us6000tyku,2026-09-30T18:37:42.040Z,"142 km SE of Petropavlovsk-Kamchatsky, Russia",earthquake,8.62,1.888,0.037,240,reviewed,us,us
2026-09-30T16:29:32.799Z,-0.7769,122.3906,10,4.4,mb,42,65,4.966,0.54,us,us6000tyke,2026-09-30T17:20:40.040Z,"48 km WNW of Luwuk, Indonesia",earthquake,9.4,1.886,0.095,32,reviewed,us,us
2026-09-30T15:02:23.230Z,19.286833333333,-155.38783333333,30.5,2.62,ml,57,99,0.04636,0.13,hv,hv75045952,2026-09-30T23:31:52.196Z,"13 km NE of Pāhala, Hawaii",earthquake,0.35,0.41,0.22422879263058,41,reviewed,hv,hv
2026-09-30T14:32:45.780Z,18.680333333333,-64.829166666667,19.9,2.6,md,4,244,0.3259,0.14,pr,pr71535193,2026-09-30T15:48:46.230Z,"38 km N of Cruz Bay, U.S. Virgin Islands",earthquake,1.24,14.37,0.091960168093067,4,reviewed,pr,pr
2026-09-30T13:35:58.370Z,31.618,-104.363,6.2024,2.9,ml,48,73,0.1,0.2,tx,tx2026tgiogl,2026-09-30T15:15:49.041Z,"61 km S of Whites City, New Mexico",earthquake,0.74883958905083,0.74684700679409,0.2,37,reviewed,tx,tx
2026-09-30T12:02:58.808Z,23.725,122.8749,10,4.6,mb,34,68,0.749,0.77,us,us6000tyjm,2026-10-01T10:58:45.040Z,"83 km S of Yonakuni, Japan",earthquake,3.32,1.727,0.125,19,reviewed,us,us
2026-09-30T11:24:41.639Z,14.9174,108.2955,10,4.4,mb,28,102,4.178,0.76,us,us6000tyjl,2026-09-30T11:59:53.040Z,"47 km S of Trà My, Vietnam",earthquake,9.63,1.91,0.149,13,reviewed,us,us
2026-09-30T11:21:31.407Z,37.7681,95.2949,10,4.5,mb,58,91,6.973,0.59,us,us6000tyjg,2026-10-02T08:40:12.040Z,"271 km S of Dunhuang, China",earthquake,8.35,1.913,0.085,41,reviewed,us,us
2026-09-30T10:58:50.586Z,-9.9243,123.6462,19.368,5,mb,68,90,6.221,0.74,us,us6000tyjb,2026-09-30T11:29:44.285Z,"27 km N of Kupang, Indonesia",earthquake,8.82,4.375,0.073,59,reviewed,us,us
2026-09-30T10:56:40.600Z,19.4623,-65.3035,77,3.58,md,5,276,1.1549,0.24,pr,pr2026273001,2026-09-30T12:21:45.580Z,"127 km NNE of Vieques, Puerto Rico",earthquake,7.34,13.76,0.07,4,reviewed,pr,pr
2026-09-30T10:31:47.887Z,62.048,-147.635,20.8,3.1,ml,150,20,0.3,1.1,ak,aka2026tjfajm,2026-10-01T10:02:23.040Z,"26 km N of Glacier View, Alaska",earthquake,1.6,1.8986,0.2,101,automatic,ak,ak
2026-09-30T10:25:49.372Z,32.222,-101.976,7.7881,3.1,ml,52,50,0.1,0.2,tx,tx2026tgcgrj,2026-09-30T15:09:46.838Z,"20 km WNW of Stanton, Texas",earthquake,0.64829157468194,0.95446495259418,0.1,66,reviewed,tx,tx
2026-09-30T09:19:50.810Z,18.9975,-64.022,80,3.6,ml,4,329,0.8338,0.46,pr,pr2026273000,2026-10-01T08:54:51.040Z,"109 km NE of Cruz Bay, U.S. Virgin Islands",earthquake,4.97,7.67,0,0,reviewed,pr,pr
2026-09-30T08:50:13.448Z,31.624,-104.364,6.9714,3.3,ml,54,73,0.1,0.2,tx,tx2026tfzcgy,2026-10-01T08:54:49.468Z,"61 km S of Whites City, New Mexico",earthquake,0.80694137981447,0.70460056042853,0.2,41,reviewed,tx,tx
2026-09-30T08:22:22.630Z,61.731,-150.174,5,2.5,ml,66,57,0.4,0.8,ak,aka2026tjasea,2026-09-30T16:58:24.506Z,"7 km WSW of Willow, Alaska",earthquake,2,0,0.1,47,reviewed,ak,ak
2026-09-30T08:15:17.486Z,-5.435,152.1328,28.026,5.1,mb,54,133,1.236,0.8,us,us6000tyit,2026-09-30T08:31:11.040Z,"121 km S of Kokopo, Papua New Guinea",earthquake,12.05,5.675,0.084,46,reviewed,us,us
2026-09-30T07:39:02.750Z,36.734,71.4151,171.389,4.2,mb,19,125,1.791,0.67,us,us6000tyil,2026-09-30T09:11:11.040Z,"11 km WNW of Ashkāsham, Afghanistan",earthquake,9.14,10.015,0.152,12,reviewed,us,us
2026-09-30T07:07:16.005Z,-63.5619,171.414,10,5.2,mww,27,81,14.433,1.18,us,us6000tyik,2026-09-30T07:42:11.040Z,"Balleny Islands region",earthquake,12.73,1.859,0.078,16,reviewed,us,us
2026-09-30T06:50:03.339Z,-20.988,168.4237,10,5,mb,34,163,1.855,1,us,us6000tyid,2026-09-30T07:07:04.040Z,"83 km NE of Tadine, New Caledonia",earthquake,5.6,1.925,0.111,26,reviewed,us,us
2026-09-30T05:20:59.067Z,38.3276,23.2795,9.833,4.6,mb,34,63,1.012,0.55,us,us6000tyhn,2026-09-30T09:01:31.040Z,"3 km W of Thívai, Greece",earthquake,5.24,4.504,0.078,49,reviewed,us,us
2026-09-30T05:00:24.971Z,23.8027,122.9149,10.792,5.6,mww,94,46,0.667,1.07,us,us6000tyhk,2026-10-01T05:06:42.559Z,"74 km S of Yonakuni, Japan",earthquake,4.11,4.148,0.062,25,reviewed,us,us
2026-09-30T04:48:06.031Z,-63.0088,169.2156,10,5.4,mww,16,129,14.936,0.91,us,us6000tyhi,2026-10-01T04:53:35.538Z,"Balleny Islands region",earthquake,13.03,1.767,0.073,18,reviewed,us,us
2026-09-30T04:06:59.706Z,17.4713,-93.8603,177.736,4.2,mb,21,140,2.03,1.44,us,us6000tyhe,2026-09-30T04:19:55.040Z,"39 km W of Plan de Ayala, Mexico",earthquake,10.7,15.328,0.077,47,reviewed,us,us
2026-09-30T03:00:27.210Z,34.393333333333,-118.76316666667,9.59,3.8100871496449,mw,121,13,0.08918,0.27,ci,ci41340823,2026-10-04T18:04:54.526Z,"4 km SE of Piru, CA",earthquake,0.15,0.5,,7,reviewed,ci,ci
2026-09-30T02:35:50.369Z,4.6488,94.8515,33.873,4.5,mb,31,183,5.811,0.92,us,us6000tyh0,2026-09-30T03:01:50.040Z,"112 km SSW of Banda Aceh, Indonesia",earthquake,13.8,7.102,0.121,20,reviewed,us,us
2026-09-30T02:30:44.716Z,4.5021,125.7472,156.847,4.5,mb,24,94,2.556,0.8,us,us6000tygz,2026-09-30T02:52:39.040Z,"104 km SSE of Sarangani, Philippines",earthquake,14.33,10.37,0.127,18,reviewed,us,us
2026-09-30T01:34:05.751Z,13.0922,120.4734,10,4.8,mb,52,97,7.814,1.1,us,us6000tygs,2026-09-30T05:50:10.011Z,"18 km SW of Tayaman, Philippines",earthquake,10.43,1.88,0.079,49,reviewed,us,us
2026-09-30T01:17:47.844Z,-21.0085,168.3284,10,4.8,mb,30,143,1.795,0.6,us,us6000tygq,2026-09-30T01:35:08.040Z,"75 km NE of Tadine, New Caledonia",earthquake,8.62,1.918,0.119,22,reviewed,us,us
2026-09-30T01:07:33.630Z,19.899,-155.891,40.35,2.49,ml,46,175,0.2195,0.16,hv,hv75045547,2026-10-02T02:47:51.370Z,"9 km SW of Puako, Hawaii",earthquake,0.52,0.69,0.31162368694829,18,reviewed,hv,hv
2026-09-30T00:25:25.138Z,14.3416,-93.8464,10,4.4,mb,38,195,2.538,0.87,us,us6000tygh,2026-09-30T01:26:17.040Z,"142 km SSW of La Esperanza (El Zapotal), Mexico",earthquake,9.5,1.978,0.063,72,reviewed,us,us
2026-09-29T23:39:46.170Z,36.236167907715,-120.97799682617,4.8299999237061,2.49,md,7,225,0.3513,0.13,nc,nc75441671,2026-09-29T23:41:20.783Z,"12 km NNE of San Lucas, CA",earthquake,5.65,12.0299997,,1,automatic,nc,nc
2026-09-29T22:48:05.254Z,-6.1406,150.8926,10,4.3,mb,13,151,2.313,0.36,us,us6000u0j5,2026-10-07T00:42:23.040Z,"106 km SE of Kimbe, Papua New Guinea",earthquake,13.76,1.962,0.16,11,reviewed,us,us
2026-09-29T21:50:29.969Z,3.8311,-75.5906,10,4.5,mb,21,123,1.617,0.82,us,us6000tyfk,2026-09-29T22:22:10.040Z,"15 km SW of San Antonio, Colombia",earthquake,6.49,1.968,0.191,8,reviewed,us,us
2026-09-29T21:05:56.370Z,47.400333333333,-122.722,27.92,4.15,ml,180,22,0.04201,0.21,uw,uw714111952,2026-10-07T02:32:54.178Z,"6 km WNW of Wauna, Washington",earthquake,0.17,0.39,0.19081965077265,158,reviewed,uw,uw
2026-09-29T20:45:50.983Z,17.5267,122.4136,10,4.7,mb,79,92,5.411,0.77,us,us6000tyf0,2026-09-29T21:12:11.040Z,"49 km N of Dicabisagan, Philippines",earthquake,10.1,1.859,0.074,56,reviewed,us,us
2026-09-29T18:21:49.888Z,-22.3093,-67.5824,178.025,4.1,mb,27,77,0.844,0.53,us,us6000tye9,2026-09-29T20:55:14.040Z,"92 km NE of San Pedro de Atacama, Chile",earthquake,8.37,7.374,0.213,6,reviewed,us,us
2026-09-29T16:17:57.996Z,51.476,-179.86,67.6,2.6,ml,25,177,0.5,0.3,ak,aka2026thunzf,2026-10-06T22:25:03.312Z,"227 km WSW of Adak, Alaska",earthquake,10.5,4.9619,0.1,19,reviewed,ak,ak
2026-09-29T16:13:02.568Z,-19.2971,-174.2536,56.776,4.7,mb,107,75,5.858,0.66,us,us6000tycv,2026-09-30T14:20:29.040Z,"50 km N of Fangale’ounga, Tonga",earthquake,20.14,16.68,0.048,134,reviewed,us,us
2026-09-29T16:11:59.152Z,51.347,-177.483,28.2,2.6,ml,27,207,0.4,0.5,ak,aka2026thuiug,2026-10-06T22:22:56.476Z,"83 km SW of Adak, Alaska",earthquake,7.7,2.9729,0.2,21,reviewed,ak,ak
2026-09-29T16:06:37.410Z,38.398834228516,-122.42400360107,8.3000001907349,2.58,md,81,32,0.0509,0.15,nc,nc75444432,2026-10-01T05:37:08.369Z,"6 km W of Yountville, CA",earthquake,0.17,0.610000014,0.13,86,automatic,nc,nc
2026-09-29T16:05:26.524Z,51.122,-178.47,21.5,2.8,ml,27,221,0.5,0.6,ak,aka2026thuddl,2026-10-06T22:20:48.661Z,"152 km SW of Adak, Alaska",earthquake,6.8,3.7696,0.2,21,reviewed,ak,ak
2026-09-29T15:31:33.737Z,55.91,-159.051,72.9,2.5,ml,34,186,0.2,0.5,ak,aka2026thszph,2026-10-06T21:53:53.652Z,"5 km E of Perryville, Alaska",earthquake,12.1,3.1994,0.3,24,reviewed,ak,ak
2026-09-29T15:31:18.586Z,-40.9373,-91.4145,10,4.6,mb,59,76,13.749,0.32,us,us6000tycz,2026-09-29T17:55:28.040Z,"West Chile Rise",earthquake,10.09,1.664,0.076,52,reviewed,us,us
2026-09-29T15:17:18.167Z,-58.7473,-25.9552,114.229,4.8,mb,73,50,7.342,0.97,us,us6000tyck,2026-09-30T14:00:33.040Z,"South Sandwich Islands region",earthquake,5.55,5.155,0.075,55,reviewed,us,us
2026-09-29T14:40:28.155Z,54.0783,161.3866,54.014,4.4,mb,61,134,2.403,0.55,us,us6000tych,2026-09-29T17:21:00.040Z,"192 km ESE of Mil’kovo, Russia",earthquake,11.48,7.604,0.071,57,reviewed,us,us
2026-09-29T14:14:05.529Z,-8.8321,123.9679,153.006,4.9,mb,34,75,5.648,0.72,us,us6000tyc9,2026-09-30T13:25:11.040Z,"61 km NW of Pante Makasar, Timor Leste",earthquake,26.86,21.12,0.104,29,reviewed,us,us
2026-09-29T13:06:09.941Z,-35.2758,-16.0771,10,5.5,mww,138,27,3.53,0.78,us,us6000tyc3,2026-09-30T17:24:04.040Z,"southern Mid-Atlantic Ridge",earthquake,8.6,1.754,0.11,8,reviewed,us,us
2026-09-29T12:40:35.064Z,-20.6773,-174.0813,10,5.4,mb,43,182,7.483,1.12,us,us6000tyc1,2026-09-30T12:46:01.098Z,"99 km SSE of Pangai, Tonga",earthquake,13.69,1.944,0.03,390,reviewed,us,us
2026-09-29T12:18:44.820Z,37.397666931152,-118.60500335693,8.5900001525879,2.51,md,20,129,0.1436,0.08,nc,nc75444342,2026-09-29T15:57:45.911Z,"2 km SSW of Round Valley, CA",earthquake,0.34,2.27999997,0.42,26,automatic,nc,nc
2026-09-29T11:36:39.240Z,40.4225,-125.41833333333,10,4.77,mw,152,241,0.8203,0.38,nc,nc75444322,2026-10-07T11:46:43.597Z,"97 km W of Petrolia, CA",earthquake,1.11,31.61,,39,reviewed,nc,nc
2026-09-29T11:27:48.406Z,-18.2306,167.5446,10,4.8,mb,26,115,3.845,1.09,us,us6000tybs,2026-09-29T11:45:45.040Z,"98 km SW of Port-Vila, Vanuatu",earthquake,7,1.919,0.124,21,reviewed,us,us
2026-09-29T11:14:32.881Z,51.32,-176.04,24.5,2.5,ml,22,240,0.6,0.4,ak,aka2026thkkvm,2026-10-06T18:27:31.395Z,"74 km SSE of Adak, Alaska",earthquake,7.2,3.5983,0.2,17,reviewed,ak,ak
2026-09-29T10:42:57.409Z,-21.3447,168.5924,10,5,mb,31,93,1.65,0.55,us,us6000tybr,2026-09-29T10:59:19.040Z,"77 km ENE of Tadine, New Caledonia",earthquake,10.59,1.926,0.113,25,reviewed,us,us
2026-09-29T10:24:37.599Z,54.66,-161.5901,49.875,4,mb,37,179,0.877,0.54,us,us6000tybl,2026-09-29T18:27:35.993Z,"64 km SE of King Cove, Alaska",earthquake,5.27,16.046,0.163,10,reviewed,us,us
2026-09-29T10:22:14.613Z,-3.1213,-75.6413,134.763,4.5,mb,83,95,2.879,0.52,us,us6000tybk,2026-09-29T10:47:49.040Z,"96 km ENE of Alianza Cristiana, Peru",earthquake,10.13,7.683,0.061,79,reviewed,us,us
2026-09-29T10:14:35.766Z,58.181,-136.813,9.7,2.9,ml,16,160,0.4,0.7,ak,aka2026thikql,2026-10-06T18:12:16.409Z,"27 km W of Elfin Cove, Alaska",earthquake,5.9,4.0987,0.1,12,reviewed,ak,ak
2026-09-29T09:50:11.265Z,38.9214,-115.2879,0,3.07,ml,8,188,0.375,0.1433,nn,nn00925017,2026-09-30T07:24:52.040Z,"19 km W of Preston, Nevada",earthquake,,0,0.33,2,reviewed,nn,nn
2026-09-29T09:11:53.552Z,51.234,-176.31,15.5,2.6,ml,30,222,0.6,0.4,ak,aka2026thgilm,2026-10-06T17:43:32.043Z,"74 km SSE of Adak, Alaska",earthquake,4.5,3.5146,0.2,22,reviewed,ak,ak
2026-09-29T08:21:56.906Z,13.7623,-92.6345,41.479,4.5,mb,48,189,2.55,1.33,us,us6000tyb6,2026-09-29T12:06:07.040Z,"95 km SSW of Ocós, Guatemala",earthquake,7.41,11.081,0.041,176,reviewed,us,us
2026-09-29T08:17:48.199Z,57.691,-154.482,56.7,2.6,ml,43,96,0.5,0.5,ak,aka2026thenke,2026-10-06T15:33:07.043Z,"13 km N of Karluk, Alaska",earthquake,3.8,3.6771,0.3,30,reviewed,ak,ak
2026-09-29T07:06:13.333Z,51.157,179.047,33.1,2.7,ml,23,264,0.3,0.5,ak,aka2026thcdom,2026-10-05T22:52:39.794Z,"Rat Islands, Aleutian Islands, Alaska",earthquake,7.4,3.9004,0.1,18,reviewed,ak,ak
2026-09-29T06:38:49.006Z,-55.2555,-28.4628,35,4.8,mb,53,66,4.748,0.88,us,us6000tyat,2026-09-29T06:58:22.040Z,"South Sandwich Islands region",earthquake,9.64,1.568,0.076,54,reviewed,us,us
2026-09-29T06:16:34.063Z,39.6854,143.1352,36.868,4.4,mb,35,189,1.931,0.45,us,us6000tyap,2026-09-29T09:04:08.040Z,"102 km E of Miyako, Japan",earthquake,9.08,9.911,0.124,19,reviewed,us,us
2026-09-29T04:16:27.199Z,-55.3157,-28.2098,35.08,4.8,mb,27,105,4.9,0.41,us,us6000tyab,2026-09-29T04:33:51.040Z,"South Sandwich Islands region",earthquake,11.87,7.78,0.109,26,reviewed,us,us
2026-09-29T04:14:36.820Z,18.294833333333,-66.094833333333,65.66,2.57,md,21,67,0.01771,0.12,pr,pr71535083,2026-09-29T05:30:31.240Z,"4 km NNE of Aguas Buenas, Puerto Rico",earthquake,0.66,0.52,0.13244762775542,6,reviewed,pr,pr
2026-09-29T03:47:45.740Z,53.364,-165.789,16.8,2.7,ml,30,217,0.7,0.5,ak,aka2026tgvnpx,2026-10-05T21:57:19.356Z,"75 km SE of Unalaska, Alaska",earthquake,4.5,3.4583,0.1,23,reviewed,ak,ak
2026-09-29T03:23:54.418Z,-21.0716,168.4092,10,5.3,mww,73,75,1.775,0.72,us,us6000tya5,2026-09-29T04:14:01.080Z,"76 km NE of Tadine, New Caledonia",earthquake,7.31,1.871,0.069,20,reviewed,us,us
2026-09-29T02:26:32.341Z,64.7884,-140.7479,8.676,3,ml,27,80,0.897,0.9,us,us6000ty9x,2026-10-05T21:17:11.167Z,"17 km E of Eagle Village, Alaska",earthquake,1.34,6.169,0.045,64,reviewed,us,us
2026-09-29T01:47:09.228Z,55.032,-160.524,11.7,2.6,ml,15,231,0.8,0.3,ak,aka2026tgrmyb,2026-10-05T20:07:00.583Z,"33 km S of Sand Point, Alaska",earthquake,8.3,4.553,0.1,13,reviewed,ak,ak
2026-09-29T01:46:26.910Z,18.430666666667,-68.900166666667,114.94,3.37,md,7,165,0.4998,0.2,pr,pr71535063,2026-09-29T02:43:20.040Z,"7 km E of La Romana, Dominican Republic",earthquake,2.87,1.15,0.22645022999162,3,reviewed,pr,pr
2026-09-29T01:38:24.633Z,51.928,-169.144,7.2,2.8,ml,12,242,0.9,0.5,ak,aka2026tgrfpp,2026-10-05T20:04:52.050Z,"114 km S of Nikolski, Alaska",earthquake,9.4,4.0923,0.2,8,reviewed,ak,ak
2026-09-29T01:28:20.354Z,51.671,179.038,81.7,2.6,ml,19,161,0.3,0.3,ak,aka2026tgqwha,2026-10-05T20:02:43.380Z,"299 km W of Adak, Alaska",earthquake,11.1,3.6596,0.3,15,reviewed,ak,ak
2026-09-29T01:05:23.858Z,51.836,-169.202,8,2.7,ml,9,301,1,0.5,ak,aka2026tgqcsr,2026-10-05T20:00:51.814Z,"124 km S of Nikolski, Alaska",earthquake,17.9,7.3229,0.1,6,reviewed,ak,ak
2026-09-29T00:55:42.180Z,18.912166666667,-64.158333333333,21.19,3.34,md,10,312,0.4792,0.24,pr,pr71535043,2026-09-29T03:13:33.040Z,"92 km NE of Cruz Bay, U.S. Virgin Islands",earthquake,1.36,16.92,0.11327971845292,10,reviewed,pr,pr
2026-09-29T00:47:43.381Z,56.2947,-150.1038,33.344,2.8,ml,27,241,2.016,0.55,us,us6000tzrz,2026-10-06T01:47:02.040Z,"197 km SE of Chiniak, Alaska",earthquake,8.93,9.406,0.083,19,reviewed,us,us
2026-09-29T00:44:16.778Z,53.3853,-165.3494,10.006,2.8,ml,30,212,0.755,0.48,us,us6000tzrx,2026-10-06T01:35:56.040Z,"87 km SSE of Akutan, Alaska",earthquake,2.28,5.628,0.115,10,reviewed,us,us
2026-09-29T00:11:43.259Z,13.5371,51.2043,10,4.4,mb,30,133,11.305,0.8,us,us6000ty9j,2026-10-06T22:57:20.040Z,"180 km NNE of Caluula, Somalia",earthquake,13.52,1.944,0.112,23,reviewed,us,us
2026-09-29T00:05:24.143Z,54.5671,161.5817,35,4.5,mb,70,135,2.726,0.64,us,us6000ty9i,2026-10-06T22:54:40.040Z,"169 km SE of Atlasovo, Russia",earthquake,8.81,1.937,0.074,53,reviewed,us,us
2026-09-28T23:29:53.863Z,-7.9943,120.9269,10,4.4,mb,21,118,3.182,0.93,us,us6000tzr5,2026-10-06T01:06:56.040Z,"85 km NE of Ruteng, Indonesia",earthquake,10.9,1.906,0.149,13,reviewed,us,us
2026-09-28T23:14:52.114Z,52.2891,178.3674,155.908,2.9,ml,13,175,0.333,0.58,us,us6000tyht,2026-10-01T21:38:26.040Z,"Rat Islands, Aleutian Islands, Alaska",earthquake,10.59,6.839,0.105,12,reviewed,us,us
2026-09-28T22:54:45.216Z,39.3409,-99.7052,5,3,mb_lg,22,48,1.201,0.35,us,us6000ty8z,2026-09-29T02:20:45.925Z,"2 km SSW of Bogue, Kansas",earthquake,3.06,1.995,0.052,97,reviewed,us,us
2026-09-28T22:53:10.787Z,52.265,-169.273,20.5,2.5,ml,9,293,0.6,0.3,ak,aka2026tglryr,2026-09-30T05:32:18.555Z,"80 km SSW of Nikolski, Alaska",earthquake,16.2,10.3197,0.2,6,reviewed,ak,ak
2026-09-28T22:50:25.589Z,39.2812,-99.6976,10,2.5,mb_lg,11,75,1.153,0.65,us,us6000ty8y,2026-09-29T02:11:36.040Z,"9 km S of Bogue, Kansas",earthquake,3.63,2.001,0.132,15,reviewed,us,us
2026-09-28T22:29:31.108Z,51.3963,178.7348,35,3,ml,29,253,0.356,0.39,us,us6000tyhm,2026-10-01T21:32:01.040Z,"Rat Islands, Aleutian Islands, Alaska",earthquake,4.12,2.004,0.091,16,reviewed,us,us
2026-09-28T22:25:57.777Z,-25.2061,179.9012,487.436,4.4,mb,41,154,13.035,0.71,us,us6000ty8v,2026-10-05T23:06:30.040Z,"south of the Fiji Islands",earthquake,13.29,10.605,0.086,39,reviewed,us,us
2026-09-28T21:22:37.091Z,61.346,-150.635,57.1,2.7,ml,88,21,0.1,0.7,ak,aka2026tgirii,2026-10-01T20:53:23.040Z,"22 km SSW of Susitna, Alaska",earthquake,1.9,2.5616,0.1,65,reviewed,ak,ak
2026-09-28T20:13:51.238Z,53.9119,-164.0477,35,3,ml,30,204,0.645,0.48,us,us6000tyib,2026-10-02T16:03:32.040Z,"112 km SSW of False Pass, Alaska",earthquake,4.17,2.011,0.097,14,reviewed,us,us
2026-09-28T19:45:07.515Z,36.0809,139.7782,70.972,4.9,mww,89,119,1.348,0.66,us,us6000ty7u,2026-09-29T16:55:16.626Z,"2 km SW of Sakai, Japan",earthquake,8.09,5.44,0.073,18,reviewed,us,us
2026-09-28T19:19:54.480Z,18.7485,-64.940333333333,23.6,2.91,md,7,223,0.3943,0.21,pr,pr71535013,2026-09-28T19:52:07.200Z,"45 km N of Charlotte Amalie, U.S. Virgin Islands",earthquake,2.63,12.8,0.028245641067096,3,reviewed,pr,pr
2026-09-28T19:10:40.917Z,51.4708,-175.6996,35,3,ml,20,221,0.535,0.61,us,us6000tyi8,2026-10-02T16:07:22.040Z,"78 km SE of Adak, Alaska",earthquake,3.56,2.011,0.085,18,reviewed,us,us
2026-09-28T18:20:44.330Z,23.702,121.8063,19.011,4.6,mwr,74,67,0.508,0.94,us,us6000ty73,2026-09-28T22:45:54.390Z,"36 km SE of Hualien City, Taiwan",earthquake,3.15,3.916,0.071,19,reviewed,us,us
2026-09-28T17:56:09.265Z,51.353,-173.806,40,2.6,ml,13,289,0.9,0.5,ak,aka2026tgbunv,2026-09-30T06:14:22.115Z,"97 km SSE of Atka, Alaska",earthquake,9.9,0,0.2,9,reviewed,ak,ak
2026-09-28T17:55:53.281Z,60.168,-151.729,71.4,2.7,ml,99,56,0.5,0.7,ak,aka2026tgbuia,2026-09-30T06:12:41.996Z,"13 km NNW of Ninilchik, Alaska",earthquake,2.3,2.0887,0.2,72,reviewed,ak,ak
2026-09-28T17:37:55.108Z,13.3879,51.4935,10,4.8,mb,44,133,6.996,0.94,us,us6000ty71,2026-09-28T17:51:48.040Z,"155 km NNW of Kilmia, Yemen",earthquake,11.44,1.929,0.083,45,reviewed,us,us
2026-09-28T17:35:06.456Z,62.822,-150.092,71,2.8,ml,111,25,0.4,0.7,ak,aka2026tgbcma,2026-10-04T17:19:33.040Z,"41 km N of Chase, Alaska",earthquake,2,2.6756,0.2,80,reviewed,ak,ak
2026-09-28T17:19:35.642Z,52.3736,-174.6107,213.76,2.9,ml,21,136,0.22,0.28,us,us6000tyi0,2026-10-02T16:24:00.040Z,"34 km NW of Atka, Alaska",earthquake,14.55,7.416,0.091,16,reviewed,us,us
2026-09-28T16:59:27.730Z,51.099,179.345,29.7,2.5,ml,7,316,0.3,0.2,ak,aka2026tfzxlg,2026-09-30T05:57:58.428Z,"292 km WSW of Adak, Alaska",earthquake,12.8,4.6442,0.2,7,reviewed,ak,ak
2026-09-28T16:44:00.406Z,59.674,-152.565,86.6,3.6,ml,225,75,0.3,0.9,ak,aka2026tfzjzc,2026-10-01T00:23:36.582Z,"42 km WSW of Anchor Point, Alaska",earthquake,1.9,1.1027,0.2,132,reviewed,ak,ak
2026-09-28T15:01:39.183Z,5.634,127.0338,78.202,4.9,mb,65,77,2.031,0.67,us,us6000ty5m,2026-09-28T15:28:15.040Z,"124 km SE of Pondaguitan, Philippines",earthquake,10.46,5.923,0.06,102,reviewed,us,us
2026-09-28T14:55:55.260Z,63.492,-151.62,5,4.2,ml,194,28,0.2,1.4,ak,aka2026tfvugv,2026-10-01T21:23:29.920Z,"7 km SE of Denali National Park, Alaska",earthquake,1.7,0,0.1,137,reviewed,ak,ak
2026-09-28T14:43:10.687Z,5.2548,94.3303,45.734,4.7,mb,54,73,6.196,0.5,us,us6000ty5h,2026-09-28T16:47:51.040Z,"115 km WSW of Banda Aceh, Indonesia",earthquake,10.34,6.24,0.095,34,reviewed,us,us
2026-09-28T14:42:31.470Z,6.8087,-72.9604,155.23,4.3,mb,100,103,0.918,0.72,us,us6000ty5f,2026-09-28T16:35:21.040Z,"6 km NNE of Cepitá, Colombia",earthquake,7.17,10.564,0.063,71,reviewed,us,us
2026-09-28T14:30:00.072Z,52.535,-169.347,16.3,2.5,ml,11,264,0.3,0.3,ak,aka2026tfuxum,2026-09-29T23:31:04.099Z,"55 km SW of Nikolski, Alaska",earthquake,11.7,4.7314,0.1,9,reviewed,ak,ak
2026-09-28T14:00:41.104Z,31.8082,138.8008,290.166,4.3,mb,44,65,3.973,1.12,us,us6000ty5c,2026-09-28T16:16:03.040Z,"Izu Islands, Japan region",earthquake,7.26,8.062,0.101,28,reviewed,us,us
2026-09-28T13:38:40.724Z,-9.5835,159.5458,10,4.9,mb,45,97,14.035,0.94,us,us6000ty5b,2026-09-28T14:56:24.040Z,"22 km WNW of Malango, Solomon Islands",earthquake,11.84,1.89,0.071,62,reviewed,us,us
2026-09-28T13:30:32.105Z,41.1377,-127.4517,10,3.2,ml,22,277,2.589,0.67,us,us6000ty59,2026-09-28T16:01:01.040Z,"275 km W of Indianola, California",earthquake,11.81,2.024,0.038,92,reviewed,us,us
2026-09-28T13:22:39.769Z,82.6385,-7.1923,10,5.4,mww,81,60,1.667,0.56,us,us6000ty57,2026-09-29T13:27:37.360Z,"north of Svalbard",earthquake,9.29,1.733,0.068,21,reviewed,us,us
2026-09-28T13:15:28.123Z,63.758,-148.775,109.5,3,ml,128,20,0.1,0.6,ak,aka2026tfsled,2026-09-29T23:19:53.003Z,"7 km ENE of Denali Park, Alaska",earthquake,1.9,1.9089,0.2,92,reviewed,ak,ak
2026-09-28T12:35:22.189Z,50.965,179.521,16.7,2.6,ml,13,268,0.4,0.3,ak,aka2026tfrckv,2026-09-29T23:12:09.618Z,"285 km WSW of Adak, Alaska",earthquake,8.1,3.9859,0.1,11,reviewed,ak,ak
2026-09-28T12:14:24.032Z,-20.6932,-178.4971,573.114,4.7,mb,75,53,8.223,0.99,us,us6000ty4w,2026-09-28T12:32:25.040Z,"Fiji region",earthquake,12.5,8.775,0.034,256,reviewed,us,us
2026-09-28T11:46:28.611Z,62.952,-148.093,52.1,3.9,ml,209,14,0.2,1.2,ak,aka2026tfplzt,2026-10-01T21:21:17.967Z,"65 km SE of Cantwell, Alaska",earthquake,1.4,2.8089,0.2,141,reviewed,ak,ak
2026-09-28T11:35:25.710Z,19.156666666667,-155.5175,34.58,2.78,ml,56,128,0.05237,0.12,hv,hv75044597,2026-09-28T17:20:44.170Z,"6 km SW of Pāhala, Hawaii",earthquake,0.39,0.44,0.14091658747791,42,reviewed,hv,hv
2026-09-28T11:13:35.798Z,51.442,-174.908,6.8,3.3,ml,27,241,0.8,0.5,ak,aka2026tfojkt,2026-09-29T22:55:52.521Z,"97 km SSW of Atka, Alaska",earthquake,7.4,3.2828,0.1,20,reviewed,ak,ak
2026-09-28T11:03:45.276Z,54.502,-162.69,67.4,3,ml,29,219,0.5,0.5,ak,aka2026tfoaya,2026-09-29T22:54:22.122Z,"60 km SE of False Pass, Alaska",earthquake,13.2,6.4426,0.1,22,reviewed,ak,ak
2026-09-28T10:54:05.830Z,18.4086,-68.7173,153,3.8,md,8,197,0.352,0.43,pr,pr2026271000,2026-10-05T08:22:35.040Z,"5 km WSW of San Rafael del Yuma, Dominican Republic",earthquake,8.41,2.19,0.02,3,reviewed,pr,pr
2026-09-28T10:13:38.810Z,18.732166666667,-65.604,24.11,2.86,md,17,201,0.4767,0.31,pr,pr71534978,2026-10-05T05:58:42.040Z,"41 km NNE of Luquillo, Puerto Rico",earthquake,1.77,13.39,0.18855995903358,12,reviewed,pr,pr
2026-09-28T10:03:19.995Z,51.17,-177.664,20.8,2.6,ml,22,250,0.6,0.4,ak,aka2026tfmapb,2026-09-29T22:49:26.930Z,"106 km SW of Adak, Alaska",earthquake,6.9,5.2566,0.2,18,reviewed,ak,ak
2026-09-28T09:29:27.218Z,61.354,-150.684,52.9,2.5,ml,79,35,0.1,0.7,ak,aka2026tfkxeo,2026-09-29T22:48:27.917Z,"23 km SSW of Susitna, Alaska",earthquake,2.1,2.3647,0.2,59,reviewed,ak,ak
2026-09-28T09:13:39.402Z,50.171,-129.6785,10,5.2,mww,92,147,1.095,1.11,us,us6000ty43,2026-09-28T09:30:37.040Z,"190 km WSW of Port McNeill, Canada",earthquake,7.5,1.886,0.041,56,reviewed,us,us
2026-09-28T08:45:20.234Z,42.2555,-126.8377,10,2.7,ml,26,292,1.848,0.26,us,us6000ty40,2026-09-28T22:02:36.070Z,"199 km W of Gold Beach, Oregon",earthquake,11.68,2.026,0.048,56,reviewed,us,us
2026-09-28T08:39:55.313Z,3.7929,-75.7141,10,4.3,mb,77,90,1.738,0.71,us,us6000ty3z,2026-09-29T08:27:16.040Z,"26 km WNW of Chaparral, Colombia",earthquake,7.65,1.92,0.067,63,reviewed,us,us
2026-09-28T08:16:13.363Z,9.9585,126.6861,10,4.7,mb,37,102,3.072,0.65,us,us6000ty3w,2026-09-28T10:38:34.253Z,"65 km E of Pilar, Philippines",earthquake,11.49,1.88,0.104,28,reviewed,us,us
2026-09-28T08:13:11.876Z,50.824,-173.956,20,2.7,ml,10,299,1.4,0.5,ak,aka2026tfijdt,2026-09-29T22:38:12.628Z,"153 km S of Atka, Alaska",earthquake,11.2,0,0.2,7,reviewed,ak,ak
2026-09-28T07:47:17.931Z,51.053,-179.218,19.8,2.7,ml,22,226,0.6,0.4,ak,aka2026tfhmir,2026-09-29T22:32:34.561Z,"201 km WSW of Adak, Alaska",earthquake,5.6,3.377,0.1,17,reviewed,ak,ak
2026-09-28T07:35:09.620Z,18.185,-68.510333333333,86.48,3.37,md,7,209,0.35,0.29,pr,pr71534948,2026-09-28T08:12:09.340Z,"23 km SSE of Boca de Yuma, Dominican Republic",earthquake,5.25,2.32,0.039406989527361,5,reviewed,pr,pr
2026-09-28T07:21:55.131Z,18.9102,-104.3766,51.814,4.4,mb,86,162,3.064,0.83,us,us6000ty3k,2026-09-29T07:22:46.082Z,"20 km SW of El Colomo, Mexico",earthquake,7.21,7.654,0.04,178,reviewed,us,us
2026-09-28T07:16:27.915Z,53.907,-164.561,24.3,2.6,ml,27,220,0.6,0.3,ak,aka2026tfglxg,2026-09-29T22:23:56.898Z,"83 km ESE of Akutan, Alaska",earthquake,7.7,3.9579,0.1,19,reviewed,ak,ak
2026-09-28T06:37:56.356Z,-36.8177,179.6666,10,4.7,mb,29,237,1.316,0.42,us,us6000ty3c,2026-09-28T08:37:48.040Z,"149 km NE of Hicks Bay, New Zealand",earthquake,9.46,1.996,0.142,15,reviewed,us,us
2026-09-28T05:57:06.596Z,53.464,-164.966,20,2.6,ml,12,321,0.8,0.6,ak,aka2026tfduzs,2026-09-29T22:16:42.006Z,"91 km SE of Akutan, Alaska",earthquake,9.1,0,0.1,9,reviewed,ak,ak
2026-09-28T05:53:11.730Z,38.896,-115.2938,0,3.3,ml,8,194,0.389,0.1453,nn,nn00924977,2026-09-29T05:52:51.040Z,"20 km W of Preston, Nevada",earthquake,,0,0,1,reviewed,nn,nn
2026-09-28T05:45:29.689Z,-21.2247,168.4274,10,5.2,mb,43,101,1.655,0.58,us,us6000ty38,2026-09-28T06:02:20.040Z,"67 km ENE of Tadine, New Caledonia",earthquake,7.16,1.877,0.101,32,reviewed,us,us
2026-09-28T05:42:32.024Z,-21.3968,168.2294,10,4.9,mb,42,126,1.411,0.82,us,us6000ty36,2026-09-28T06:59:32.040Z,"39 km ENE of Tadine, New Caledonia",earthquake,4.82,1.897,0.098,33,reviewed,us,us
2026-09-28T05:42:21.379Z,-21.2372,168.3953,10,4.6,mb,35,115,1.628,0.51,us,us6000ty3a,2026-09-28T06:35:18.040Z,"63 km ENE of Tadine, New Caledonia",earthquake,5.46,1.924,0.105,27,reviewed,us,us
2026-09-28T05:38:53.403Z,58.45,-155.688,151.8,2.8,ml,79,37,0,0.5,ak,aka2026tfdfhc,2026-09-29T22:11:11.411Z,"62 km ESE of King Salmon, Alaska",earthquake,4.8,1.7853,0.4,54,reviewed,ak,ak
2026-09-28T05:28:08.891Z,-21.2065,168.5459,10,5.1,mb,41,120,1.732,0.67,us,us6000ty33,2026-09-28T05:48:28.040Z,"78 km ENE of Tadine, New Caledonia",earthquake,8.34,1.895,0.099,33,reviewed,us,us
2026-09-28T04:42:56.780Z,49.0259,151.5708,258.706,4.6,mb,56,135,5.623,0.92,us,us6000ty2w,2026-09-28T04:57:49.040Z,"northwest of the Kuril Islands",earthquake,11.39,7.772,0.047,138,reviewed,us,us
2026-09-28T04:41:33.467Z,-57.6502,-25.347,35,4.9,mb,43,88,7.103,0.95,us,us6000ty2y,2026-09-28T05:07:12.040Z,"South Sandwich Islands region",earthquake,12.08,1.907,0.08,49,reviewed,us,us
2026-09-28T04:41:21.639Z,50.0527,-130.2208,10,5.4,mww,40,175,1.461,1.07,us,us6000ty2u,2026-09-29T18:32:05.040Z,"231 km WSW of Port McNeill, Canada",earthquake,8.05,1.93,0.037,69,reviewed,us,us
2026-09-28T04:38:10.605Z,43.2073,76.9838,10,3.4,ml,10,131,1.831,0.68,us,us6000ty55,2026-09-28T21:51:04.310Z,"7 km SE of Almaty, Kazakhstan",earthquake,7.23,2.007,0.097,14,reviewed,us,us
2026-09-28T03:55:31.610Z,18.3465,-66.235833333333,66.53,2.59,md,15,173,0.1238,0.21,pr,pr71534903,2026-09-28T04:24:53.360Z,"3 km SE of Galateo, Puerto Rico",earthquake,0.91,0.7,0.105611401722,4,reviewed,pr,pr
2026-09-28T03:48:02.866Z,60.559,-152.143,91.2,2.8,ml,120,36,0.3,0.7,ak,aka2026tezneu,2026-09-30T06:43:29.154Z,"45 km W of Salamatof, Alaska",earthquake,2.3,1.5493,0.2,86,reviewed,ak,ak
2026-09-28T03:43:44.172Z,-57.6701,-25.2785,35,5.1,mb,59,69,7.145,0.76,us,us6000ty2e,2026-09-28T03:57:02.040Z,"South Sandwich Islands region",earthquake,11.27,1.914,0.073,61,reviewed,us,us
2026-09-28T03:25:06.893Z,-21.2245,168.3545,10,5.3,mww,65,72,1.618,0.83,us,us6000ty2b,2026-09-28T05:26:14.040Z,"60 km NE of Tadine, New Caledonia",earthquake,8.89,1.798,0.058,29,reviewed,us,us
2026-09-28T03:15:54.201Z,-21.1166,168.2188,10,4.7,mb,23,198,1.653,0.54,us,us6000ty3j,2026-10-01T22:40:31.040Z,"59 km NE of Tadine, New Caledonia",earthquake,5.08,1.914,0.148,14,reviewed,us,us
2026-09-28T02:53:43.974Z,50.2372,-129.7765,10,4.9,mww,58,183,1.126,0.94,us,us6000ty27,2026-09-28T03:52:40.040Z,"195 km WSW of Port McNeill, Canada",earthquake,3.17,1.948,0.045,47,reviewed,us,us
2026-09-28T01:15:29.698Z,31.717,-104.505,5.7922,2.5,ml,36,71,0,0.2,tx,tx2026tbsorg,2026-10-05T00:40:07.040Z,"52 km SSW of Whites City, New Mexico",earthquake,0.83964214951273,0.50541224253483,0.2,18,reviewed,tx,tx
2026-09-28T01:05:11.190Z,18.301666666667,-68.842333333333,156.59,3.43,md,28,180,0.4865,0.43,pr,pr71534883,2026-09-28T06:46:44.702Z,"19 km SE of La Romana, Dominican Republic",earthquake,3.33,1.47,0.037062060568297,5,reviewed,pr,pr
2026-09-28T01:03:39.347Z,59.819,-153.311,138.3,3.1,ml,155,54,0.1,0.9,ak,aka2026teuaqx,2026-09-28T21:20:07.748Z,"44 km E of Pedro Bay, Alaska",earthquake,2.3,1.1099,0.3,109,reviewed,ak,ak
2026-09-28T00:54:42.901Z,15.4079,119.5249,10,4.9,mb,85,117,7.92,0.78,us,us6000ty1l,2026-10-05T22:01:05.040Z,"40 km W of Palauig, Philippines",earthquake,11.14,1.822,0.073,58,reviewed,us,us
2026-09-28T00:47:33.215Z,-21.448,168.6318,10,4.8,mb,36,137,1.598,0.58,us,us6000ty1m,2026-10-05T21:56:45.040Z,"78 km E of Tadine, New Caledonia",earthquake,8.24,1.922,0.105,28,reviewed,us,us
2026-09-28T00:40:17.586Z,-21.3408,168.7282,10,4.5,mb,18,234,1.737,0.81,us,us6000tzr9,2026-10-05T21:53:08.040Z,"90 km ENE of Tadine, New Caledonia",earthquake,9.39,1.992,0.144,14,reviewed,us,us
2026-09-28T00:37:59.308Z,58.6379,163.9067,10,4.5,mb,67,128,6.357,0.86,us,us6000ty1j,2026-10-05T21:35:22.040Z,"83 km SE of Ossora, Russia",earthquake,10.57,1.892,0.072,56,reviewed,us,us
2026-09-28T00:25:25.825Z,-21.05,168.4894,10,4.3,mb,15,161,1.832,0.43,us,us6000tzq3,2026-10-05T20:38:14.040Z,"83 km NE of Tadine, New Caledonia",earthquake,8.77,1.965,0.189,8,reviewed,us,us
2026-09-28T00:12:09.330Z,46.212666666667,-121.51866666667,-1.07,2.56,ml,77,44,0.09122,0.18,uw,uw714110692,2026-10-01T20:44:15.040Z,"23 km N of Trout Lake, Washington",earthquake,0.16,0.65,0.18802029020571,28,reviewed,uw,uw
2026-09-28T00:02:23.459Z,51.5332,-177.551,28.498,3,ml,36,195,0.302,0.93,us,us6000ty8e,2026-09-28T22:27:24.040Z,"73 km WSW of Adak, Alaska",earthquake,2.28,10.254,0.085,18,reviewed,us,us
2026-09-27T23:55:48.477Z,-22.066,-179.7648,596.833,4.3,mb,26,129,4.764,0.5,us,us6000ty1a,2026-10-04T22:34:45.040Z,"south of the Fiji Islands",earthquake,14.63,5.471,0.105,26,reviewed,us,us
2026-09-27T23:45:52.397Z,31.617,-104.312,8.4583,2.5,ml,40,73,0.1,0.1,tx,tx2026tbppja,2026-10-01T20:47:23.040Z,"59 km NW of Toyah, Texas",earthquake,0.77700163119739,0.74877662210568,0.2,25,reviewed,tx,tx
2026-09-27T22:47:06.874Z,-7.3468,155.7466,10,4.8,mb,38,94,4.647,0.51,us,us6000ty11,2026-10-04T22:24:07.040Z,"117 km SSE of Panguna, Papua New Guinea",earthquake,9.53,1.884,0.105,28,reviewed,us,us
2026-09-27T22:40:54.813Z,-21.0758,168.6301,10,4.4,mb,16,167,1.884,0.5,us,us6000tz6l,2026-10-04T22:20:56.040Z,"93 km NE of Tadine, New Caledonia",earthquake,7.22,1.896,0.17,10,reviewed,us,us
2026-09-27T22:09:02.880Z,51.5777,-174.5615,10,3.5,ml,34,203,0.664,0.4,us,us6000ty2n,2026-10-06T23:56:09.782Z,"73 km SSW of Atka, Alaska",earthquake,2.77,1.984,0.077,22,reviewed,us,us
2026-09-27T22:03:35.276Z,51.821,-173.092,28.7,3.1,ml,24,206,0.8,0.4,ak,aka2026teoana,2026-10-06T23:51:40.084Z,"86 km ESE of Atka, Alaska",earthquake,14.3,7.0321,0.1,19,reviewed,ak,ak
2026-09-27T21:57:52.940Z,4.503,-76.7895,71.66,4.6,mb,47,89,2.094,0.8,us,us6000ty0u,2026-10-04T21:59:14.040Z,"23 km SW of Sipí, Colombia",earthquake,6.09,6.112,0.092,35,reviewed,us,us
2026-09-27T21:53:36.839Z,62.61,-149.463,62.5,2.6,ml,100,18,0.4,0.9,ak,aka2026tenrvu,2026-10-06T23:50:54.242Z,"37 km ENE of Chase, Alaska",earthquake,1.8,2.8509,0.2,68,reviewed,ak,ak
2026-09-27T21:49:47.506Z,18.5643,-69.0412,113.02,4.8,mww,79,57,0.628,0.46,us,us6000ty0q,2026-10-04T21:37:17.277Z,"7 km WSW of Guaymate, Dominican Republic",earthquake,5.45,5.061,0.11,8,reviewed,us,us
2026-09-27T21:36:20.167Z,53.511,-157.7326,10,3.3,ml,52,244,2.698,0.82,us,us6000ty2m,2026-10-06T23:47:05.937Z,"271 km SE of Sand Point, Alaska",earthquake,4.37,2.01,0.085,18,reviewed,us,us
2026-09-27T21:17:13.236Z,63.142,-150.421,110.5,2.6,ml,87,30,0.6,0.6,ak,aka2026temmhr,2026-10-06T23:42:33.491Z,"74 km NNE of Petersville, Alaska",earthquake,2.3,2.2482,0.3,61,reviewed,ak,ak
2026-09-27T21:14:44.538Z,-8.9624,123.8981,10,4.6,mb,16,120,1.258,0.64,us,us6000ty0k,2026-10-04T21:27:15.040Z,"59 km WNW of Pante Makasar, Timor Leste",earthquake,10.98,1.902,0.173,10,reviewed,us,us
2026-09-27T21:13:35.077Z,-59.1168,-25.9907,117.745,5,mb,75,39,7.535,0.52,us,us6000ty0j,2026-10-04T20:30:53.040Z,"South Sandwich Islands region",earthquake,11.77,5.265,0.065,74,reviewed,us,us
2026-09-27T20:49:21.865Z,48.2909,156.778,10,4.4,mb,42,136,4.859,0.61,us,us6000ty0g,2026-10-03T17:34:06.040Z,"269 km S of Severo-Kuril’sk, Russia",earthquake,11.51,1.914,0.104,27,reviewed,us,us
2026-09-27T20:49:20.522Z,-37.6646,177.0077,151.349,4,mb,20,142,0.949,0.85,us,us6000ty0e,2026-10-03T17:31:14.040Z,"32 km N of Whakatane, New Zealand",earthquake,5.93,6.4,0.173,9,reviewed,us,us
2026-09-27T19:33:31.936Z,-31.4255,-179.8502,348.65,4.1,mb,26,133,2.735,0.74,us,us6000ty06,2026-10-03T17:28:52.040Z,"Kermadec Islands region",earthquake,12.51,9.587,0.114,21,reviewed,us,us
2026-09-27T19:22:10.805Z,68.8489,-17.176,10,4,mb,23,86,2.342,0.68,us,us6000ty2q,2026-10-03T17:40:23.040Z,"Iceland region",earthquake,9.79,1.911,0.165,10,reviewed,us,us
2026-09-27T19:10:36.830Z,39.323833465576,-123.27016448975,-0.37999999523163,2.63,md,36,49,0.05951,0.11,nc,nc75443252,2026-09-28T03:26:31.758Z,"9 km NW of Redwood Valley, CA",earthquake,0.16,1.13,0.16,35,automatic,nc,nc
2026-09-27T19:05:12.429Z,-21.3015,168.8338,10,4.6,mb,19,192,1.833,0.75,us,us6000tz6g,2026-10-03T15:16:36.040Z,"102 km ENE of Tadine, New Caledonia",earthquake,8.71,1.92,0.157,12,reviewed,us,us
2026-09-27T19:02:29.025Z,56.672,-148.623,5,3.4,ml,22,207,2.4,0.5,ak,aka2026teiall,2026-10-06T23:27:51.978Z,"244 km ESE of Chiniak, Alaska",earthquake,12.9,0,0.2,14,reviewed,ak,ak
2026-09-27T18:55:43.669Z,-43.0656,-72.6484,10,4.3,mb,23,136,0.599,0.46,us,us6000ty01,2026-10-03T17:27:24.831Z,"17 km SSE of Chaitén, Chile",earthquake,4.64,1.904,0.147,13,reviewed,us,us
2026-09-27T18:54:22.598Z,18.4685,145.675,178.407,4,mb,37,100,3.218,0.59,us,us6000tz6f,2026-10-04T17:40:33.040Z,"Pagan region, Northern Mariana Islands",earthquake,9.84,8.317,0.103,26,reviewed,us,us
2026-09-27T18:40:18.272Z,59.472,-149.382,13,2.5,ml,26,181,0.6,1.1,ak,aka2026tehghp,2026-10-06T23:26:55.386Z,"66 km S of Lowell Point, Alaska",earthquake,7.4,3.0815,0.1,18,reviewed,ak,ak
2026-09-27T18:29:58.261Z,27.9739,100.5554,10,4.6,mb,65,102,7.712,0.59,us,us6000txzx,2026-10-03T17:19:05.040Z,"19 km NW of Yongning, China",earthquake,9.81,1.886,0.08,46,reviewed,us,us
2026-09-27T18:27:09.946Z,20.4924,-154.2015,15.244,3,ml,32,285,1.093,0.35,us,us6000ty10,2026-10-03T17:38:14.040Z,"117 km NE of Honomu, Hawaii",earthquake,9.86,9.764,0.056,42,reviewed,us,us
2026-09-27T18:06:59.047Z,51.245,-179.212,19.7,2.7,ml,21,212,0.4,0.3,ak,aka2026tegdiu,2026-10-06T23:25:35.628Z,"191 km WSW of Adak, Alaska",earthquake,6.7,2.9886,0.1,16,reviewed,ak,ak
2026-09-27T18:03:23.980Z,52.230166666667,-173.82983333333,16.91,3.33,ml,8,310,0.1713,0.25,av,av94451631,2026-10-01T21:38:56.128Z,"25 km E of Atka, Alaska",earthquake,1.43,2.86,0.51586546057458,7,reviewed,av,av
2026-09-27T16:58:08.186Z,59.957,-152.981,127.9,2.7,ml,117,52,0,0.7,ak,aka2026tedvrp,2026-10-06T23:10:48.385Z,"65 km ENE of Pedro Bay, Alaska",earthquake,3.2,1.3716,0.3,81,reviewed,ak,ak
2026-09-27T16:43:10.268Z,35.3861,99.5536,10,5,mb,55,69,3.42,0.99,us,us6000txzj,2026-09-27T17:01:19.040Z,"191 km NW of Oula Xiuma, China",earthquake,9.78,1.875,0.064,78,reviewed,us,us
2026-09-27T15:49:50.837Z,51.068,179.758,12.1,2.9,ml,17,249,0.4,0.6,ak,aka2026tebohj,2026-10-06T22:58:40.602Z,"266 km WSW of Adak, Alaska",earthquake,7.7,3.2783,0.1,13,reviewed,ak,ak
2026-09-27T15:47:18.797Z,51.073,-179.36,22,2.8,ml,22,227,0.6,0.5,ak,aka2026teblsd,2026-10-06T22:57:39.589Z,"209 km WSW of Adak, Alaska",earthquake,8.2,4.4901,0.1,15,reviewed,ak,ak
2026-09-27T15:45:09.410Z,34.0659,-106.7188,5,2.6,ml,14,96,0.114,0.5,us,us6000txze,2026-09-27T17:50:05.345Z,"15 km E of Socorro, New Mexico",earthquake,2.49,1.973,0.066,30,reviewed,us,us
2026-09-27T15:42:39.406Z,56.568,-156.301,4.4,2.9,ml,55,162,1,0.6,ak,aka2026tebiel,2026-10-06T22:57:05.595Z,"124 km SSE of Ugashik, Alaska",earthquake,3.9,2.0239,0.2,41,reviewed,ak,ak
2026-09-27T15:42:14.319Z,67.76,-167.44,4.9,2.7,ml,8,245,0.9,0.9,ak,aka2026tebhwe,2026-10-07T00:20:42.141Z,"71 km SSW of Point Hope, Alaska",earthquake,25,7.0787,0.2,7,reviewed,ak,ak
2026-09-27T15:41:04.974Z,-62.5354,165.9549,10,5.3,mww,20,124,8.85,0.51,us,us6000tyt8,2026-10-01T15:44:06.040Z,"Balleny Islands region",earthquake,34.32,2.014,0.066,22,reviewed,us,us
2026-09-27T15:40:01.460Z,33.843,-118.46883333333,11.85,3.5540409252504,mw,131,114,0.1051,0.26,ci,ci41339927,2026-10-02T23:08:03.622Z,"7 km WSW of Hermosa Beach, CA",earthquake,0.21,0.29,,5,reviewed,ci,ci
2026-09-27T14:40:46.580Z,37.421165466309,-121.45532989502,2.7000000476837,2.63,md,59,77,0.04655,0.12,nc,nc75443112,2026-09-27T16:22:21.718Z,"26 km WSW of Westley, CA",earthquake,0.19,0.980000019,0.1,79,automatic,nc,nc
2026-09-27T14:21:50.360Z,37.415833333333,-121.45266666667,3.37,3.32,mw,163,29,0.05195,0.16,nc,nc75443097,2026-09-28T15:12:53.793Z,"27 km WSW of Westley, CA",earthquake,0.11,0.46,,11,reviewed,nc,nc
2026-09-27T13:30:35.860Z,19.364,-155.08133333333,7.61,3.11,ml,36,133,0.02762,0.09,hv,hv75044217,2026-09-28T13:35:03.874Z,"12 km SSE of Fern Forest, Hawaii",earthquake,0.33,0.4,0.21310787552335,31,reviewed,hv,hv
2026-09-27T12:53:06.782Z,62.63,-152.097,10,2.9,ml,95,35,0.3,1.2,ak,aka2026tdvrey,2026-10-06T22:46:21.210Z,"70 km WNW of Petersville, Alaska",earthquake,2.2,0,0.1,66,reviewed,ak,ak
2026-09-27T11:52:20.120Z,34.52533333,-97.449,0.06,2.54,ml,94,54,0,0.37,ok,ok2026syjv,2026-09-28T14:36:23.260Z,"4 km NNE of Tatums, Oklahoma",earthquake,,0.3,0.23,45,reviewed,ok,ok
2026-09-27T11:19:32.850Z,51.491,179.831,68,2.6,ml,16,166,0.4,0.4,ak,aka2026tdsocj,2026-10-05T23:16:06.466Z,"248 km WSW of Adak, Alaska",earthquake,10.4,5.4163,0.3,12,reviewed,ak,ak
2026-09-27T10:57:07.641Z,68.9242,-17.2234,10,4.3,mb,62,42,2.275,1.16,us,us6000txyf,2026-09-27T11:38:44.040Z,"Iceland region",earthquake,8.52,1.92,0.073,53,reviewed,us,us
2026-09-27T10:43:38.295Z,51.011,179.773,4.1,2.9,ml,21,253,0.5,0.4,ak,aka2026tdrgdb,2026-10-05T23:13:30.228Z,"267 km WSW of Adak, Alaska",earthquake,7.3,3.4141,0.1,16,reviewed,ak,ak
2026-09-27T10:32:01.985Z,-40.3738,175.8819,48.51,4.2,mb,44,58,0.321,1.19,us,us6000txyd,2026-09-27T12:40:06.028Z,"4 km NNE of Mangatainoka, New Zealand",earthquake,5.54,5.804,0.167,10,reviewed,us,us
2026-09-27T10:30:26.420Z,51.2307,179.7625,18.012,4.4,mb,71,177,0.325,0.69,us,us6000txye,2026-10-05T23:10:37.548Z,"259 km WSW of Adak, Alaska",earthquake,7.39,5.197,0.041,170,reviewed,us,us
2026-09-27T10:07:08.075Z,18.647,-69.6988,98.093,4.2,mb,74,101,0.332,0.91,us,us6000txya,2026-09-28T00:13:43.136Z,"13 km SSW of Bayaguana, Dominican Republic",earthquake,6.34,5.99,0.063,70,reviewed,us,us
2026-09-27T09:29:09.946Z,51.479,-176.341,35.8,2.5,ml,17,255,0.4,0.2,ak,aka2026tdowji,2026-10-05T23:00:06.043Z,"48 km SSE of Adak, Alaska",earthquake,11.9,7.0255,0.1,13,reviewed,ak,ak
2026-09-27T09:23:15.138Z,52.353,-165.375,19.9,3,ml,12,308,1.7,0.3,ak,aka2026tdoria,2026-10-05T22:59:10.058Z,"186 km SSE of Unalaska, Alaska",earthquake,43.9,30.7086,0.1,9,reviewed,ak,ak
2026-09-27T08:54:07.495Z,38.9229,-115.2989,6,4.1,mwr,6,199,0.383,0.195,nn,nn00924954,2026-10-07T09:04:19.349Z,"20 km W of Preston, Nevada",earthquake,,4.3939,,,reviewed,nn,nn
2026-09-27T08:25:53.538Z,38.9316,-115.3013,4.233,2.56,ml,6,201,0.382,0.1554,nn,nn00924951,2026-09-28T02:04:54.936Z,"20 km W of Preston, Nevada",earthquake,,1.4111,0,1,reviewed,nn,nn
2026-09-27T08:10:54.625Z,51.41,-178.675,63.6,2.6,ml,25,197,0.2,0.3,ak,aka2026tdmgnl,2026-10-05T22:54:11.253Z,"150 km WSW of Adak, Alaska",earthquake,15.7,4.5363,0.3,19,reviewed,ak,ak
2026-09-27T07:48:11.749Z,50.9044,179.3215,46.522,4.6,mb,57,127,0.475,0.78,us,us6000txxm,2026-10-05T22:52:14.362Z,"Rat Islands, Aleutian Islands, Alaska",earthquake,6.59,5.108,0.038,209,reviewed,us,us
2026-09-27T07:44:49.910Z,37.732166666667,-112.32383333333,6.96,2.45,ml,27,91,0.2879,0.25,uu,uu80158086,2026-09-28T17:05:47.400Z,"13 km NE of Hatch, Utah",earthquake,0.43,1.49,0.26484828308221,14,reviewed,uu,uu
2026-09-27T07:18:53.582Z,38.9253,-115.3111,6,3.3,mwr,7,201,0.391,0.1205,nn,nn00924939,2026-09-28T15:33:21.997Z,"21 km W of Preston, Nevada",earthquake,,2.8129,,,reviewed,nn,nn
2026-09-27T07:12:58.421Z,38.9231,-115.3002,3.5438,2.97,ml,7,200,0.384,0.1688,nn,nn00924934,2026-09-28T02:04:21.526Z,"20 km W of Preston, Nevada",earthquake,,2.1933,0,1,reviewed,nn,nn
2026-09-27T07:01:41.497Z,38.9319,-115.3083,6,4.07,mwr,8,121,0.387,0.1758,nn,nn00924930,2026-09-29T17:01:08.040Z,"21 km W of Preston, Nevada",earthquake,,2.2271,,,reviewed,nn,nn
2026-09-27T06:41:39.949Z,61.857,-149.434,24.1,2.9,ml,104,29,0.3,0.9,ak,aka2026tdjhdl,2026-10-05T22:46:53.188Z,"16 km NW of Fishhook, Alaska",earthquake,1.5,1.4352,0.2,75,reviewed,ak,ak
2026-09-27T06:09:17.550Z,51.861,177.804,95.1,2.7,ml,11,319,0.4,0.5,ak,aka2026tdifbt,2026-10-05T22:42:30.379Z,"Rat Islands, Aleutian Islands, Alaska",earthquake,21.3,5.0032,0.2,7,reviewed,ak,ak
2026-09-27T05:28:20.692Z,51.539,-175.842,71.9,2.5,ml,18,224,0.5,0.6,ak,aka2026tdgvon,2026-10-05T22:35:09.550Z,"66 km SE of Adak, Alaska",earthquake,34,12.8232,0.3,13,reviewed,ak,ak
2026-09-27T05:27:21.463Z,56.1117,-149.7401,10,3.5,ml,29,233,2.288,0.55,us,us6000txwz,2026-10-05T22:33:38.727Z,"227 km SE of Chiniak, Alaska",earthquake,4.72,2.013,0.059,38,reviewed,us,us
2026-09-27T05:11:49.915Z,54.561,-160.243,4.7,3.1,ml,27,239,1.1,0.7,ak,aka2026tdghkg,2026-10-05T22:29:44.720Z,"87 km S of Sand Point, Alaska",earthquake,6.2,3.2771,0.2,19,reviewed,ak,ak
2026-09-27T04:59:48.847Z,-8.8929,158.0533,10,4.9,mb,23,101,7.486,0.95,us,us6000txwy,2026-09-27T05:17:35.040Z,"159 km ESE of Gizo, Solomon Islands",earthquake,10.86,1.783,0.144,15,reviewed,us,us
2026-09-27T04:14:44.454Z,-37.1357,-75.1898,10,4.5,mb,19,133,3.07,1.24,us,us6000txwk,2026-09-27T04:35:37.040Z,"145 km WNW of Lebu, Chile",earthquake,7.99,1.929,0.191,8,reviewed,us,us
2026-09-27T03:38:12.815Z,61.297,-150.413,50.1,2.9,ml,111,34,0.2,0.8,ak,aka2026tddduk,2026-10-05T22:00:52.938Z,"24 km WSW of Point MacKenzie, Alaska",earthquake,2,2.7343,0.1,77,reviewed,ak,ak
2026-09-27T03:27:20.796Z,31.341,15.1559,10,4.2,mb,31,129,6.149,1.21,us,us6000txwf,2026-09-27T04:02:26.040Z,"114 km S of Mişrātah, Libya",earthquake,11.02,1.931,0.098,29,reviewed,us,us
2026-09-27T03:17:40.967Z,54.555,-163.291,89.5,2.5,ml,10,200,0.3,0.7,ak,aka2026tdcmgf,2026-10-05T21:56:09.431Z,"34 km SSE of False Pass, Alaska",earthquake,50.2,8.6129,0.5,7,reviewed,ak,ak
2026-09-27T02:41:58.040Z,39.711,-110.62166666667,3.21,2.69,ml,30,61,0.0951,0.21,uu,uu80158051,2026-09-28T15:06:22.410Z,"15 km E of Kenilworth, Utah",earthquake,0.35,2.68,0.13783143749629,13,reviewed,uu,uu
2026-09-27T02:35:16.198Z,69.082,-144.624,10,2.8,ml,31,97,0.6,1.1,ak,aka2026tdbbzi,2026-10-05T21:52:13.183Z,"112 km NNE of Arctic Village, Alaska",earthquake,3.9,0,0.2,20,reviewed,ak,ak
2026-09-27T02:22:10.562Z,-21.2857,168.7073,10,5.1,mb,30,131,1.765,0.7,us,us6000txw5,2026-09-27T02:38:54.040Z,"90 km ENE of Tadine, New Caledonia",earthquake,8.44,1.924,0.134,18,reviewed,us,us
2026-09-27T02:01:42.236Z,57.648,-155.52,86,2.6,ml,49,86,0.4,0.5,ak,aka2026tczykx,2026-10-05T21:02:18.089Z,"64 km W of Karluk, Alaska",earthquake,4.8,2.3437,0.3,36,reviewed,ak,ak
2026-09-27T01:39:30.418Z,51.241,-176.898,26,2.9,ml,24,226,0.6,0.3,ak,aka2026tczfdw,2026-10-02T20:04:52.186Z,"72 km SSW of Adak, Alaska",earthquake,9.1,4.2567,0.1,19,reviewed,ak,ak
2026-09-27T01:18:25.822Z,-21.4298,168.4566,10,5,mb,26,146,1.505,1.07,us,us6000txvu,2026-09-27T01:31:08.040Z,"61 km ENE of Tadine, New Caledonia",earthquake,4.98,1.955,0.134,18,reviewed,us,us
2026-09-27T01:14:56.723Z,51.289,-176.121,16.1,2.6,ml,11,285,0.6,0.2,ak,aka2026tcyjwg,2026-10-02T19:59:09.422Z,"74 km SSE of Adak, Alaska",earthquake,8.6,6.2042,0.1,8,reviewed,ak,ak
2026-09-27T00:45:22.364Z,35.8881,140.3909,76.46,4.3,mb,24,146,1.881,0.65,us,us6000txvq,2026-09-27T21:43:47.040Z,"1 km SSW of Kōzaki, Japan",earthquake,9.23,7.925,0.189,8,reviewed,us,us
2026-09-26T22:26:06.620Z,64.469,-174.519,12.3,3.4,ml,7,283,4,0.6,ak,aka2026tcstmd,2026-10-05T19:43:31.074Z,"62 km W of Provideniya, Russia",earthquake,42,30.6044,0.2,6,reviewed,ak,ak
2026-09-26T22:08:29.077Z,51.079,179.336,29.1,2.9,ml,10,258,0.3,0.4,ak,aka2026tcseem,2026-10-05T19:20:14.068Z,"293 km WSW of Adak, Alaska",earthquake,11.8,4.8804,0.2,10,reviewed,ak,ak
2026-09-26T21:49:27.543Z,-4.6357,152.9096,63.571,4.9,mb,55,95,0.865,0.9,us,us6000txv7,2026-09-26T22:06:36.040Z,"78 km ESE of Kokopo, Papua New Guinea",earthquake,10.13,6.766,0.084,47,reviewed,us,us
2026-09-26T21:31:20.667Z,52.2872,-169.4239,35,4,mb,68,186,0.533,0.87,us,us6000txwq,2026-09-27T21:19:11.040Z,"81 km SSW of Nikolski, Alaska",earthquake,4.06,1.927,0.079,43,reviewed,us,us
2026-09-26T20:49:18.574Z,28.848,-98.884,6.3136,2.8,ml,22,67,0.1,0.3,tx,tx2026szoalq,2026-10-03T16:54:03.040Z,"17 km W of Charlotte, Texas",earthquake,2.1712677346443,1.0377713029624,0.1,18,reviewed,tx,tx
2026-09-26T20:37:50.425Z,28.835,-98.941,6.6925,2.7,ml,25,82,0.2,0.2,tx,tx2026sznqpd,2026-10-03T16:51:32.040Z,"16 km ESE of Pearsall, Texas",earthquake,1.7701929975938,0.88055733213229,0.1,25,reviewed,tx,tx
2026-09-26T19:48:11.708Z,-21.3183,-68.82,111.572,4.4,mb,40,82,0.617,0.84,us,us6000txut,2026-10-03T16:45:35.040Z,"59 km W of Ollagüe, Chile",earthquake,4.46,3.901,0.1,29,reviewed,us,us
2026-09-26T19:41:54.089Z,19.2817,-155.3766,35.603,2.6,ml,19,122,0.067,0.37,us,us6000txux,2026-10-03T16:50:15.040Z,"13 km NE of Pāhala, Hawaii",earthquake,2.05,3.55,0.062,34,reviewed,us,us
2026-09-26T19:37:01.041Z,-8.1482,120.3303,10,4.9,mb,76,63,3.166,0.71,us,us6000txur,2026-10-03T16:42:09.040Z,"53 km NNW of Ruteng, Indonesia",earthquake,9.37,1.803,0.071,63,reviewed,us,us
2026-09-26T19:33:55.065Z,-21.3519,168.6277,10,4.5,mb,13,206,1.666,0.58,us,us6000tz24,2026-10-03T13:06:58.040Z,"80 km ENE of Tadine, New Caledonia",earthquake,8.99,1.959,0.204,7,reviewed,us,us
2026-09-26T19:12:20.616Z,51.705,178.611,99.3,3.3,ml,20,165,0.2,0.4,ak,aka2026tcmhkm,2026-10-05T18:57:58.592Z,"Rat Islands, Aleutian Islands, Alaska",earthquake,14.2,3.2478,0.2,15,reviewed,ak,ak
2026-09-26T18:36:18.103Z,-21.3494,168.6006,10,4.4,mb,18,186,1.652,0.33,us,us6000tz4a,2026-10-03T13:53:50.040Z,"77 km ENE of Tadine, New Caledonia",earthquake,6.49,1.838,0.169,10,reviewed,us,us
2026-09-26T18:31:42.676Z,28.3378,104.8984,10,4.7,mb,56,46,4.454,0.6,us,us6000txuj,2026-10-03T16:37:47.040Z,"15 km WNW of Bowangshan, China",earthquake,7.99,1.861,0.069,64,reviewed,us,us
2026-09-26T18:25:23.615Z,-21.3737,168.6475,10,4.8,mww,55,91,1.662,0.8,us,us6000txuf,2026-10-03T14:04:32.040Z,"81 km ENE of Tadine, New Caledonia",earthquake,7.52,1.838,0.098,10,reviewed,us,us
2026-09-26T17:50:20.700Z,-48.6061,31.0969,10,4.6,mb,35,103,17.968,0.63,us,us6000txuc,2026-10-03T16:34:34.040Z,"south of Africa",earthquake,6.61,1.87,0.092,35,reviewed,us,us
2026-09-26T17:30:17.544Z,14.2867,-93.3619,10,4.2,mb,35,193,2.309,0.42,us,us6000txu6,2026-10-03T15:39:55.040Z,"112 km WSW of Puerto Madero, Mexico",earthquake,10.61,1.982,0.081,42,reviewed,us,us
2026-09-26T17:01:57.594Z,50.9448,179.5818,10,4.4,mb,98,178,0.469,0.77,us,us6000txu2,2026-10-03T16:07:57.040Z,"282 km WSW of Adak, Alaska",earthquake,5,1.868,0.053,103,reviewed,us,us
2026-09-26T16:43:38.365Z,51.267,-176.643,11.7,3.3,ml,26,217,0.6,0.6,ak,aka2026tchimz,2026-10-05T18:42:10.389Z,"67 km S of Adak, Alaska",earthquake,6.4,2.6315,0.1,18,reviewed,ak,ak
2026-09-26T16:33:43.256Z,13.2872,51.4567,10,5.2,mww,209,32,6.98,0.56,us,us6000txtz,2026-09-29T15:26:00.040Z,"148 km NW of Kilmia, Yemen",earthquake,9.13,1.816,0.093,11,reviewed,us,us
2026-09-26T16:06:48.430Z,-21.4649,168.5787,10,4.8,mb,98,39,1.552,0.8,us,us6000txty,2026-09-26T17:43:53.040Z,"72 km E of Tadine, New Caledonia",earthquake,6.35,1.788,0.065,77,reviewed,us,us
2026-09-26T15:12:11.959Z,51.123,-179.213,20.1,3,ml,26,220,0.5,0.6,ak,aka2026tcedzx,2026-10-05T18:07:33.911Z,"197 km WSW of Adak, Alaska",earthquake,7,3.3616,0.1,8,reviewed,ak,ak
2026-09-26T15:03:03.030Z,17.839,-65.194666666667,11.76,3.21,md,22,172,0.4186,0.27,pr,pr71534743,2026-09-26T21:10:39.040Z,"40 km SE of Esperanza, Puerto Rico",earthquake,0.71,1.33,0.17825579272179,16,reviewed,pr,pr
2026-09-26T15:01:36.315Z,-21.268,168.5731,10,5,mww,102,36,1.699,0.71,us,us6000txtn,2026-09-29T15:36:19.040Z,"78 km ENE of Tadine, New Caledonia",earthquake,7.17,1.085,0.071,19,reviewed,us,us
2026-09-26T14:08:18.875Z,-4.6288,152.8611,69.51,5.6,mww,180,23,0.82,0.69,us,us6000txtc,2026-09-29T14:45:36.205Z,"72 km ESE of Kokopo, Papua New Guinea",earthquake,20.25,7.054,0.051,37,reviewed,us,us
2026-09-26T13:48:49.760Z,-21.0512,168.4849,10,4.8,mww,66,113,1.829,0.51,us,us6000txt9,2026-09-29T15:50:21.040Z,"83 km NE of Tadine, New Caledonia",earthquake,7.61,1.831,0.08,15,reviewed,us,us
2026-09-26T13:38:15.958Z,-7.8646,123.2938,235.082,4.6,mb,75,50,4.517,0.64,us,us6000txt8,2026-09-26T15:08:14.040Z,"145 km NE of Maumere, Indonesia",earthquake,9.2,7.191,0.065,72,reviewed,us,us
2026-09-26T12:43:22.540Z,51.349,-177.518,36,2.7,ml,14,231,0.4,0.7,ak,aka2026tbzhob,2026-10-02T23:44:39.842Z,"84 km SW of Adak, Alaska",earthquake,12.5,6.402,0.1,10,reviewed,ak,ak
2026-09-26T12:14:58.406Z,-21.2176,168.3226,10,5.2,mb,33,131,1.609,0.94,us,us6000txt0,2026-09-26T12:42:17.040Z,"58 km NE of Tadine, New Caledonia",earthquake,11.04,1.924,0.111,27,reviewed,us,us
2026-09-26T12:14:20.648Z,-21.1281,168.4681,10,5,mb,33,135,1.756,0.93,us,us6000txsz,2026-09-26T12:46:36.040Z,"76 km NE of Tadine, New Caledonia",earthquake,4.7,1.879,0.116,24,reviewed,us,us
2026-09-26T12:11:01.897Z,-21.2646,168.5179,10,4.7,mb,20,135,1.67,0.55,us,us6000txsy,2026-09-26T12:57:59.040Z,"73 km ENE of Tadine, New Caledonia",earthquake,7.61,1.854,0.153,13,reviewed,us,us
2026-09-26T11:58:51.770Z,19.956666666667,-155.248,13.64,2.89,ml,30,112,0.03027,0.13,hv,hv75043917,2026-09-28T17:44:31.547Z,"3 km SSW of Laupāhoehoe, Hawaii",earthquake,0.56,0.33,0.082453037920596,18,reviewed,hv,hv
2026-09-26T11:54:15.794Z,51.438,-179.65,69.6,2.9,ml,17,188,0.5,0.5,ak,aka2026tbxrqc,2026-10-02T23:42:18.270Z,"214 km WSW of Adak, Alaska",earthquake,12.1,5.4018,0.2,12,reviewed,ak,ak
2026-09-26T10:53:15.123Z,1.831,89.4977,10,4.7,mb,42,65,10.297,0.79,us,us6000txsh,2026-09-26T11:08:17.040Z,"North Indian Ocean",earthquake,9.23,1.873,0.098,32,reviewed,us,us
2026-09-26T10:47:13.700Z,62.914,-151.244,114.4,2.6,ml,61,68,0.4,0.9,ak,aka2026tbvlmd,2026-10-02T23:25:43.177Z,"52 km NNW of Petersville, Alaska",earthquake,2.7,2.6513,0.3,37,reviewed,ak,ak
2026-09-26T10:21:05.896Z,-21.2105,168.4957,10,4.9,mww,44,108,1.702,1,us,us6000txse,2026-09-26T10:37:28.040Z,"73 km ENE of Tadine, New Caledonia",earthquake,8.94,1.885,0.078,16,reviewed,us,us
2026-09-26T09:52:30.713Z,60.466,-139.59,5,2.5,ml,23,75,0.8,0.9,ak,aka2026tbtqeh,2026-10-02T23:17:31.555Z,"102 km N of Yakutat, Alaska",earthquake,3.2,0,0.1,19,reviewed,ak,ak
2026-09-26T09:10:31.027Z,-21.182,168.5301,10,4.8,mb,28,207,1.744,0.62,us,us6000txs3,2026-09-26T09:31:20.040Z,"78 km ENE of Tadine, New Caledonia",earthquake,10.18,1.946,0.121,21,reviewed,us,us
2026-09-26T09:08:05.869Z,-21.0058,168.6238,10,4.8,mb,22,163,1.938,0.65,us,us6000txs2,2026-09-26T09:27:24.040Z,"97 km NE of Tadine, New Caledonia",earthquake,6.96,1.959,0.135,17,reviewed,us,us
2026-09-26T09:07:19.622Z,-21.2366,168.4865,10,4.7,mb,22,206,1.676,0.59,us,us6000txs6,2026-09-26T09:44:54.040Z,"71 km ENE of Tadine, New Caledonia",earthquake,9.54,1.958,0.143,16,reviewed,us,us
2026-09-26T08:54:03.961Z,-21.0172,168.6325,10,4.7,mb,33,188,1.933,0.41,us,us6000txrz,2026-09-26T09:12:45.040Z,"97 km NE of Tadine, New Caledonia",earthquake,9.9,1.93,0.108,26,reviewed,us,us
2026-09-26T08:24:58.743Z,-21.2116,168.5478,10,5,mb,43,110,1.729,0.59,us,us6000txrs,2026-09-26T08:42:00.040Z,"78 km ENE of Tadine, New Caledonia",earthquake,8.15,1.868,0.094,36,reviewed,us,us
2026-09-26T07:56:56.068Z,47.3058,11.5616,10,3.5,ml,13,75,1.259,0.87,us,us6000txrr,2026-09-28T07:47:54.161Z,"0 km NNW of Baumkirchen, Austria",earthquake,3.51,1.987,0.064,32,reviewed,us,us
2026-09-26T07:22:12.908Z,-21.2249,168.614,10,5,mww,36,134,1.756,0.87,us,us6000txrq,2026-09-26T07:39:42.040Z,"84 km ENE of Tadine, New Caledonia",earthquake,9.67,1.905,0.069,20,reviewed,us,us
2026-09-26T07:08:02.558Z,-21.1943,168.4225,10,5.1,mb,49,129,1.678,0.65,us,us6000txrn,2026-09-26T07:48:12.040Z,"68 km NE of Tadine, New Caledonia",earthquake,5.41,1.912,0.088,42,reviewed,us,us
2026-09-26T06:38:19.029Z,4.018,-75.8315,10,4.6,mb,65,81,1.715,1.02,us,us6000txrj,2026-09-26T06:58:05.040Z,"25 km W of Roncesvalles, Colombia",earthquake,5.92,1.789,0.05,120,reviewed,us,us
2026-09-26T06:04:48.765Z,53.754,-163.114,11.9,3.5,ml,42,221,1,0.7,ak,aka2026tbmaoo,2026-09-26T17:41:26.274Z,"123 km S of False Pass, Alaska",earthquake,4.8,3.4849,0.1,30,reviewed,ak,ak
2026-09-26T05:55:46.940Z,60.86,-152.311,111.1,2.5,ml,70,53,0.3,0.7,ak,aka2026tblsvb,2026-10-02T22:54:01.808Z,"58 km WNW of Nikiski, Alaska",earthquake,2.8,1.8683,0.4,48,reviewed,ak,ak
2026-09-26T05:50:48.716Z,-21.227,168.4033,10,5.1,mb,62,95,1.641,1.07,us,us6000txrf,2026-09-26T06:08:40.040Z,"64 km ENE of Tadine, New Caledonia",earthquake,6.61,1.867,0.069,68,reviewed,us,us
2026-09-26T05:35:09.040Z,18.537833333333,-66.459833333333,88.89,2.79,md,13,193,0.2365,0.19,pr,pr71534718,2026-09-26T06:27:08.180Z,"8 km NNE of Tierras Nuevas Poniente, Puerto Rico",earthquake,1.35,0.89,0.014950319535195,4,reviewed,pr,pr
2026-09-26T05:32:01.183Z,54.154,-162.407,7.3,2.9,ml,20,228,0.9,0.2,ak,aka2026tbkydj,2026-10-02T22:19:51.490Z,"101 km S of King Cove, Alaska",earthquake,8.1,3.9031,0.2,15,reviewed,ak,ak
2026-09-26T04:02:07.440Z,39.013500213623,-123.48300170898,3.460000038147,2.74,md,29,63,0.1079,0.09,nc,nc75442217,2026-09-26T11:23:12.404Z,"10 km W of Boonville, CA",earthquake,0.21,1.10000002,0.1,30,automatic,nc,nc
2026-09-26T03:42:49.670Z,39.0145,-123.47733333333,4.78,3.74,mw,80,62,0.1039,0.1,nc,nc75442207,2026-09-30T13:18:45.812Z,"10 km W of Boonville, CA",earthquake,0.11,0.44,,7,reviewed,nc,nc
2026-09-26T02:52:55.988Z,68.8565,-16.9554,10,4.5,mb,39,91,2.392,0.97,us,us6000txr0,2026-09-26T03:06:32.040Z,"Iceland region",earthquake,9.76,1.925,0.088,38,reviewed,us,us
2026-09-26T01:31:19.592Z,32.7187,130.6922,10,4.4,mwr,36,107,1.223,0.92,us,us6000txqv,2026-09-26T02:06:47.040Z,"4 km NNE of Uto, Japan",earthquake,4.12,1.8,0.065,23,reviewed,us,us
2026-09-26T01:17:15.531Z,-21.2949,168.6129,10,4.7,mb,18,260,1.701,1.12,us,us6000txuu,2026-09-27T04:18:56.040Z,"80 km ENE of Tadine, New Caledonia",earthquake,8.92,1.986,0.153,13,reviewed,us,us
2026-09-26T01:10:19.430Z,-21.2883,168.3721,10,5.3,mb,31,217,1.573,0.73,us,us6000txqu,2026-09-26T01:22:16.040Z,"58 km ENE of Tadine, New Caledonia",earthquake,6.51,1.988,0.104,31,reviewed,us,us
2026-09-26T01:04:40.881Z,-21.297,168.6801,10,4.9,mb,23,143,1.74,0.52,us,us6000tz28,2026-10-07T00:24:46.040Z,"87 km ENE of Tadine, New Caledonia",earthquake,8.44,1.907,0.177,12,reviewed,us,us
2026-09-25T23:57:33.361Z,28.5792,104.6428,10,5,mb,49,59,7.399,0.68,us,us6000txql,2026-09-26T00:13:45.040Z,"15 km NNW of Xunchang, China",earthquake,3.48,1.876,0.061,85,reviewed,us,us
2026-09-25T23:52:35.158Z,-21.2023,168.4346,10,5.4,mb,29,206,1.677,1.03,us,us6000txqk,2026-09-26T23:57:11.848Z,"69 km ENE of Tadine, New Caledonia",earthquake,7.47,1.916,0.119,24,reviewed,us,us
2026-09-25T23:39:41.392Z,-21.3748,168.4446,10,5.5,mww,53,88,1.541,0.93,us,us6000txqi,2026-09-26T23:44:50.671Z,"61 km ENE of Tadine, New Caledonia",earthquake,7.58,1.867,0.086,13,reviewed,us,us
2026-09-25T23:32:44.392Z,-21.1532,168.5092,10,4.9,mb,26,191,1.756,1.29,us,us6000txqf,2026-09-25T23:50:33.040Z,"78 km NE of Tadine, New Caledonia",earthquake,8.76,1.842,0.125,20,reviewed,us,us
2026-09-25T22:58:30.213Z,-21.2156,168.6112,10,4.8,mb,23,146,1.762,0.75,us,us6000txq8,2026-10-05T03:40:05.040Z,"84 km ENE of Tadine, New Caledonia",earthquake,7.35,1.931,0.139,16,reviewed,us,us
2026-09-25T22:26:12.816Z,55.837,-161.554,176.2,2.7,ml,18,199,0.4,0.6,ak,aka2026tawtcn,2026-10-02T17:07:01.880Z,"28 km SW of Nelson Lagoon, Alaska",earthquake,37.2,5.865,0.4,13,reviewed,ak,ak
2026-09-25T22:23:50.199Z,63.295,-149.311,83.1,2.5,ml,57,31,0.2,0.6,ak,aka2026tawqyh,2026-10-02T17:03:50.949Z,"21 km WSW of Cantwell, Alaska",earthquake,2.6,2.8451,0.2,25,reviewed,ak,ak
2026-09-25T22:07:34.791Z,-21.2728,168.5744,10,5.1,mb,33,147,1.695,0.87,us,us6000txq2,2026-09-25T22:27:48.040Z,"78 km ENE of Tadine, New Caledonia",earthquake,7.66,1.853,0.094,37,reviewed,us,us
2026-09-25T21:45:34.106Z,54.538,-162.122,40,2.6,ml,14,230,0.6,0.4,ak,aka2026tavjsz,2026-10-02T16:52:14.038Z,"59 km SSE of King Cove, Alaska",earthquake,16.9,22.0341,0.1,8,reviewed,ak,ak
2026-09-25T21:23:03.309Z,-21.2982,168.61,10,6.6,mww,102,35,1.696,0.82,us,us6000txpi,2026-09-26T21:30:07.826Z,"80 km ENE of Tadine, New Caledonia",earthquake,8.58,1.85,0.052,36,reviewed,us,us
2026-09-25T21:21:58.355Z,52.279,-167.599,19.7,3.3,ml,22,235,1,0.5,ak,aka2026taupfj,2026-10-02T16:49:42.016Z,"112 km SE of Nikolski, Alaska",earthquake,6.6,5.5326,0.1,17,reviewed,ak,ak
2026-09-25T21:01:27.262Z,28.5744,104.7032,10,5,mb,64,67,7.409,0.61,us,us6000txpf,2026-09-25T21:18:30.040Z,"13 km N of Xunchang, China",earthquake,9.71,1.867,0.052,117,reviewed,us,us
2026-09-25T20:43:32.619Z,-24.0533,-179.9919,482.813,4.5,mb,69,96,5.49,0.93,us,us6000txpa,2026-09-25T21:38:10.040Z,"south of the Fiji Islands",earthquake,12.78,8.295,0.069,62,reviewed,us,us
2026-09-25T20:41:09.329Z,-11.7022,166.6797,223.583,4.6,mb,79,70,9.093,0.54,us,us6000txp8,2026-09-25T20:59:25.040Z,"144 km SE of Lata, Solomon Islands",earthquake,12.12,7.971,0.062,83,reviewed,us,us
2026-09-25T20:31:53.055Z,56.357,-156.285,9,2.9,ml,23,183,1.1,0.5,ak,aka2026tasxwj,2026-10-02T16:31:12.705Z,"131 km E of Chignik, Alaska",earthquake,4.6,3.4628,0.2,17,reviewed,ak,ak
2026-09-25T20:26:11.335Z,31.8713,-93.4352,6.098,2.7,mb_lg,27,67,0.142,1.04,us,us6000txp3,2026-09-26T12:21:57.516Z,"9 km NE of Pleasant Hill, Louisiana",earthquake,1.64,4.711,0.104,24,reviewed,us,us
2026-09-25T19:39:29.552Z,-8.2281,120.4296,14.458,4.8,mb,48,79,3.263,0.87,us,us6000txnq,2026-09-25T20:19:04.040Z,"42 km N of Ruteng, Indonesia",earthquake,9.91,4.231,0.086,42,reviewed,us,us
2026-09-25T19:14:53.531Z,26.8398,128.5171,14.142,4.7,mb,43,82,0.219,0.64,us,us6000txnm,2026-09-27T05:03:59.197Z,"36 km ENE of Kunigami, Japan",earthquake,19.12,8.755,0.099,31,reviewed,us,us
2026-09-25T18:38:00.754Z,54.595,-161.2887,35,2.6,ml,19,230,0.648,0.77,us,us6000tz5f,2026-10-03T14:33:06.040Z,"84 km SE of King Cove, Alaska",earthquake,5.49,2.017,0.115,10,reviewed,us,us
2026-09-25T18:01:21.042Z,31.379,-103.705,6.228,2.6,ml,22,63,0.1,0.1,tx,tx2026sxmsve,2026-10-03T15:47:13.040Z,"11 km NE of Toyah, Texas",earthquake,0.36629056764342,1.0836234948476,0.1,16,reviewed,tx,tx
2026-09-25T17:54:48.830Z,19.444333333333,-155.88033333333,7.47,3.22,ml,50,146,0.05557,0.21,hv,hv75043722,2026-10-03T15:45:49.040Z,"2 km SW of Honaunau-Napoopoo, Hawaii",earthquake,0.29,0.35,0.22985674598486,40,reviewed,hv,hv
2026-09-25T17:07:23.723Z,57.426,-155.344,68.4,2.5,ml,33,95,0.6,0.3,ak,aka2026tamcpb,2026-10-02T01:19:43.007Z,"55 km WSW of Karluk, Alaska",earthquake,5,4.1788,0.3,21,reviewed,ak,ak
2026-09-25T15:55:47.210Z,51.641,-177.8851,77.433,2.5,ml,10,189,0.115,0.19,us,us6000tyz2,2026-10-04T20:37:16.040Z,"90 km WSW of Adak, Alaska",earthquake,11.26,10.054,0.105,12,reviewed,us,us
2026-09-25T15:29:07.875Z,-33.9903,-72.1838,18.7,5.2,mww,102,51,0.579,1.07,us,us6000txme,2026-10-04T20:34:00.843Z,"69 km SW of San Antonio, Chile",earthquake,4.72,3.264,0.068,21,reviewed,us,us
2026-09-25T15:12:22.585Z,51.4665,-175.8631,35,2.7,ml,12,242,0.521,0.63,us,us6000tyz1,2026-10-04T20:27:30.040Z,"69 km SE of Adak, Alaska",earthquake,4.15,1.996,0.115,10,reviewed,us,us
2026-09-25T15:09:51.296Z,18.2589,146.049,109.354,4.4,mb,17,97,3.018,1.02,us,us6000tz3a,2026-10-04T20:24:34.040Z,"Pagan region, Northern Mariana Islands",earthquake,14.57,9.742,0.162,13,reviewed,us,us
2026-09-25T14:30:31.504Z,51.7918,178.2366,124.123,3.3,ml,14,170,0.231,0.86,us,us6000tyyz,2026-10-04T19:38:32.040Z,"Rat Islands, Aleutian Islands, Alaska",earthquake,6.11,5.186,0.097,14,reviewed,us,us
2026-09-25T13:52:07.869Z,53.3298,-164.8342,35,2.8,ml,12,224,0.935,0.38,us,us6000tyyy,2026-10-04T19:36:11.040Z,"108 km SE of Akutan, Alaska",earthquake,4.03,2.015,0.148,6,reviewed,us,us
2026-09-25T13:47:27.392Z,-6.8071,105.3486,10,4.7,mb,59,103,3.635,0.79,us,us6000txkc,2026-10-04T19:29:44.040Z,"71 km SW of Labuan, Indonesia",earthquake,11.12,1.854,0.086,53,reviewed,us,us
2026-09-25T13:17:57.160Z,17.915833333333,-66.2845,7.75,2.5,md,12,190,0.1221,0.22,pr,pr71534643,2026-09-25T13:32:12.960Z,"6 km SSE of Salinas, Puerto Rico",earthquake,0.55,0.43,0.27298754423735,11,reviewed,pr,pr
2026-09-25T12:37:32.903Z,52.123,-170.358,23.3,3.8,ml,30,215,0.7,1,ak,aka2026tadcql,2026-09-25T20:18:24.432Z,"136 km SW of Nikolski, Alaska",earthquake,11.7,4.2668,0.1,22,reviewed,ak,ak
2026-09-25T12:37:16.665Z,-59.849,-61.371,10,4.9,mb,37,130,5.099,0.69,us,us6000txk8,2026-09-25T12:59:50.040Z,"Drake Passage",earthquake,5.37,1.879,0.093,36,reviewed,us,us
2026-09-25T11:53:21.312Z,34.8425,77.5756,10,4.5,mb,43,79,3.76,0.84,us,us6000txk0,2026-09-25T12:46:43.040Z,"72 km E of Thang, India",earthquake,9.15,0.656,0.103,28,reviewed,us,us
2026-09-25T11:12:15.838Z,-21.8904,174.0792,23.966,5.3,mww,59,88,5.567,1.15,us,us6000txjy,2026-09-25T11:31:30.040Z,"Vanuatu region",earthquake,3.94,5.524,0.08,15,reviewed,us,us
2026-09-25T10:36:16.672Z,52.316,-168.089,57.1,3.2,ml,16,259,0.8,0.6,ak,aka2026szzbon,2026-10-02T00:29:00.528Z,"86 km SE of Nikolski, Alaska",earthquake,25.9,30.2072,0.1,11,reviewed,ak,ak
2026-09-25T09:32:29.781Z,54.4334,-159.552,35,2.6,ml,16,265,1.519,0.65,us,us6000tyyt,2026-10-02T09:20:39.040Z,"117 km SSE of Sand Point, Alaska",earthquake,6.65,2.024,0.128,8,reviewed,us,us
2026-09-25T09:04:36.938Z,38.1618,-1.0319,10,2.9,mb_lg,6,230,2.764,0.22,us,us6000txjq,2026-09-30T07:16:29.677Z,"4 km S of Abanilla, Spain",earthquake,9.43,2.015,0.361,2,reviewed,us,us
2026-09-25T08:04:58.145Z,53.9715,-163.3951,35,2.8,ml,18,233,0.705,0.44,us,us6000tyyp,2026-10-07T13:08:50.040Z,"98 km S of False Pass, Alaska",earthquake,2.75,1.978,0.148,6,reviewed,us,us
2026-09-25T07:19:40.131Z,3.8547,-75.8157,10,4.4,mb,31,108,1.786,0.94,us,us6000txjb,2026-10-07T12:48:06.040Z,"27 km ENE of La Cumbre, Colombia",earthquake,6.93,1.928,0.075,52,reviewed,us,us
2026-09-25T07:18:22.835Z,37.4345,138.6909,167.123,4.1,mb,40,151,0.969,0.31,us,us6000txjc,2026-10-07T12:40:17.040Z,"6 km E of Kariwa, Japan",earthquake,11.59,8.455,0.097,29,reviewed,us,us
2026-09-25T05:57:51.890Z,34.7286,-103.7598,9.36,2.5,mb_lg,20,65,1.114,0.33,us,us6000txj1,2026-09-25T06:20:16.040Z,"16 km NE of House, New Mexico",earthquake,3.5,7.564,0.102,26,reviewed,us,us
2026-09-25T05:41:42.360Z,41.564166666667,-109.8855,-2.54,3.13,ml,19,112,0.1149,0.18,uu,uu80157966,2026-09-25T15:04:10.940Z,"3 km NW of Little America, Wyoming",earthquake,0.45,1.19,0.20449336661194,22,reviewed,uu,uu
2026-09-25T05:35:50.000Z,37.4128,72.1784,212.621,4.3,mb,26,104,0.931,0.48,us,us6000txiw,2026-09-25T05:55:34.040Z,"52 km NNW of Khandūd, Afghanistan",earthquake,8.3,5.172,0.178,9,reviewed,us,us
2026-09-25T05:21:28.632Z,52.986,-167.01,26,2.7,ml,12,241,0.7,0.3,ak,aka2026szoomo,2026-10-01T23:36:01.457Z,"103 km SSW of Unalaska, Alaska",earthquake,13.9,6.5714,0.1,5,reviewed,ak,ak
2026-09-25T05:17:43.930Z,53.06,-167.136,46.5,2.9,ml,21,220,0.6,0.7,ak,aka2026szohri,2026-10-01T23:32:40.907Z,"99 km SSW of Unalaska, Alaska",earthquake,25.6,29.8849,0.1,17,reviewed,ak,ak
2026-09-25T05:15:03.260Z,18.336166666667,-65.377166666667,18.18,2.92,md,12,170,0.0943,0.31,pr,pr71534578,2026-09-25T05:48:15.900Z,"8 km WNW of Culebra, Puerto Rico",earthquake,1.49,0.78,0.33862697660954,8,reviewed,pr,pr
2026-09-25T05:10:44.905Z,51.334,-178.24,13.6,3.5,ml,27,208,0.4,0.5,ak,aka2026szoffz,2026-09-25T20:00:27.528Z,"126 km WSW of Adak, Alaska",earthquake,6.3,2.3793,0.2,20,reviewed,ak,ak
2026-09-25T04:27:40.435Z,-7.4036,125.6985,10,5,mb,45,91,6.37,1.13,us,us6000txim,2026-09-26T05:26:54.526Z,"124 km N of Metinaro, Timor Leste",earthquake,10.11,1.881,0.101,31,reviewed,us,us
2026-09-25T04:26:30.062Z,-11.3812,-77.721,45.943,4.4,mb,25,157,1.051,0.47,us,us6000txil,2026-09-25T21:15:32.018Z,"32 km SSW of Huacho, Peru",earthquake,6.32,10.345,0.093,33,reviewed,us,us
2026-09-25T04:26:14.013Z,53.3225,-164.0639,10,2.6,ml,11,257,1.235,0.85,us,us6000tyyb,2026-10-02T00:59:03.040Z,"144 km SE of Akutan, Alaska",earthquake,6.51,2.019,0.148,6,reviewed,us,us
2026-09-25T03:57:06.267Z,3.7579,-75.6505,10,4.2,mb,21,108,1.71,1.01,us,us6000txif,2026-10-01T23:08:12.040Z,"18 km WNW of Chaparral, Colombia",earthquake,4.69,1.949,0.159,11,reviewed,us,us
2026-09-25T02:42:31.424Z,43.5977,39.4641,10,4.1,mb,22,73,2,0.63,us,us6000txi7,2026-09-25T03:14:14.716Z,"16 km SSW of Vardane, Russia",earthquake,7.39,1.982,0.197,7,reviewed,us,us
2026-09-25T02:25:11.103Z,31.697,-104.536,4.5618,3,ml,37,69,0,0.2,tx,tx2026swhsch,2026-09-25T02:40:53.588Z,"55 km SSW of Whites City, New Mexico",earthquake,0.98570591898373,0.50599830523055,0.2,23,reviewed,tx,tx
2026-09-25T00:57:07.267Z,4.5217,-76.9788,52.219,4.5,mb,38,104,2.198,1.03,us,us6000txhs,2026-09-25T03:35:12.040Z,"39 km WSW of Sipí, Colombia",earthquake,6.02,8.233,0.118,21,reviewed,us,us
2026-09-25T00:48:50.266Z,54.288,-159.888,18.5,3.3,ml,24,262,1.4,0.6,ak,aka2026szfmha,2026-10-01T22:18:14.778Z,"123 km SSE of Sand Point, Alaska",earthquake,18.1,12.72,0.2,12,reviewed,ak,ak
2026-09-24T23:30:28.053Z,-6.0863,147.3935,53.586,5.3,mww,57,43,3.305,0.91,us,us6000txhp,2026-09-24T23:48:55.040Z,"72 km NW of Finschhafen, Papua New Guinea",earthquake,8.35,7.543,0.086,13,reviewed,us,us
2026-09-24T23:19:34.354Z,-37.4621,-71.293,174.336,4.2,mb,26,141,1.699,0.7,us,us6000txhl,2026-09-25T01:57:52.040Z,"63 km WSW of Andacollo, Argentina",earthquake,7.63,12.724,0.216,6,reviewed,us,us
2026-09-24T22:22:59.185Z,-29.4432,-177.6601,48.811,4.9,mb,40,110,0.307,0.97,us,us6000txha,2026-09-25T00:11:52.040Z,"Kermadec Islands, New Zealand",earthquake,11.93,5.099,0.098,35,reviewed,us,us
2026-09-24T21:34:13.611Z,41.725,-108.7673,0,2.9,ml,54,66,0.812,0.72,us,us6000txh0,2026-09-25T14:51:42.753Z,"5 km NNE of Point of Rocks, Wyoming",mining explosion,2.92,1.569,0.034,111,reviewed,us,us
2026-09-24T21:21:45.340Z,17.932666666667,-66.959666666667,7.71,2.65,md,8,227,0.08738,0.11,pr,pr71534443,2026-09-24T21:55:21.280Z,"6 km SW of Guánica, Puerto Rico",earthquake,0.95,0.3,0.026181482698899,3,reviewed,pr,pr
2026-09-24T20:57:01.030Z,31.676,-101.746,4.9072,2.8,ml,19,59,0,0.1,tx,tx2026svwvaw,2026-09-24T21:49:58.040Z,"32 km SW of Garden City, Texas",earthquake,1.0884101619899,2.3788123664415,0.2,18,reviewed,tx,tx
2026-09-24T20:33:21.651Z,31.671,-101.74,5.4932,3.2,ml,26,59,0,0.1,tx,tx2026svwaxy,2026-09-24T21:28:35.138Z,"32 km SW of Garden City, Texas",earthquake,0.81391185777764,0.73721573566934,0.1,25,reviewed,tx,tx
2026-09-24T20:18:27.487Z,63.082,-149.938,84.9,2.6,ml,98,29,0.6,0.8,ak,aka2026sywlqq,2026-10-01T19:42:59.215Z,"60 km SW of Cantwell, Alaska",earthquake,2.1,2.4674,0.2,68,reviewed,ak,ak
2026-09-24T20:05:25.988Z,1.9132,126.5357,48.469,4.6,mb,62,77,9.658,0.99,us,us6000txg5,2026-09-24T21:41:15.040Z,"155 km NW of Ternate, Indonesia",earthquake,9.08,6.806,0.076,52,reviewed,us,us
2026-09-24T18:00:47.703Z,-4.6356,152.2767,93.994,5.1,mb,65,86,0.456,0.89,us,us6000txf9,2026-09-24T18:17:56.040Z,"32 km S of Kokopo, Papua New Guinea",earthquake,9.86,6.093,0.055,108,reviewed,us,us
2026-09-24T17:57:29.290Z,18.777666666667,-67.91,20.14,3.04,md,6,203,0.5176,0.29,pr,pr71534418,2026-09-24T18:48:43.320Z,"56 km ENE of Punta Cana, Dominican Republic",earthquake,1.71,25.87,0.061775926933123,5,reviewed,pr,pr
2026-09-24T17:56:14.008Z,32.5209,-104.6353,5.068,3.4,ml,34,78,0.085,0.3,us,us6000txf7,2026-10-06T19:43:40.040Z,"33 km SSE of Hope, New Mexico",earthquake,1.87,6.5,0.055,86,reviewed,us,us
2026-09-24T17:52:17.460Z,59.674,-153.548,137.2,2.7,ml,119,53,0.2,0.8,ak,aka2026syrpcd,2026-10-06T19:42:00.040Z,"33 km ESE of Pedro Bay, Alaska",earthquake,3.4,1.4698,0.4,85,reviewed,ak,ak
2026-09-24T17:23:29.606Z,31.676,-101.727,6.1768,2.7,ml,25,60,0,0.1,tx,tx2026svpsys,2026-10-06T19:35:47.040Z,"31 km SW of Garden City, Texas",earthquake,0.79413513051536,1.3608064952404,0.2,28,reviewed,tx,tx
2026-09-24T17:14:34.608Z,3.896,-75.8681,10,4.1,mb,24,100,1.808,0.67,us,us6000txdx,2026-10-06T16:23:47.040Z,"25 km NE of La Cumbre, Colombia",earthquake,4.91,1.902,0.135,15,reviewed,us,us
2026-09-24T17:07:48.526Z,28.826,-98.936,8.6819,2.5,ml,17,81,0.2,0.2,tx,tx2026svpfvl,2026-10-06T15:10:39.040Z,"17 km ESE of Pearsall, Texas",earthquake,1.5858964571407,1.2668874964894,0.1,13,reviewed,tx,tx
2026-09-24T16:52:47.906Z,52.1563,-170.808,10,3.5,ml,18,213,0.871,0.98,us,us6000txfy,2026-10-01T19:28:44.803Z,"158 km SW of Nikolski, Alaska",earthquake,4.05,1.984,0.097,14,reviewed,us,us
2026-09-24T16:46:31.643Z,3.7112,-75.7489,10,4.6,mb,43,77,1.815,1.25,us,us6000txdb,2026-10-04T19:26:49.040Z,"23 km NNW of Rioblanco, Colombia",earthquake,7.56,1.605,0.071,59,reviewed,us,us
2026-09-24T16:28:01.662Z,-3.3098,139.9601,83.261,4.5,mb,34,77,1.084,0.66,us,us6000txcw,2026-10-04T19:24:39.040Z,"108 km SW of Abepura, Indonesia",earthquake,9.16,7.336,0.093,34,reviewed,us,us
2026-09-24T15:52:44.415Z,-15.8584,-173.6714,99.241,4.1,mb,17,102,2.663,0.79,us,us6000tyvf,2026-10-04T19:19:30.040Z,"17 km NE of Hihifo, Tonga",earthquake,7.74,7.676,0.233,9,reviewed,us,us
2026-09-24T15:40:27.890Z,36.635833333333,-119.273,29.53,2.51,md,16,63,0.11,0.19,nc,nc75440902,2026-10-06T01:25:10.618Z,"4 km ENE of Orange Cove, CA",earthquake,0.66,0.96,0.202,29,reviewed,nc,nc
2026-09-24T15:37:26.218Z,-8.658,159.5421,10,4.5,mb,28,104,0.873,0.48,us,us6000tyve,2026-10-04T18:58:07.040Z,"57 km S of Buala, Solomon Islands",earthquake,10.86,1.884,0.118,24,reviewed,us,us
2026-09-24T14:39:26.649Z,30.831,-103.394,3.3569,2.9,ml,25,77,0.3,0.2,tx,tx2026svkhwu,2026-10-04T15:06:56.040Z,"37 km ESE of Balmorhea, Texas",earthquake,1.1167775485272,3.73101979066,0.2,25,reviewed,tx,tx
2026-09-24T14:33:53.161Z,61.443,-146.424,17.8,2.7,ml,102,18,0.2,0.9,ak,aka2026sykywt,2026-10-01T19:05:31.166Z,"35 km N of Valdez, Alaska",earthquake,1.7,1.4304,0.2,71,reviewed,ak,ak
2026-09-24T14:14:05.188Z,61.1063,-140.0197,5,2.9,ml,25,92,0.558,0.98,us,us6000txc4,2026-10-01T19:03:23.169Z,"159 km ESE of McCarthy, Alaska",earthquake,3.12,1.989,0.053,46,reviewed,us,us
2026-09-24T14:02:42.293Z,14.1475,-93.213,10,4.5,mb,29,221,2.363,0.86,us,us6000txc1,2026-09-24T17:45:44.040Z,"106 km SW of Puerto Madero, Mexico",earthquake,10.78,1.964,0.08,46,reviewed,us,us
2026-09-24T12:29:58.824Z,-5.3396,151.4915,95.598,5.2,mb,50,94,1.323,0.82,us,us6000txbm,2026-09-24T12:44:54.040Z,"139 km SW of Kokopo, Papua New Guinea",earthquake,8.82,7.161,0.092,39,reviewed,us,us
2026-09-24T11:34:12.607Z,52.396,-167.34,17.2,3.5,ml,20,261,1.1,0.6,ak,aka2026syezcx,2026-10-01T18:43:11.373Z,"119 km ESE of Nikolski, Alaska",earthquake,6.9,5.7126,0.1,12,reviewed,ak,ak
2026-09-24T11:08:24.838Z,-30.2344,-177.8691,35,4.9,mb,37,82,0.987,1.12,us,us6000txb3,2026-09-24T11:42:21.040Z,"Kermadec Islands, New Zealand",earthquake,9.81,1.478,0.168,21,reviewed,us,us
2026-09-24T09:55:04.364Z,55.045,-153.294,5,3.2,ml,55,259,1.5,1.2,ak,aka2026sybrit,2026-10-01T16:52:29.440Z,"218 km SSE of Akhiok, Alaska",earthquake,5.4,0,0.2,42,reviewed,ak,ak
2026-09-24T09:38:10.067Z,31.682,-101.721,8.8623,2.7,ml,41,68,0,0.1,tx,tx2026svaiir,2026-09-24T13:15:24.911Z,"30 km SW of Garden City, Texas",earthquake,0.49202714100556,0.64815392849741,0.1,21,reviewed,tx,tx
2026-09-24T09:36:39.911Z,31.678,-101.742,5.3955,3,ml,35,59,0,0.1,tx,tx2026svahau,2026-09-24T21:07:02.040Z,"32 km SW of Garden City, Texas",earthquake,0.73722615474284,0.74343868397457,0.1,33,reviewed,tx,tx
2026-09-24T09:10:51.410Z,54.453,-162.775,82.8,2.7,ml,17,210,0.6,0.5,ak,aka2026syadyo,2026-10-01T16:47:51.294Z,"60 km SE of False Pass, Alaska",earthquake,22.6,8.0913,0.1,13,reviewed,ak,ak
2026-09-24T08:44:15.857Z,49.1727,154.8382,79.83,4.3,mb,25,135,4.332,0.71,us,us6000tyv7,2026-10-07T12:29:04.040Z,"191 km SSW of Severo-Kuril’sk, Russia",earthquake,15.05,9.184,0.122,19,reviewed,us,us
2026-09-24T08:38:12.561Z,55.123,-159.454,5.1,2.6,ml,17,247,0.9,0.4,ak,aka2026sxzcnz,2026-10-01T16:43:26.333Z,"70 km ESE of Sand Point, Alaska",earthquake,7.8,5.0679,0.2,12,reviewed,ak,ak
2026-09-24T08:36:08.785Z,31.671,-101.742,5.542,3.6,ml,37,40,0,0.1,tx,tx2026suygvy,2026-10-07T12:32:20.284Z,"32 km SW of Garden City, Texas",earthquake,0.65224989222147,0.59000503743581,0.2,28,reviewed,tx,tx
2026-09-24T08:27:27.340Z,35.6375,140.8168,51.549,4.4,mb,23,138,2.297,0.9,us,us6000tyv6,2026-10-07T12:12:25.040Z,"10 km S of Hasaki, Japan",earthquake,9.13,8.754,0.149,13,reviewed,us,us
2026-09-24T07:40:58.085Z,37.4638,38.7755,10,5.1,mwr,91,64,1.004,0.93,us,us6000tx9u,2026-10-07T09:53:01.335Z,"20 km SW of Hilvan, Turkey",earthquake,5.21,1.851,0.046,45,reviewed,us,us
2026-09-24T07:22:18.558Z,53.5607,-163.6974,37.057,4.1,mb,56,171,1.053,0.73,us,us6000txfp,2026-10-07T09:39:57.040Z,"145 km S of False Pass, Alaska",earthquake,6.26,5.856,0.099,28,reviewed,us,us
2026-09-24T07:07:04.384Z,-33.8528,-72.1461,26.66,4.4,mb,30,162,0.484,0.76,us,us6000tx9m,2026-10-07T09:30:28.040Z,"57 km WSW of San Antonio, Chile",earthquake,3.77,5.4,0.149,13,reviewed,us,us
2026-09-24T06:46:20.110Z,53.511,-164.786,14.7,2.7,ml,10,326,0.8,0.6,ak,aka2026sxvjmw,2026-10-01T16:14:44.547Z,"95 km SE of Akutan, Alaska",earthquake,26,8.7287,0.1,8,reviewed,ak,ak
2026-09-24T04:53:54.598Z,57.479,-154.259,23.5,2.9,ml,97,67,0.6,0.7,ak,aka2026sxrotv,2026-10-01T15:56:44.992Z,"15 km SE of Karluk, Alaska",earthquake,2.5,2.1736,0.2,72,reviewed,ak,ak
2026-09-24T03:59:57.049Z,59.554,-138.822,9.4,2.9,ml,43,119,0.3,0.8,ak,aka2026sxpvgj,2026-10-01T15:39:42.243Z,"51 km E of Yakutat, Alaska",earthquake,6,3.6165,0.2,31,reviewed,ak,ak
2026-09-24T03:30:26.013Z,-8.33,119.3665,10,4.5,mb,25,126,3.316,0.32,us,us6000tx8q,2026-09-24T03:51:50.040Z,"31 km NNW of Komodo, Indonesia",earthquake,8.23,1.799,0.144,14,reviewed,us,us
2026-09-24T03:18:04.078Z,51.438,179.5,20.6,2.7,ml,11,161,0.1,0.3,ak,aka2026sxokxq,2026-10-01T15:36:59.309Z,"271 km WSW of Adak, Alaska",earthquake,5.6,4.1796,0.2,6,reviewed,ak,ak
2026-09-24T03:11:42.650Z,35.312666666667,-117.804,7.18,2.62,ml,53,33,0.05664,0.15,ci,ci41338223,2026-09-24T22:05:55.217Z,"17 km WSW of Johannesburg, CA",earthquake,0.13,0.51,0.15325371687929,26,reviewed,ci,ci
2026-09-24T01:27:20.879Z,62.04,-149.755,26.3,3.7,ml,207,26,0.4,1.1,ak,aka2026sxksxl,2026-10-01T14:40:18.867Z,"14 km SSE of Susitna North, Alaska",earthquake,1.4,1.803,0.1,144,reviewed,ak,ak
2026-09-24T00:53:50.791Z,-17.2621,-176.2226,338.174,4.3,mb,32,82,4.291,0.95,us,us6000tx7k,2026-09-24T04:21:09.040Z,"282 km WNW of Neiafu, Tonga",earthquake,11.06,6.115,0.114,22,reviewed,us,us
2026-09-24T00:50:22.231Z,-24.067,-70.2995,37.277,3.8,mwr,24,147,0.598,1.21,us,us6000tx7j,2026-09-27T04:25:36.040Z,"46 km SSE of Antofagasta, Chile",earthquake,4.99,10.138,0.066,22,reviewed,us,us
2026-09-24T00:42:57.001Z,52.734,-167.847,24.8,2.5,ml,9,261,0.7,0.5,ak,aka2026sxjgjv,2026-10-01T14:30:11.273Z,"72 km ESE of Nikolski, Alaska",earthquake,15.2,8.9029,0.1,7,reviewed,ak,ak
2026-09-24T00:29:50.600Z,51.306,-176.789,38,2.5,ml,13,265,0.5,0.2,ak,aka2026sxivau,2026-10-01T14:29:14.692Z,"64 km S of Adak, Alaska",earthquake,11.4,7.0743,0.1,11,reviewed,ak,ak
2026-09-24T00:26:38.374Z,-1.8133,138.7809,35,4.6,mb,41,79,2.043,0.43,us,us6000tx7g,2026-09-24T03:42:13.040Z,"223 km WNW of Abepura, Indonesia",earthquake,9.84,1.918,0.093,35,reviewed,us,us
2026-09-24T00:07:28.770Z,18.0768,-68.2911,87,3.74,md,16,209,0.4463,0.45,pr,pr2026267000,2026-09-24T03:34:14.040Z,"47 km SE of Boca de Yuma, Dominican Republic",earthquake,3.81,2.26,0.17,14,reviewed,pr,pr
2026-09-24T00:05:26.465Z,62.782,-143.717,10,3,ml,90,42,0.5,1.2,ak,aka2026sxhzwp,2026-10-01T14:28:06.492Z,"15 km ENE of Slana, Alaska",earthquake,2.3,0,0.2,64,reviewed,ak,ak
2026-09-24T00:05:12.310Z,19.330333333333,-155.82766666667,7.39,3.18,ml,46,176,0.07731,0.25,hv,hv75042947,2026-09-24T10:20:10.548Z,"14 km SSE of Honaunau-Napoopoo, Hawaii",earthquake,0.58,0.38,0.21096047844399,38,reviewed,hv,hv
2026-09-23T22:31:20.377Z,-6.6396,148.2939,35,4.5,mb,23,151,2.968,0.65,us,us6000tye0,2026-09-29T21:45:57.040Z,"50 km E of Finschhafen, Papua New Guinea",earthquake,14.14,1.925,0.135,16,reviewed,us,us
2026-09-23T21:35:24.892Z,40.4629,141.994,69.964,4.4,mb,33,146,0.779,0.73,us,us6000tx6g,2026-09-29T21:27:19.040Z,"36 km NNE of Kuji, Japan",earthquake,6.44,6.718,0.118,21,reviewed,us,us
2026-09-23T20:44:36.440Z,35.309833333333,-117.8055,7.23,2.96,ml,54,32,0.05365,0.15,ci,ci41337999,2026-09-26T16:53:03.040Z,"17 km WSW of Johannesburg, CA",earthquake,0.13,0.43,0.13834156055928,176,reviewed,ci,ci
2026-09-23T20:09:44.688Z,3.8318,-75.4702,74.535,4.6,mb,69,57,1.525,1.07,us,us6000tx60,2026-09-25T21:22:06.498Z,"9 km S of San Antonio, Colombia",earthquake,17.59,20.234,0.058,89,reviewed,us,us
2026-09-23T19:59:30.120Z,35.311,-117.8015,6.47,2.45,ml,54,25,0.05661,0.19,ci,ci41337943,2026-09-23T20:26:27.660Z,"17 km WSW of Johannesburg, CA",earthquake,0.17,0.43,0.15338386172153,96,reviewed,ci,ci
2026-09-23T19:23:22.700Z,53.411,-165.844,20.4,2.5,ml,24,234,0.6,0.4,ak,aka2026swyphw,2026-10-07T07:24:26.256Z,"68 km SE of Unalaska, Alaska",earthquake,6.8,3.878,0.1,18,reviewed,ak,ak
2026-09-23T18:47:55.992Z,51.567,179.241,69.7,2.7,ml,15,142,0.2,0.2,ak,aka2026swxjxo,2026-10-07T07:16:09.339Z,"287 km W of Adak, Alaska",earthquake,9.3,4.2059,0.3,13,reviewed,ak,ak
2026-09-23T18:28:56.130Z,37.4185,-118.88916666667,6.05,2.66,md,40,35,0.1052,0.07,nc,nc75440422,2026-10-03T10:01:28.280Z,"24 km SW of Toms Place, CA",earthquake,0.19,0.96,0.13,37,reviewed,nc,nc
2026-09-23T18:14:46.956Z,52.087,-169.31,13.5,3.2,ml,23,226,0.7,0.5,ak,aka2026swwhuk,2026-10-07T07:12:24.440Z,"99 km SSW of Nikolski, Alaska",earthquake,7.9,4.1038,0.1,19,reviewed,ak,ak
2026-09-23T17:46:06.554Z,-16.3155,178.0237,10,5,mww,49,72,1.303,0.82,us,us6000tx58,2026-09-25T19:29:48.040Z,"139 km NNE of Ba, Fiji",earthquake,6.14,1.833,0.078,16,reviewed,us,us
2026-09-23T17:38:48.259Z,59.881,-152.838,101.5,2.8,ml,130,57,0.1,0.8,ak,aka2026swvbrg,2026-10-07T07:07:06.392Z,"57 km W of Anchor Point, Alaska",earthquake,2.3,1.3126,0.2,95,reviewed,ak,ak
2026-09-23T17:20:32.721Z,-14.6397,-175.0529,10,4.9,mb,65,51,3.253,0.84,us,us6000tx53,2026-09-23T17:40:54.040Z,"193 km SE of Mata-Utu, Wallis and Futuna",earthquake,10.92,1.864,0.052,117,reviewed,us,us
2026-09-23T16:48:37.534Z,-24.0947,-66.9376,188.827,4.6,mb,59,45,1.61,1.18,us,us6000tx4w,2026-10-05T21:04:29.040Z,"64 km WNW of San Antonio de los Cobres, Argentina",earthquake,8.79,5.05,0.136,16,reviewed,us,us
2026-09-23T16:38:10.741Z,59.407,-152.513,71.7,3.4,ml,200,78,0.4,0.9,ak,aka2026swtbxe,2026-10-06T21:28:36.961Z,"34 km W of Nanwalek, Alaska",earthquake,1.9,1.5236,0.1,133,reviewed,ak,ak
2026-09-23T16:36:32.521Z,11.5503,140.6463,54.289,4.4,mb,32,67,4.593,0.7,us,us6000tydq,2026-10-05T20:56:50.040Z,"197 km N of Fais, Micronesia",earthquake,12.51,6.942,0.12,20,reviewed,us,us
2026-09-23T16:03:42.755Z,53.822,-163.386,19.9,2.5,ml,23,238,0.9,0.5,ak,aka2026swrydh,2026-10-06T21:20:45.026Z,"114 km S of False Pass, Alaska",earthquake,6.1,5.876,0.1,19,reviewed,ak,ak
2026-09-23T16:00:10.550Z,36.860833333333,-121.415,7.36,2.56,md,86,33,0.01347,0.11,nc,nc75440387,2026-10-05T19:25:00.040Z,"2 km NW of Hollister, CA",earthquake,0.11,0.26,0.13,101,reviewed,nc,nc
2026-09-23T15:58:32.927Z,12.1231,144.3018,10,4.4,mb,18,157,1.558,0.71,us,us6000tydn,2026-10-05T18:18:09.040Z,"132 km SSW of Merizo Village, Guam",earthquake,12.39,1.938,0.17,10,reviewed,us,us
2026-09-23T15:34:53.093Z,63.2,-150.384,114.6,2.6,ml,93,37,0.7,0.7,ak,aka2026swqzfi,2026-10-05T17:23:27.040Z,"74 km WSW of Cantwell, Alaska",earthquake,2.4,2.8847,0.2,53,automatic,ak,ak
2026-09-23T15:21:21.433Z,43.949,147.4706,58.311,4.4,mb,52,134,3.521,0.84,us,us6000tydm,2026-10-05T17:21:00.040Z,"62 km ENE of Shikotan, Russia",earthquake,10.45,4.284,0.086,39,reviewed,us,us
2026-09-23T15:01:48.370Z,35.307,-117.80416666667,6.75,3.18,ml,53,55,0.05216,0.15,ci,ci41337695,2026-10-05T15:57:31.040Z,"17 km WSW of Johannesburg, CA",earthquake,0.13,0.37,0.14398008132521,192,reviewed,ci,ci
2026-09-23T14:45:38.284Z,-23.9074,178.9955,548.399,4.6,mb,62,121,6.194,0.78,us,us6000tx3n,2026-10-05T15:44:24.040Z,"south of the Fiji Islands",earthquake,14.09,7.285,0.053,106,reviewed,us,us
2026-09-23T14:41:02.688Z,-14.8019,-175.1949,10,5.7,mww,64,104,3.424,0.72,us,us6000tx3m,2026-10-05T15:36:15.187Z,"197 km NW of Hihifo, Tonga",earthquake,10.57,1.801,0.068,21,reviewed,us,us
2026-09-23T14:19:32.083Z,6.4935,125.9073,148.83,4.2,mb,42,108,0.659,0.69,us,us6000tx3l,2026-10-05T15:17:07.040Z,"20 km W of Luzon, Philippines",earthquake,12.25,5.714,0.098,29,reviewed,us,us
2026-09-23T13:30:25.056Z,57.202,-155.508,51.3,3.1,ml,130,112,0.6,1.2,ak,aka2026swmvfb,2026-10-05T15:03:00.040Z,"75 km WSW of Karluk, Alaska",earthquake,3.5,4.0648,0.2,83,automatic,ak,ak
2026-09-23T13:27:40.550Z,19.162166666667,-155.48483333333,10.48,2.57,ml,48,117,0.0225,0.19,hv,hv75042652,2026-10-05T15:00:06.040Z,"4 km S of Pāhala, Hawaii",earthquake,0.38,0.4,0.20228438767149,31,reviewed,hv,hv
2026-09-23T13:01:51.754Z,21.6538,143.0012,306.98,5,mb,150,26,5.469,0.58,us,us6000tx38,2026-10-07T13:11:53.472Z,"Mariana Islands region",earthquake,9.76,5.553,0.025,535,reviewed,us,us
2026-09-23T12:37:18.460Z,18.102333333333,-68.033333333333,42.45,3.21,md,11,202,0.5264,0.31,pr,pr71534228,2026-09-24T09:18:01.040Z,"65 km SE of Punta Cana, Dominican Republic",earthquake,2.11,3.93,0.18924057066513,8,reviewed,pr,pr
2026-09-23T12:23:20.274Z,1.217,126.5263,48.462,4.6,mb,32,93,14.357,0.5,us,us6000tx31,2026-09-23T13:15:01.040Z,"106 km WNW of Ternate, Indonesia",earthquake,12.65,5.914,0.109,25,reviewed,us,us
2026-09-23T12:19:12.731Z,56.3563,-149.1422,10,3.1,ml,44,199,2.361,0.43,us,us6000tx30,2026-10-02T20:13:48.192Z,"236 km SE of Chiniak, Alaska",earthquake,9.57,2.013,0.05,52,reviewed,us,us
2026-09-23T10:56:20.795Z,61.899,-150.919,68.6,3.2,ml,165,25,0.3,1.1,ak,aka2026swhrry,2026-09-24T09:08:21.040Z,"27 km ESE of Skwentna, Alaska",earthquake,1.7,2.3623,0.1,114,automatic,ak,ak
2026-09-23T10:52:08.290Z,33.574,-116.77016666667,12.56,2.63,ml,128,11,0.02028,0.19,ci,ci41337559,2026-09-30T06:47:31.040Z,"9 km WNW of Anza, CA",earthquake,0.1,0.26,0.16542257943406,181,reviewed,ci,ci
2026-09-23T10:50:05.702Z,61.384,-150.742,60.9,3.2,ml,174,29,0.4,1.1,ak,aka2026swhmgk,2026-09-24T10:55:09.585Z,"21 km SW of Susitna, Alaska",earthquake,1.8,2.2365,0.1,124,automatic,ak,ak
2026-09-23T10:33:05.103Z,13.8587,56.8032,10,4.4,mb,22,117,11.043,0.49,us,us6000tx2s,2026-09-23T12:49:04.040Z,"Socotra region",earthquake,6.73,1.936,0.139,15,reviewed,us,us
2026-09-23T10:17:51.238Z,60.458,-152.283,109.2,2.6,ml,115,34,0.2,0.6,ak,aka2026swgkjb,2026-10-07T08:43:26.105Z,"54 km W of Cohoe, Alaska",earthquake,2.2,1.4001,0.2,83,reviewed,ak,ak
2026-09-23T10:12:16.745Z,59.849,-152.704,93.9,2.8,ml,135,60,0.2,0.8,ak,aka2026swgfml,2026-10-06T21:10:35.379Z,"49 km W of Anchor Point, Alaska",earthquake,2.2,1.4141,0.2,96,reviewed,ak,ak
2026-09-23T09:21:14.600Z,-28.7298,-67.2912,121.534,5.3,mww,99,29,3.003,0.95,us,us6000tx29,2026-09-23T15:54:18.908Z,"51 km WSW of Arauco, Argentina",earthquake,7.48,6.317,0.057,30,reviewed,us,us
2026-09-23T09:19:33.860Z,55.445,-152.022,5,3.2,ml,56,247,1.6,0.6,ak,aka2026swelob,2026-10-02T22:16:20.869Z,"211 km SSE of Old Harbor, Alaska",earthquake,7.2,0,0.2,39,reviewed,ak,ak
2026-09-23T09:04:13.285Z,3.9146,-75.7321,10,4.2,mb,59,90,1.683,0.45,us,us6000tx28,2026-09-24T08:26:41.040Z,"17 km SW of Roncesvalles, Colombia",earthquake,5.74,1.916,0.098,29,reviewed,us,us
2026-09-23T08:41:58.018Z,-60.2661,-47.6004,10,4.9,mb,49,56,8.489,1.23,us,us6000tx23,2026-09-23T09:33:20.806Z,"Scotia Sea",earthquake,5.52,1.824,0.102,35,reviewed,us,us
2026-09-23T08:32:58.574Z,32.2341,-104.5044,8.033,2.8,ml,37,70,0.498,0.45,us,us6000tx1x,2026-09-23T09:45:57.040Z,"13 km WNW of Whites City, New Mexico",earthquake,2.55,7.77,0.047,60,reviewed,us,us
2026-09-23T07:36:24.790Z,-35.0606,-107.0125,10,4.9,mb,28,156,29.179,0.48,us,us6000tx1w,2026-09-24T06:45:47.040Z,"southern East Pacific Rise",earthquake,12.73,1.938,0.095,35,reviewed,us,us
2026-09-23T07:28:44.346Z,51.237,178.75,35.2,2.7,ml,12,280,0.4,0.9,ak,aka2026swatrm,2026-09-23T19:14:19.168Z,"Rat Islands, Aleutian Islands, Alaska",earthquake,9.8,5.0266,0.1,8,reviewed,ak,ak
2026-09-23T06:57:46.207Z,52.357,-165.408,20,2.6,ml,22,292,1.7,0.3,ak,aka2026svzswv,2026-10-02T19:57:51.179Z,"184 km SSE of Unalaska, Alaska",earthquake,7.2,0,0.1,17,reviewed,ak,ak
2026-09-23T06:33:48.129Z,51.837,179.276,106.1,2.5,ml,22,120,0.2,0.4,ak,aka2026svyycf,2026-10-02T19:49:10.777Z,"281 km W of Adak, Alaska",earthquake,14.1,3.4175,0.4,17,reviewed,ak,ak
2026-09-23T06:31:43.145Z,58.217,-151.446,22.3,2.6,ml,66,163,0.6,0.5,ak,aka2026svywgt,2026-10-02T19:47:45.427Z,"70 km ENE of Ouzinkie, Alaska",earthquake,4.5,4.1405,0.1,49,reviewed,ak,ak
2026-09-23T06:15:36.520Z,17.943,-66.951333333333,6.99,2.51,md,11,190,0.07565,0.13,pr,pr71534208,2026-09-23T06:56:27.980Z,"5 km SW of Guánica, Puerto Rico",earthquake,0.65,0.27,0.010167073275024,6,reviewed,pr,pr
2026-09-23T05:46:11.056Z,37.2772,71.768,141.19,4.7,mb,68,57,2.197,1.31,us,us6000tx16,2026-09-23T06:03:02.040Z,"30 km SE of Khorugh, Tajikistan",earthquake,6.84,7.306,0.056,98,reviewed,us,us
2026-09-23T05:44:38.767Z,54.326,-159.945,5,2.7,ml,21,253,1.4,0.5,ak,aka2026svxhnr,2026-10-02T19:30:49.433Z,"117 km SSE of Sand Point, Alaska",earthquake,7.2,0,0.3,14,reviewed,ak,ak
2026-09-23T05:33:37.383Z,39.6017,-119.7884,5.092,2.77,ml,35,56,0.024,0.1387,nn,nn00924762,2026-09-24T07:12:28.040Z,"1 km WNW of Sun Valley, Nevada",earthquake,,0.6608,0.31,11,reviewed,nn,nn
2026-09-23T05:08:42.441Z,32.401,-102.046,7.1533,3,ml,45,60,0,0.1,tx,tx2026ssvrgl,2026-09-23T05:20:30.040Z,"34 km WSW of Ackerly, Texas",earthquake,0.33013157393889,0.62660144441535,0.1,41,reviewed,tx,tx
2026-09-23T04:46:40.514Z,3.8154,-75.7193,10,4.2,mb,42,80,1.729,0.88,us,us6000tx0t,2026-10-04T05:11:32.040Z,"25 km SSW of Roncesvalles, Colombia",earthquake,5.77,1.903,0.098,29,reviewed,us,us
2026-09-23T04:44:49.368Z,51.3457,-178.5858,61.998,2.8,ml,20,201,0.252,0.27,us,us6000tyxq,2026-10-03T23:44:16.040Z,"147 km WSW of Adak, Alaska",earthquake,7.68,13.718,0.085,18,reviewed,us,us
2026-09-23T04:36:36.621Z,3.7317,-75.7776,10,4.2,mb,31,79,1.825,0.58,us,us6000tx0s,2026-10-04T03:55:10.040Z,"26 km NNW of Rioblanco, Colombia",earthquake,5.99,1.947,0.128,17,reviewed,us,us
2026-09-23T03:59:57.750Z,35.306333333333,-117.80266666667,6.57,2.51,ml,50,32,0.05247,0.14,ci,ci41337407,2026-10-04T01:06:16.040Z,"17 km WSW of Johannesburg, CA",earthquake,0.13,0.34,0.1825433273013,107,reviewed,ci,ci
2026-09-23T03:53:41.256Z,55.281,-158.757,18.5,2.5,ml,17,257,0.8,0.3,ak,aka2026svtpfm,2026-10-01T21:17:47.380Z,"74 km SSE of Perryville, Alaska",earthquake,8.8,7.0192,0.1,12,reviewed,ak,ak
2026-09-23T03:52:06.685Z,-57.7093,-25.5725,29.227,4.6,mb,22,80,7.017,0.95,us,us6000tyda,2026-10-03T23:30:58.040Z,"South Sandwich Islands region",earthquake,12.58,6.69,0.122,20,reviewed,us,us
2026-09-23T03:07:08.150Z,-29.6204,-71.4313,60.405,4.3,mb,25,156,0.341,0.7,us,us6000tx0f,2026-10-04T00:59:46.135Z,"36 km NNW of La Serena, Chile",earthquake,5.45,5.526,0.188,8,reviewed,us,us
2026-09-23T02:54:50.222Z,54.4239,-160.3204,11.859,2.5,ml,14,265,1.153,0.74,us,us6000tyxl,2026-10-03T23:41:44.040Z,"102 km S of Sand Point, Alaska",earthquake,6.77,13.262,0.148,6,reviewed,us,us
2026-09-23T02:47:34.663Z,-4.5474,129.5608,173.637,4.1,mb,15,156,4.031,0.35,us,us6000tyd9,2026-10-03T23:26:57.040Z,"151 km SSE of Amahai, Indonesia",earthquake,13.95,11.307,0.174,9,reviewed,us,us
2026-09-23T02:16:59.235Z,32.436,-102.098,6.958,2.8,ml,55,53,0,0.1,tx,tx2026sspzfy,2026-10-04T00:54:11.040Z,"35 km SSW of Los Ybanez, Texas",earthquake,0.38989822901162,0.38431358801123,0.1,41,reviewed,tx,tx
2026-09-23T02:02:43.786Z,-8.1714,120.7818,10,4.4,mb,20,129,3.299,1.32,us,us6000tx08,2026-10-04T00:04:03.040Z,"59 km NE of Ruteng, Indonesia",earthquake,12.4,1.925,0.149,13,reviewed,us,us
2026-09-23T01:44:15.112Z,46.8379,153.0445,35,4.4,mb,35,136,6.956,0.77,us,us6000tx07,2026-10-04T00:00:23.040Z,"Kuril Islands",earthquake,10.19,1.84,0.12,20,reviewed,us,us
2026-09-23T00:44:14.951Z,31.5442,50.9455,10,4.3,mb,22,102,5.64,0.75,us,us6000tx02,2026-09-29T20:48:13.040Z,"56 km SW of Borūjen, Iran",earthquake,9.21,1.963,0.153,12,reviewed,us,us
2026-09-23T00:30:03.268Z,30.2005,-42.0943,10,4.5,mb,35,167,15.666,0.55,us,us6000tyd7,2026-09-29T20:43:54.040Z,"northern Mid-Atlantic Ridge",earthquake,10.55,1.953,0.105,27,reviewed,us,us
2026-09-23T00:05:39.397Z,52.599,-169.422,5.5,2.5,ml,21,250,0.3,0.8,ak,aka2026svlznh,2026-10-01T20:35:56.445Z,"53 km SW of Nikolski, Alaska",earthquake,8.7,2.8675,0.1,17,reviewed,ak,ak
2026-09-22T23:30:04.890Z,-57.6506,-25.7932,74.851,4.5,mb,19,91,6.884,0.77,us,us6000ty6e,2026-09-28T22:14:52.040Z,"South Sandwich Islands region",earthquake,12.19,8.05,0.132,17,reviewed,us,us
2026-09-22T23:25:21.589Z,50.928,179.019,24.8,2.9,ml,14,274,0.5,0.3,ak,aka2026svkqop,2026-10-01T20:57:20.887Z,"Rat Islands, Aleutian Islands, Alaska",earthquake,11.8,7.4184,0.1,11,reviewed,ak,ak
2026-09-22T22:39:05.386Z,52.003,-169.199,13.5,2.7,ml,21,237,0.8,0.5,ak,aka2026svjclg,2026-10-01T20:48:29.398Z,"106 km SSW of Nikolski, Alaska",earthquake,7,4.3176,0.2,17,reviewed,ak,ak
2026-09-22T22:27:39.202Z,-6.9129,105.4674,35,4.5,mb,40,103,2.134,0.65,us,us6000twzp,2026-09-28T21:59:07.040Z,"71 km SW of Labuan, Indonesia",earthquake,13.11,1.929,0.101,29,reviewed,us,us
2026-09-22T22:24:12.452Z,52.091,-171.057,67,2.8,ml,17,212,1,0.4,ak,aka2026svipty,2026-10-01T20:39:53.820Z,"176 km WSW of Nikolski, Alaska",earthquake,31.2,13.8771,0.1,14,reviewed,ak,ak
2026-09-22T22:12:26.626Z,3.9539,-75.8291,10,4.6,mb,28,115,1.745,0.71,us,us6000twzi,2026-09-28T21:56:09.040Z,"25 km WSW of Roncesvalles, Colombia",earthquake,6.56,1.947,0.172,10,reviewed,us,us
2026-09-22T22:01:26.080Z,18.744833333333,-64.624833333333,15.16,2.63,md,4,264,0.323,0.02,pr,pr71534123,2026-09-22T22:11:05.130Z,"49 km NNE of Cruz Bay, U.S. Virgin Islands",earthquake,0.84,1.62,0.18492426652475,4,reviewed,pr,pr
2026-09-22T21:52:18.860Z,55.518,-158.938,4.1,2.6,ml,22,240,0.6,0.5,ak,aka2026svhnuz,2026-10-01T20:28:38.169Z,"45 km SSE of Perryville, Alaska",earthquake,7,3.8049,0.1,15,reviewed,ak,ak
2026-09-22T21:11:00.246Z,52.002,-169.277,16,3.1,ml,33,228,0.8,0.6,ak,aka2026svgdzf,2026-10-01T19:46:09.150Z,"108 km SSW of Nikolski, Alaska",earthquake,4.7,3.8682,0.1,25,reviewed,ak,ak
2026-09-22T21:00:49.638Z,52,-169.261,11.9,3.1,ml,30,228,0.8,0.5,ak,aka2026svfvft,2026-10-01T19:34:51.272Z,"107 km SSW of Nikolski, Alaska",earthquake,6.3,3.1378,0.1,24,reviewed,ak,ak
2026-09-22T20:50:53.538Z,54.8509,-160.0964,35,3.9,mb,31,208,1.062,0.64,us,us6000twyy,2026-10-04T18:33:17.040Z,"59 km SSE of Sand Point, Alaska",earthquake,3.01,1.975,0.297,3,reviewed,us,us
2026-09-22T20:34:43.245Z,9.7992,126.285,10,4.7,mb,62,97,2.8,1.26,us,us6000twys,2026-10-04T18:31:38.484Z,"19 km ENE of Union, Philippines",earthquake,9.21,1.826,0.081,46,reviewed,us,us
2026-09-22T20:28:43.916Z,51.5331,16.1149,5,4.4,mb,68,43,1.192,0.83,us,us6000twyp,2026-09-29T20:12:27.040Z,"4 km NE of Polkowice, Poland",earthquake,4.85,1.878,0.089,37,reviewed,us,us
2026-09-22T20:11:49.199Z,-20.8795,-175.6376,94.085,5,mb,38,107,5.662,0.79,us,us6000twyf,2026-10-04T17:04:14.040Z,"47 km NW of Houma, Tonga",earthquake,14.69,10.929,0.09,39,reviewed,us,us
2026-09-22T19:51:18.236Z,55.24,-159.091,8.7,2.7,ml,19,251,0.8,0.4,ak,aka2026svdmzd,2026-10-01T18:52:15.268Z,"74 km S of Perryville, Alaska",earthquake,7.1,3.9951,0.1,13,reviewed,ak,ak
2026-09-22T19:18:39.210Z,19.5575,-65.408833333333,12.38,3.34,md,17,237,1.249,0.48,pr,pr71534068,2026-10-04T16:01:21.040Z,"133 km NNE of Vieques, Puerto Rico",earthquake,2.55,4.18,0.10465315226607,13,reviewed,pr,pr
2026-09-22T19:00:05.090Z,40.41,-125.1355,10,2.6,md,54,271,0.6126,0.32,nc,nc75440082,2026-10-05T21:22:21.040Z,"73 km W of Petrolia, CA",earthquake,1.11,31.61,0.273,42,reviewed,nc,nc
2026-09-22T18:48:34.683Z,-25.1618,-178.5945,407.569,4.3,mb,29,179,4.11,0.71,us,us6000twxv,2026-10-04T15:59:09.040Z,"south of the Fiji Islands",earthquake,12.64,5.661,0.116,21,reviewed,us,us
2026-09-22T16:56:07.757Z,54.593,-160.187,10.3,3.1,ml,42,217,1.1,0.7,ak,aka2026suxreh,2026-10-01T00:26:32.902Z,"85 km SSE of Sand Point, Alaska",earthquake,5.3,8.4797,0.2,31,reviewed,ak,ak
2026-09-22T16:50:40.191Z,31.668,-104.402,6.0999,2.6,ml,39,70,0,0.2,tx,tx2026srxfgq,2026-09-23T07:32:49.833Z,"56 km S of Whites City, New Mexico",earthquake,1.1429477757923,1.0620998385362,0.1,24,reviewed,tx,tx
2026-09-22T16:23:51.562Z,51.225,-177.026,19.2,2.7,ml,27,227,0.6,0.7,ak,aka2026suwpbt,2026-10-01T00:24:56.943Z,"77 km SSW of Adak, Alaska",earthquake,5.3,3.0876,0.1,21,reviewed,ak,ak
2026-09-22T16:09:09.440Z,41.7997,82.3165,10,4.5,mb,75,79,2.59,0.81,us,us6000twwy,2026-09-22T18:20:20.040Z,"51 km W of Kuqa, China",earthquake,7.01,1.838,0.084,48,reviewed,us,us
2026-09-22T16:07:21.955Z,31.605,-103.933,7.7533,2.5,ml,37,45,0,0.1,tx,tx2026srvtwi,2026-09-22T16:15:16.344Z,"33 km WSW of Mentone, Texas",earthquake,0.32837997722643,0.34741968324626,0.2,25,reviewed,tx,tx
2026-09-22T15:23:58.970Z,40.4815,-124.79266666667,23.91,2.77,md,89,235,0.3397,0.15,nc,nc75439987,2026-10-04T23:22:34.190Z,"46 km WSW of Ferndale, CA",earthquake,0.7,3.73,0.28,58,reviewed,nc,nc
2026-09-22T14:20:46.022Z,67.389,-157.308,5,3.5,ml,76,83,1.3,1.3,ak,aka2026susmgb,2026-09-24T21:40:31.617Z,"41 km NE of Ambler, Alaska",earthquake,3.1,0,0.1,28,reviewed,ak,ak
2026-09-22T14:12:26.941Z,52.007,-169.129,4.7,2.5,ml,10,250,0.9,0.3,ak,aka2026susfec,2026-09-30T23:53:01.813Z,"105 km S of Nikolski, Alaska",earthquake,10.6,4.48,0.2,7,reviewed,ak,ak
2026-09-22T14:11:48.876Z,50.212,178.975,5.8,2.9,ml,19,292,1.2,0.6,ak,aka2026susevq,2026-09-30T23:50:31.618Z,"Rat Islands, Aleutian Islands, Alaska",earthquake,8.1,3.9388,0.1,13,reviewed,ak,ak
2026-09-22T14:04:26.179Z,50.451,-174.816,15.1,2.9,ml,25,252,1.7,0.5,ak,aka2026suryen,2026-09-30T23:45:21.512Z,"198 km SSW of Atka, Alaska",earthquake,14.6,10.4485,0.2,18,reviewed,ak,ak
2026-09-22T13:56:15.091Z,50.4343,156.4937,83.948,4.6,mb,113,133,2.781,0.63,us,us7000tj5n,2026-09-22T16:38:36.040Z,"37 km SE of Severo-Kuril’sk, Russia",earthquake,10.27,7.004,0.045,156,reviewed,us,us
2026-09-22T13:48:19.982Z,39.9178,143.248,38.179,4.4,mb,48,146,1.882,0.58,us,us7000tj5m,2026-09-22T16:18:29.040Z,"115 km ENE of Miyako, Japan",earthquake,7.68,6.658,0.102,28,reviewed,us,us
2026-09-22T12:45:54.361Z,61.1047,-140.0156,5.158,2.8,ml,19,124,0.559,0.79,us,us7000tj5e,2026-09-30T23:32:48.596Z,"160 km ESE of McCarthy, Alaska",earthquake,2.76,7.368,0.046,62,reviewed,us,us
2026-09-22T12:05:33.667Z,53.367,-164.839,8.4,2.6,ml,12,280,0.9,0.3,ak,aka2026sunzdt,2026-09-30T23:22:06.711Z,"105 km SE of Akutan, Alaska",earthquake,9.1,4.1947,0.2,7,reviewed,ak,ak
2026-09-22T11:52:25.293Z,53.462,-164.354,12.5,3.3,ml,45,221,1,0.5,ak,aka2026sunnue,2026-09-30T23:08:50.333Z,"119 km SE of Akutan, Alaska",earthquake,4.5,6.1958,0.2,40,reviewed,ak,ak
2026-09-22T11:43:45.547Z,14.113,-91.1165,88.793,4.7,mb,95,162,1.314,0.66,us,us7000tj58,2026-09-23T03:01:39.780Z,"7 km WNW of La Gomera, Guatemala",earthquake,8.97,3.735,0.027,401,reviewed,us,us
2026-09-22T11:37:12.130Z,39.6629,143.3539,25.669,4.4,mb,32,138,2.083,0.65,us,us7000tj57,2026-09-22T12:49:46.040Z,"121 km E of Miyako, Japan",earthquake,8.97,6.658,0.112,23,reviewed,us,us
2026-09-22T11:29:41.886Z,36.5213,70.898,192.749,4.4,mb,83,72,2.19,0.77,us,us7000tj55,2026-09-22T11:50:42.040Z,"38 km S of Jurm, Afghanistan",earthquake,5.75,7.059,0.063,72,reviewed,us,us
2026-09-22T10:46:22.312Z,29.0367,128.8944,10,5.1,mww,67,99,2.809,0.86,us,us7000tj4y,2026-09-22T11:06:19.040Z,"88 km NNW of Uken, Japan",earthquake,5.87,1.578,0.065,23,reviewed,us,us
2026-09-22T10:38:42.183Z,3.8183,-75.7321,10,4.1,mb,24,99,1.738,0.61,us,us7000tj4x,2026-09-23T10:25:24.040Z,"25 km SSW of Roncesvalles, Colombia",earthquake,4.68,1.981,0.262,4,reviewed,us,us
2026-09-22T10:30:19.045Z,-6.3408,128.6303,295.618,4.6,mb,43,88,6.916,0.45,us,us7000tj4v,2026-09-22T10:48:32.040Z,"296 km S of Ambon, Indonesia",earthquake,11.79,8.299,0.084,43,reviewed,us,us
2026-09-22T10:15:03.419Z,52.619,-164.708,20.9,2.7,ml,20,260,1.6,0.4,ak,aka2026sukhki,2026-09-30T22:41:29.677Z,"182 km SSE of Akutan, Alaska",earthquake,16.9,17.8878,0.1,13,reviewed,ak,ak
2026-09-22T10:00:31.232Z,-26.3979,-179.3736,431.374,4.3,mb,38,137,8.935,0.8,us,us7000tj4r,2026-09-22T13:08:59.040Z,"south of the Fiji Islands",earthquake,15.93,8.875,0.086,38,reviewed,us,us
2026-09-22T09:49:42.085Z,49.7217,34.4683,10,4.4,mb,31,43,3.508,0.52,us,us7000tj54,2026-09-24T00:14:02.354Z,"12 km SSW of Dykanka, Ukraine",earthquake,7.59,1.935,0.139,15,reviewed,us,us
2026-09-22T09:35:10.144Z,-21.9846,-68.6595,110.957,4.3,mb,35,98,0.572,0.65,us,us7000tj4l,2026-09-22T10:36:09.040Z,"58 km NNE of Calama, Chile",earthquake,5.37,5.735,0.105,26,reviewed,us,us
2026-09-22T08:48:00.581Z,57.295,-154.827,50.9,3.7,ml,235,150,0.3,1.1,ak,aka2026suhjvu,2026-09-24T21:24:19.263Z,"37 km SW of Karluk, Alaska",earthquake,2.8,3.1132,0.2,129,reviewed,ak,ak
2026-09-22T08:32:53.058Z,52.456,-174.66,223.5,2.8,ml,38,167,0.3,0.6,ak,aka2026sugwco,2026-09-30T20:45:36.991Z,"42 km NW of Atka, Alaska",earthquake,42.4,3.958,0.3,29,reviewed,ak,ak
2026-09-22T08:04:38.331Z,31.666,-104.25,6.0999,3.1,ml,40,65,0,0.2,tx,tx2026srfrih,2026-09-25T05:05:07.147Z,"57 km SSE of Whites City, New Mexico",earthquake,0.76887768000985,0.52931166278514,0.2,27,reviewed,tx,tx
2026-09-22T07:30:17.660Z,18.5955,-66.755166666667,16.66,2.76,md,19,211,0.1258,0.15,pr,pr71534028,2026-09-22T08:41:15.440Z,"13 km NNE of Carrizales, Puerto Rico",earthquake,0.55,0.34,0.086689153129687,7,reviewed,pr,pr
2026-09-22T07:06:23.410Z,40.367333333333,-124.911,15.89,2.73,md,84,242,0.4499,0.24,nc,nc75439872,2026-10-03T00:51:00.458Z,"53 km W of Petrolia, CA",earthquake,0.9,1.77,0.287,54,reviewed,nc,nc
2026-09-22T06:48:09.705Z,11.0957,124.2096,10,4.6,mb,44,99,4.223,0.64,us,us7000tj3v,2026-09-22T07:50:06.452Z,"19 km ENE of Nailong, Philippines",earthquake,12.88,1.887,0.085,41,reviewed,us,us
2026-09-22T06:11:10.037Z,23.003,142.3395,10,4.9,mb,103,94,10.51,0.61,us,us7000tj3s,2026-09-22T06:30:53.040Z,"Volcano Islands, Japan region",earthquake,10.89,1.879,0.037,235,reviewed,us,us
2026-09-22T05:49:01.328Z,51.256,-178.533,0.1,3.5,ml,39,207,0.3,0.5,ak,aka2026subkpx,2026-09-22T16:03:30.835Z,"148 km WSW of Adak, Alaska",earthquake,4.9,2.4368,0.2,27,reviewed,ak,ak
2026-09-22T05:31:33.019Z,-16.8256,-177.6628,428.123,4,mb,41,126,2.865,0.81,us,us7000tj3l,2026-09-22T07:36:51.040Z,"282 km S of Alo, Wallis and Futuna",earthquake,16.93,9.141,0.092,32,reviewed,us,us
2026-09-22T05:18:24.687Z,23.1331,142.4369,10,5,mb,108,119,10.557,1.02,us,us7000tj3k,2026-09-22T05:38:04.040Z,"Volcano Islands, Japan region",earthquake,10.98,1.873,0.036,247,reviewed,us,us
2026-09-22T05:15:14.407Z,36.45,-101.74,2.2217,2.5,ml,11,127,0.4,0.2,tx,tx2026sraean,2026-09-22T13:57:43.557Z,"6 km SE of Texhoma, Texas",earthquake,1.6077942218863,1.5601658711336,0.2,5,reviewed,tx,tx
2026-09-22T03:58:46.799Z,53.59,-164.895,27.1,2.6,ml,15,220,0.7,0.7,ak,aka2026stxsyg,2026-09-30T19:22:56.312Z,"83 km SE of Akutan, Alaska",earthquake,10.7,5.507,0.2,10,reviewed,ak,ak
2026-09-22T03:56:45.246Z,53.522,-164.749,9,2.6,ml,20,242,0.8,0.6,ak,aka2026stxrkm,2026-09-30T19:19:12.194Z,"95 km SE of Akutan, Alaska",earthquake,8,4.2815,0.1,13,reviewed,ak,ak
2026-09-22T03:49:07.614Z,51.102,-178.969,20.8,3,ml,37,217,0.5,0.6,ak,aka2026stxksg,2026-09-30T19:17:48.070Z,"183 km WSW of Adak, Alaska",earthquake,5.5,2.8958,0.1,28,reviewed,ak,ak
2026-09-22T03:36:25.949Z,-8.3909,121.4677,10,4.7,mb,20,126,3.763,1.15,us,us7000tj37,2026-09-22T04:04:43.040Z,"54 km NNW of Ende, Indonesia",earthquake,12.45,1.91,0.142,15,reviewed,us,us
2026-09-22T02:49:22.080Z,18.3008,-68.9756,174,3.97,md,24,230,0.6313,0.22,pr,pr2026265000,2026-09-23T12:19:49.274Z,"14 km S of La Romana, Dominican Republic",earthquake,4.19,1.46,0.18,8,reviewed,pr,pr
2026-09-22T01:03:53.946Z,51.481,-175.228,22.2,2.7,ml,22,239,0.7,0.5,ak,aka2026strxlb,2026-09-30T16:02:11.200Z,"106 km SW of Atka, Alaska",earthquake,9.6,4.6625,0.1,18,reviewed,ak,ak
2026-09-22T00:44:44.011Z,52.2568,-171.031,121.396,3.9,mb,36,208,0.862,0.54,us,us7000tj31,2026-09-28T21:06:38.040Z,"165 km WSW of Nikolski, Alaska",earthquake,9.89,4.691,0.105,24,reviewed,us,us
2026-09-22T00:08:04.727Z,19.2155,121.0898,10,4.8,mb,76,118,3.584,0.64,us,us7000tj21,2026-09-28T20:49:06.040Z,"67 km N of Claveria, Philippines",earthquake,8.99,1.869,0.06,85,reviewed,us,us
2026-09-22T00:07:14.638Z,36.5406,70.7921,194.318,4.2,mb,35,70,2.224,0.51,us,us7000tj20,2026-09-28T20:23:24.040Z,"36 km S of Jurm, Afghanistan",earthquake,4.62,8.817,0.147,13,reviewed,us,us
2026-09-21T23:48:13.188Z,4.5364,125.3444,10,5.3,mb,81,63,2.527,0.53,us,us7000tj1s,2026-09-26T04:38:15.040Z,"96 km S of Sarangani, Philippines",earthquake,9.92,1.777,0.048,144,reviewed,us,us
2026-09-21T23:39:42.591Z,38.6981,-118.4748,8.3941,2.48,ml,23,67,0.079,0.183,nn,nn00924700,2026-09-22T04:25:02.040Z,"23 km NE of Hawthorne, Nevada",earthquake,,1.0494,0.25,14,reviewed,nn,nn
2026-09-21T23:29:20.678Z,53.672,-165.158,34.5,3.3,ml,46,203,0.5,0.4,ak,aka2026stotia,2026-09-30T05:46:54.104Z,"65 km SE of Akutan, Alaska",earthquake,5.3,5.3714,0.2,32,reviewed,ak,ak
2026-09-21T23:15:33.754Z,3.8161,-75.6817,13.28,4.4,mb,19,82,1.698,0.84,us,us7000tj1k,2026-09-26T04:15:13.040Z,"23 km SSW of Roncesvalles, Colombia",earthquake,5.26,5.448,0.134,16,reviewed,us,us
2026-09-21T23:14:44.560Z,68.262,-145.326,7.1,2.5,ml,35,83,0.2,0.9,ak,aka2026stogux,2026-09-30T05:41:08.048Z,"17 km NNE of Arctic Village, Alaska",earthquake,3.4,2.1073,0.2,25,reviewed,ak,ak
2026-09-21T23:08:02.620Z,35.7205,-121.01716666667,5.19,2.54,md,64,62,0.1074,0.08,nc,nc75439717,2026-10-01T20:33:37.401Z,"12 km W of Lake Nacimiento, CA",earthquake,0.12,0.41,0.093,43,reviewed,nc,nc
2026-09-21T22:58:21.971Z,4.0089,-75.5843,10,4.2,mb,17,147,1.508,0.71,us,us7000tj1f,2026-09-26T04:09:30.040Z,"2 km E of Roncesvalles, Colombia",earthquake,5.26,1.993,0.236,5,reviewed,us,us
2026-09-21T22:32:46.313Z,53.848,-166.821,9.7,2.5,ml,22,80,0.1,0.3,ak,aka2026stmwaj,2026-09-30T05:30:16.333Z,"18 km WSW of Dutch Harbor, Alaska",earthquake,5.3,1.5157,0.2,18,reviewed,ak,ak
2026-09-21T22:29:59.302Z,37.5254,142.0357,35,4.5,mb,47,133,3.215,0.63,us,us7000tj1b,2026-09-26T03:45:01.040Z,"91 km E of Namie, Japan",earthquake,6.92,1.927,0.102,28,reviewed,us,us
2026-09-21T22:01:55.964Z,13.8129,-92.8335,10,4.4,mb,38,224,2.545,0.91,us,us7000tj11,2026-09-26T03:40:34.040Z,"103 km SW of Brisas Barra de Suchiate, Mexico",earthquake,10.15,1.986,0.058,84,reviewed,us,us
2026-09-21T21:37:04.841Z,-56.5177,-24.1611,10,5,mb,41,73,7.367,0.6,us,us7000tj0z,2026-09-26T03:34:56.040Z,"South Sandwich Islands region",earthquake,12.01,1.865,0.098,33,reviewed,us,us
2026-09-21T21:17:48.094Z,61.652,-151.66,101.7,2.8,ml,121,35,0.2,0.7,ak,aka2026stkjjp,2026-09-30T05:03:06.202Z,"40 km SSW of Skwentna, Alaska",earthquake,2,1.5429,0.2,89,reviewed,ak,ak
2026-09-21T20:53:15.330Z,-19.1674,-177.5914,583.701,4.4,mb,54,113,3.941,0.76,us,us7000tj0r,2026-09-26T17:02:15.040Z,"Fiji region",earthquake,13.42,8.528,0.075,52,reviewed,us,us
2026-09-21T20:34:32.515Z,-28.701,-176.4408,10,4.6,mb,15,77,1.412,0.68,us,us6000txm9,2026-09-25T17:26:31.040Z,"Kermadec Islands region",earthquake,12.12,1.622,0.151,13,reviewed,us,us
2026-09-21T19:32:47.939Z,56.705,-155.345,42,3.1,ml,52,185,1,0.5,ak,aka2026stgwir,2026-09-29T22:53:06.036Z,"76 km WSW of Akhiok, Alaska",earthquake,5.6,20.4619,0.2,38,reviewed,ak,ak
2026-09-21T18:58:13.230Z,19.180333333333,-155.50816666667,31.03,2.57,ml,36,99,0.0501,0.12,hv,hv75041332,2026-09-26T16:57:44.040Z,"3 km SW of Pāhala, Hawaii",earthquake,0.58,0.63,0.21131026700341,29,reviewed,hv,hv
2026-09-21T18:54:41.820Z,40.284,-124.50533333333,6.98,2.8,md,40,234,0.1606,0.16,nc,nc75439497,2026-10-01T18:30:14.290Z,"19 km WSW of Petrolia, CA",earthquake,0.63,0.45,0.177,36,reviewed,nc,nc
2026-09-21T18:48:44.872Z,3.9032,-75.4687,10,4.5,mb,46,103,1.478,0.75,us,us7000tizt,2026-09-26T16:53:44.078Z,"1 km SE of San Antonio, Colombia",earthquake,5.8,1.893,0.094,33,reviewed,us,us
2026-09-21T18:26:49.270Z,55.479,-154.076,20,3.8,ml,121,214,1.8,0.9,ak,aka2026steqzi,2026-09-26T16:48:56.040Z,"163 km S of Akhiok, Alaska",earthquake,4.6,0,0.1,61,reviewed,ak,ak
2026-09-21T17:38:42.560Z,-22.0428,-67.5392,193.19,4.5,mb,31,114,1.081,0.74,us,us7000tizh,2026-09-26T16:43:13.040Z,"116 km SE of Ollagüe, Chile",earthquake,9.67,8.662,0.124,19,reviewed,us,us
2026-09-21T17:33:36.265Z,11.6894,143.2666,10,4.2,mb,21,145,2.451,0.51,us,us6000txm3,2026-09-25T16:03:00.040Z,"231 km SW of Merizo Village, Guam",earthquake,13.81,1.931,0.131,16,reviewed,us,us
2026-09-21T17:22:46.683Z,-18.8082,-177.4321,411.504,4.2,mb,30,100,3.83,0.69,us,us7000tizg,2026-09-25T15:31:27.040Z,"Fiji region",earthquake,13.97,7.638,0.103,26,reviewed,us,us
2026-09-21T16:38:22.967Z,52.9167,-167.3554,35,2.6,ml,19,222,0.598,0.8,us,us6000tyfg,2026-10-03T18:48:49.040Z,"101 km E of Nikolski, Alaska",earthquake,3.21,1.988,0.115,10,reviewed,us,us
2026-09-21T16:33:04.639Z,50.462,-174.035,19.2,2.9,ml,12,303,1.7,0.7,ak,aka2026stawzi,2026-09-29T21:30:29.648Z,"193 km S of Atka, Alaska",earthquake,43.4,30.3417,0.2,10,reviewed,ak,ak
2026-09-21T16:23:20.229Z,3.8443,-75.6871,10,4.3,mb,37,96,1.686,1.07,us,us7000tiz7,2026-09-26T16:58:07.286Z,"20 km SSW of Roncesvalles, Colombia",earthquake,5.94,1.927,0.133,16,reviewed,us,us
2026-09-21T15:56:20.800Z,31.8597,142.3866,10,4.5,mb,59,127,4.751,0.86,us,us7000tiya,2026-09-26T16:54:50.040Z,"Izu Islands, Japan region",earthquake,9,1.846,0.088,39,reviewed,us,us
2026-09-21T14:40:39.349Z,52.0423,-176.1314,171.402,2.6,ml,20,88,0.016,0.53,us,us6000tyeh,2026-10-01T19:19:51.040Z,"39 km ENE of Adak, Alaska",earthquake,15.76,1.825,0.085,18,reviewed,us,us
2026-09-21T14:27:25.762Z,53.751,-164.116,19.2,2.6,ml,22,230,0.8,0.5,ak,aka2026sswroj,2026-09-29T19:25:54.348Z,"117 km ESE of Akutan, Alaska",earthquake,5.8,5.0293,0.1,15,reviewed,ak,ak
2026-09-21T14:06:04.200Z,19.197,-155.49483333333,30.69,2.62,ml,34,75,0.05126,0.1,hv,hv75041242,2026-10-01T18:50:06.040Z,"1 km WSW of Pāhala, Hawaii",earthquake,0.58,0.61,0.13052146376945,28,reviewed,hv,hv
2026-09-21T13:58:23.480Z,-4.1726,137.9294,138.538,4.2,mb,52,45,3.222,0.73,us,us7000tixu,2026-10-01T18:45:43.040Z,"153 km N of Agats, Indonesia",earthquake,9.2,7.578,0.088,36,reviewed,us,us
2026-09-21T13:38:32.301Z,32.5581,132.0918,46.166,4.7,mww,82,108,1.741,1,us,us7000tixp,2026-10-01T17:45:10.040Z,"40 km E of Nobeoka, Japan",earthquake,6.49,6.328,0.089,12,reviewed,us,us
2026-09-21T13:27:00.021Z,51.3761,-178.1606,22.246,2.8,ml,22,201,0.413,0.72,us,us6000tyak,2026-10-01T16:08:09.040Z,"119 km WSW of Adak, Alaska",earthquake,5.51,11.649,0.081,20,reviewed,us,us
2026-09-21T12:17:05.292Z,-21.2643,-68.9887,121.183,4.7,mb,75,46,0.58,1.22,us,us7000tixg,2026-09-21T12:34:20.040Z,"76 km W of Ollagüe, Chile",earthquake,6.09,5.703,0.036,232,reviewed,us,us
2026-09-21T12:15:14.820Z,38.517333333333,-112.13983333333,2.64,2.63,ml,29,85,0.02971,0.2,uu,uu80157636,2026-09-23T16:03:19.630Z,"10 km NE of Marysvale, Utah",earthquake,0.52,0.92,0.14803575461314,17,reviewed,uu,uu
2026-09-21T12:04:19.715Z,54.178,-163.903,58.7,2.7,ml,25,209,0.5,0.5,ak,aka2026ssrxml,2026-09-29T04:36:18.047Z,"81 km SSW of False Pass, Alaska",earthquake,19,10.0108,0.1,17,reviewed,ak,ak
2026-09-21T11:48:28.996Z,-22.3643,-71.8678,10,5.2,mb,108,132,1.666,0.89,us,us7000tixc,2026-09-21T12:27:44.858Z,"167 km WNW of Mejillones, Chile",earthquake,6.02,1.862,0.04,205,reviewed,us,us
2026-09-21T11:02:38.555Z,15.7541,-93.0352,142.841,4.2,mb,115,129,1.011,0.75,us,us7000tix2,2026-09-21T11:38:48.040Z,"15 km SW of El Ramal (Porvenir), Mexico",earthquake,9.17,8.242,0.051,109,reviewed,us,us
2026-09-21T10:56:40.674Z,52.484,-171.145,109.4,3.3,ml,37,191,0.8,0.6,ak,aka2026ssprcc,2026-09-29T02:30:16.932Z,"162 km WSW of Nikolski, Alaska",earthquake,25.7,3.7973,0.2,28,reviewed,ak,ak
2026-09-21T10:48:16.231Z,37.9169,72.4916,129.316,4.7,mb,68,50,0.395,0.88,us,us7000tiwz,2026-09-21T13:00:24.040Z,"95 km ENE of Khorugh, Tajikistan",earthquake,6.63,5.762,0.056,95,reviewed,us,us
2026-09-21T10:15:26.980Z,18.8395,-64.517666666667,10.93,2.92,md,4,287,0.3642,0.08,pr,pr71533883,2026-09-21T10:51:01.480Z,"63 km NNE of Cruz Bay, U.S. Virgin Islands",earthquake,1.09,1.53,0.095355332249844,3,reviewed,pr,pr
2026-09-21T10:00:11.101Z,52.182,-171.004,105.6,3.6,ml,51,208,0.9,0.6,ak,aka2026ssnubr,2026-09-21T15:42:10.889Z,"167 km WSW of Nikolski, Alaska",earthquake,39.3,5.991,0.1,25,reviewed,ak,ak
2026-09-21T09:43:48.444Z,61.524,-150.001,38.2,2.6,ml,87,19,0.3,0.7,ak,aka2026ssnfqn,2026-09-28T23:33:43.180Z,"2 km W of Big Lake, Alaska",earthquake,2,2.2108,0.2,60,reviewed,ak,ak
2026-09-21T09:38:37.689Z,59.935,-151.335,46.2,3.1,ml,122,44,0.3,0.8,ak,aka2026ssnawb,2026-09-28T23:30:10.927Z,"20 km NE of Nikolaevsk, Alaska",earthquake,2.1,2.9097,0.1,88,reviewed,ak,ak
2026-09-21T09:23:42.552Z,-40.9249,175.51,26.042,4,mb,16,170,0.269,0.69,us,us7000tiwh,2026-09-22T15:14:48.040Z,"9 km WNW of Solway, New Zealand",earthquake,5.22,5.672,0.212,6,reviewed,us,us
2026-09-21T08:00:55.650Z,18.810333333333,-64.792333333333,85.47,3.39,md,4,267,0.421,0.24,pr,pr71533853,2026-09-21T09:39:47.100Z,"53 km N of Cruz Bay, U.S. Virgin Islands",earthquake,16.92,9.59,0.042643341143268,3,reviewed,pr,pr
2026-09-21T07:53:11.990Z,19.254166666667,-65.380333333333,75.73,3.32,md,5,263,0.9462,0.03,pr,pr71533868,2026-09-21T08:42:41.730Z,"103 km NNE of Vieques, Puerto Rico",earthquake,3.96,7.05,0.035294330354667,3,reviewed,pr,pr
2026-09-21T07:35:40.400Z,-17.9326,-178.3723,533.686,4.2,mb,73,125,2.598,0.5,us,us7000tiw6,2026-09-21T10:54:03.040Z,"245 km E of Levuka, Fiji",earthquake,15.93,7.819,0.041,165,reviewed,us,us
2026-09-21T07:31:07.967Z,-0.8563,122.4959,9.863,5,mb,39,68,4.956,1.38,us,us7000tiw4,2026-09-21T07:51:52.040Z,"34 km WNW of Luwuk, Indonesia",earthquake,10.18,4.978,0.095,35,reviewed,us,us
2026-09-21T06:12:55.560Z,54.323,-161.376,4,2.7,ml,15,241,0.9,0.4,ak,aka2026ssgfae,2026-09-28T22:40:39.613Z,"102 km SE of King Cove, Alaska",earthquake,8.1,4.406,0.2,13,reviewed,ak,ak
2026-09-21T05:36:53.715Z,56.008,-159.549,111.7,2.5,ml,12,173,0.2,0.5,ak,aka2026ssezpi,2026-09-28T22:25:45.387Z,"12 km NNW of Ivanof Bay, Alaska",earthquake,27.1,5.0833,0.3,9,reviewed,ak,ak
2026-09-21T05:22:32.338Z,57.319,-155.597,75.1,2.6,ml,35,105,0.5,0.7,ak,aka2026ssende,2026-09-28T20:23:04.408Z,"73 km WSW of Karluk, Alaska",earthquake,4.2,3.1059,0.3,21,reviewed,ak,ak
2026-09-21T05:08:12.162Z,59.557,-152.737,90.4,2.6,ml,110,78,0.3,0.7,ak,aka2026sseasm,2026-09-28T20:18:39.681Z,"51 km WNW of Nanwalek, Alaska",earthquake,2.5,1.546,0.2,77,reviewed,ak,ak
2026-09-21T04:28:40.661Z,-36.2456,177.7978,213.01,4.7,mb,44,76,1.376,1.07,us,us7000tivi,2026-09-21T06:20:29.725Z,"156 km NNW of Hicks Bay, New Zealand",earthquake,9.07,6.893,0.079,49,reviewed,us,us
2026-09-21T03:58:24.483Z,-8.397,-78.8646,73.088,4.5,mb,26,156,4.085,1.11,us,us7000tivb,2026-09-21T04:09:41.040Z,"4 km W of Victor Raul, Peru",earthquake,12.31,10.912,0.066,67,reviewed,us,us
2026-09-21T03:58:03.829Z,52.305,-167.847,28.2,2.8,ml,19,262,0.9,0.3,ak,aka2026ssbrty,2026-09-28T19:51:15.314Z,"98 km SE of Nikolski, Alaska",earthquake,8.7,7.7564,0.1,14,reviewed,ak,ak
2026-09-21T03:11:26.870Z,18.964333333333,-65.239333333333,13.48,2.9,md,10,240,0.6547,0.18,pr,pr71533753,2026-09-21T04:20:10.450Z,"73 km N of Culebra, Puerto Rico",earthquake,1.41,2.03,0.065316124674582,4,reviewed,pr,pr
2026-09-21T03:07:38.050Z,50.241,-179.87,5,3,ml,19,272,1.3,0.8,ak,aka2026ssaaoz,2026-09-28T19:44:07.856Z,"290 km SW of Adak, Alaska",earthquake,7.8,0,0.1,13,reviewed,ak,ak
2026-09-21T03:02:22.815Z,59.511,-153.112,101.7,2.8,ml,123,69,0.2,0.7,ak,aka2026srzvla,2026-09-28T19:40:23.821Z,"63 km ESE of Pedro Bay, Alaska",earthquake,2.7,1.3661,0.3,89,reviewed,ak,ak
2026-09-21T02:59:22.004Z,35.468,99.4691,10,4.4,mb,32,129,3.473,0.43,us,us6000txln,2026-10-06T02:06:46.040Z,"203 km NW of Oula Xiuma, China",earthquake,8.97,1.623,0.117,21,reviewed,us,us
2026-09-21T02:48:12.270Z,17.5233,-68.7415,13,3.61,md,20,226,1.054,0.36,pr,pr2026264000,2026-09-21T04:57:22.467Z,"95 km S of Boca de Yuma, Dominican Republic",earthquake,2,2.66,0.18,14,reviewed,pr,pr
2026-09-21T02:38:33.606Z,52.0937,-170.4991,35,3.5,ml,21,212,0.783,1.21,us,us7000tivh,2026-09-21T17:51:05.040Z,"145 km SW of Nikolski, Alaska",earthquake,3.06,2.015,0.077,22,reviewed,us,us
2026-09-21T02:29:56.690Z,60.312,-152.059,78.4,2.7,ml,104,34,0.4,0.7,ak,aka2026srytln,2026-09-28T19:36:00.266Z,"36 km NW of Ninilchik, Alaska",earthquake,2,1.6434,0.2,73,reviewed,ak,ak
2026-09-21T02:05:31.218Z,52.266,-175.7233,175.179,3.2,ml,21,170,0.269,0.3,us,us6000ty7m,2026-10-05T22:33:19.040Z,"76 km NE of Adak, Alaska",earthquake,14.56,4.325,0.085,18,reviewed,us,us
2026-09-21T02:01:02.755Z,52.613,-168.19,31.2,2.7,ml,14,238,0.5,0.5,ak,aka2026srxuiv,2026-09-28T19:19:23.993Z,"58 km SE of Nikolski, Alaska",earthquake,11.9,9.8339,0.2,11,reviewed,ak,ak
2026-09-21T01:57:56.181Z,48.086,145.89,494.972,4.1,mb,46,122,2.402,0.77,us,us7000tiuu,2026-09-21T02:17:01.040Z,"238 km ESE of Makarov, Russia",earthquake,12.75,8.923,0.077,47,reviewed,us,us
2026-09-21T01:41:36.315Z,-8.307,120.5793,10,5.5,mb,59,50,3.373,1.29,us,us7000tiur,2026-09-22T01:50:09.881Z,"35 km NNE of Ruteng, Indonesia",earthquake,10.07,1.868,0.075,62,reviewed,us,us
2026-09-21T01:33:51.700Z,19.2145,-67.908333333333,24.71,3.43,md,23,203,0.8278,0.37,pr,pr71533708,2026-09-21T01:52:04.520Z,"87 km NE of Punta Cana, Dominican Republic",earthquake,1.38,23.3,0.13935450761165,6,reviewed,pr,pr
2026-09-21T01:07:33.402Z,-13.5811,-72.1402,10,4.3,mb,18,104,4.718,0.95,us,us7000tiuj,2026-10-05T23:56:43.356Z,"11 km ENE of Chinchaypujio, Peru",earthquake,10.69,1.937,0.142,14,reviewed,us,us
2026-09-21T01:02:04.084Z,37.7931,36.261,10,4.9,mww,66,41,0.223,1.02,us,us7000tiui,2026-10-06T05:28:24.875Z,"25 km NNW of Andırın, Turkey",earthquake,4.97,1.869,0.062,25,reviewed,us,us
2026-09-21T00:08:39.895Z,4.9141,125.3922,10,4.6,mb,29,130,2.149,0.81,us,us6000txlj,2026-09-26T03:03:14.040Z,"54 km S of Sarangani, Philippines",earthquake,13.06,1.921,0.122,20,reviewed,us,us
2026-09-20T23:43:10.491Z,52.4786,-170.8962,51.296,3.1,ml,19,195,0.668,0.78,us,us6000txqr,2026-09-26T02:46:54.040Z,"146 km WSW of Nikolski, Alaska",earthquake,7.24,16.837,0.091,16,reviewed,us,us
2026-09-20T23:38:39.890Z,17.970166666667,-66.945833333333,7.4,2.5,md,11,169,0.03545,0.12,pr,pr71533688,2026-09-20T23:52:54.250Z,"3 km WSW of Fuig, Puerto Rico",earthquake,0.55,0.25,0.081893891901078,6,reviewed,pr,pr
2026-09-20T23:36:46.916Z,-58.8153,-14.8256,10,4.6,mb,21,77,12.758,0.54,us,us6000txli,2026-09-26T01:57:52.040Z,"east of the South Sandwich Islands",earthquake,12.97,1.92,0.123,20,reviewed,us,us
2026-09-20T23:25:37.454Z,43.596,146.5523,57.31,4.6,mww,88,108,2.911,0.55,us,us7000tiu3,2026-09-26T01:37:03.040Z,"26 km SSW of Shikotan, Russia",earthquake,10.18,5.762,0.098,10,reviewed,us,us
2026-09-20T22:51:20.032Z,-12.4424,166.4026,10,5,mb,30,133,7.006,0.98,us,us7000titz,2026-09-25T23:30:14.040Z,"201 km SSE of Lata, Solomon Islands",earthquake,9.82,1.846,0.117,23,reviewed,us,us
2026-09-20T22:09:59.182Z,-23.0473,171.7522,10,4.9,mb,38,112,3.996,0.62,us,us7000titt,2026-09-25T22:13:04.040Z,"southeast of the Loyalty Islands",earthquake,8.8,1.893,0.108,27,reviewed,us,us
2026-09-20T21:48:09.042Z,52.2384,-171.1023,96.786,2.9,ml,21,205,0.908,0.51,us,us7000tive,2026-09-24T23:21:59.040Z,"170 km WSW of Nikolski, Alaska",earthquake,8.8,16.488,0.097,14,reviewed,us,us
2026-09-20T21:06:20.169Z,52.7316,-162.4841,10,5,mb,104,133,2.058,0.65,us,us7000tit6,2026-10-06T21:16:29.806Z,"244 km SSE of False Pass, Alaska",earthquake,6.03,1.849,0.033,298,reviewed,us,us
2026-09-20T20:54:37.205Z,-48.4518,31.2519,10,5.5,mww,66,42,17.885,0.89,us,us7000tit5,2026-09-28T16:13:33.234Z,"south of Africa",earthquake,11.21,1.857,0.08,15,reviewed,us,us
2026-09-20T20:41:20.572Z,27.6892,67.0066,10,4.5,mb,55,97,7.044,0.38,us,us7000tit3,2026-09-26T16:30:20.040Z,"41 km ESE of Khuzdar, Pakistan",earthquake,10.03,1.873,0.079,47,reviewed,us,us
2026-09-20T20:32:36.360Z,17.9575,-66.9515,7.96,2.95,md,29,179,0.04333,0.17,pr,pr71533593,2026-09-20T20:54:49.592Z,"4 km WSW of Guánica, Puerto Rico",earthquake,0.32,0.53,0.11775561762061,6,reviewed,pr,pr
2026-09-20T19:59:16.560Z,56.148,-156.615,1.3,2.8,ml,27,196,1.1,0.5,ak,aka2026srlstj,2026-09-25T23:11:50.989Z,"112 km E of Chignik, Alaska",earthquake,5,2.7091,0.2,18,reviewed,ak,ak
2026-09-20T19:50:17.580Z,32.1215,-115.093,19.13,2.97,ml,24,78,0.12,0.29,ci,ci41335663,2026-09-26T16:27:15.040Z,"12 km SW of Estacion Coahuila, B.C., MX",earthquake,0.48,0.85,0.1852209180196,53,reviewed,ci,ci
2026-09-20T19:23:14.330Z,32.2823,-103.7703,7.6,2.9,mb_lg,36,80,0.094,0.57,us,us7000tisq,2026-09-26T16:24:56.040Z,"29 km ENE of Malaga, New Mexico",earthquake,2.01,2.68,0.083,65,reviewed,us,us
2026-09-20T19:15:55.684Z,52.0702,-170.9708,105.521,3.3,ml,21,212,0.966,0.56,us,us7000titf,2026-09-25T15:05:08.040Z,"172 km SW of Nikolski, Alaska",earthquake,7.44,13.761,0.081,20,reviewed,us,us
2026-09-20T18:19:40.099Z,58.468,-139.373,5,3.5,ml,43,146,0.9,0.8,ak,aka2026srikrm,2026-09-26T16:22:50.040Z,"121 km S of Yakutat, Alaska",earthquake,4.2,0,0.2,27,reviewed,ak,ak
2026-09-20T17:51:33.268Z,-9.3228,115.7528,79.43,4.4,mb,32,78,5.836,0.8,us,us7000tisi,2026-09-26T16:21:02.040Z,"74 km SSW of Lembar, Indonesia",earthquake,11.93,2.203,0.107,25,reviewed,us,us
2026-09-20T17:39:22.762Z,18.6185,145.5524,146.59,4.2,mb,21,79,3.373,0.79,us,us6000txld,2026-09-25T15:29:54.040Z,"Pagan region, Northern Mariana Islands",earthquake,12.16,9.41,0.136,15,reviewed,us,us
2026-09-20T17:17:06.405Z,-16.7758,-174.6407,168.23,4.3,mb,48,66,3.966,0.69,us,us7000tisg,2026-09-26T16:10:54.040Z,"128 km SW of Hihifo, Tonga",earthquake,8.8,7.505,0.087,38,reviewed,us,us
2026-09-20T17:10:13.348Z,55.946,-157.772,33.7,3.6,ml,90,196,0.6,0.7,ak,aka2026srgcdi,2026-09-26T16:06:48.040Z,"55 km SE of Chignik, Alaska",earthquake,3.9,6.2316,0.2,66,reviewed,ak,ak
2026-09-20T16:59:30.757Z,17.6862,-68.6909,35,3.1,ml,15,157,0.875,0.65,us,us7000tisb,2026-09-20T17:56:13.040Z,"77 km S of Boca de Yuma, Dominican Republic",earthquake,4.98,2.008,0.077,22,reviewed,us,us
2026-09-20T16:46:18.603Z,52.5409,-174.5378,196.044,2.7,ml,14,121,0.379,0.38,us,us6000txnu,2026-09-26T16:51:51.040Z,"44 km NNW of Atka, Alaska",earthquake,14.34,9.168,0.105,12,reviewed,us,us
2026-09-20T15:39:26.574Z,-6.9664,127.4259,10,4.6,mb,14,147,6.887,0.73,us,us7000tiw0,2026-09-26T15:42:50.040Z,"178 km NNE of Lospalos, Timor Leste",earthquake,8.11,1.856,0.193,9,reviewed,us,us
2026-09-20T15:37:53.357Z,9.0946,126.1574,87.203,4.6,mb,37,136,2.092,0.95,us,us6000txlb,2026-09-26T16:07:36.040Z,"2 km S of Buenavista, Philippines",earthquake,8.71,7.692,0.101,29,reviewed,us,us
2026-09-20T15:36:28.270Z,19.7456,-63.6425,38,3.8,md,17,308,1.4673,0.43,pr,pr2026263000,2026-09-26T15:09:50.040Z,"180 km NNW of The Valley, Anguilla",earthquake,3.13,26.21,0.16,8,reviewed,pr,pr
2026-09-20T15:33:50.990Z,-20.3729,-177.8624,513.308,4.5,mb,44,101,4.664,0.75,us,us7000tis4,2026-09-26T15:08:20.040Z,"280 km WNW of Houma, Tonga",earthquake,14.29,7.172,0.091,38,reviewed,us,us
2026-09-20T15:14:05.228Z,52.1836,-168.7521,10,2.7,ml,17,233,0.792,0.66,us,us6000txns,2026-09-26T15:04:55.040Z,"84 km S of Nikolski, Alaska",earthquake,4.32,1.988,0.105,12,reviewed,us,us
2026-09-20T14:43:26.595Z,12.9922,144.648,56.166,4.1,mb,9,170,0.631,0.76,us,us6000txl9,2026-09-25T21:12:49.040Z,"30 km S of Merizo Village, Guam",earthquake,13.54,8.802,0.234,5,reviewed,us,us
2026-09-20T14:29:56.613Z,51.095,179.805,18.2,2.7,ml,11,251,0.4,0.2,ak,aka2026sraptq,2026-09-25T19:28:24.829Z,"262 km WSW of Adak, Alaska",earthquake,10.2,4.5615,0.2,8,reviewed,ak,ak
2026-09-20T14:17:12.272Z,60.22,-147.018,16,3.2,ml,128,65,0.3,0.9,ak,aka2026sraido,2026-09-25T19:23:12.480Z,"57 km ENE of Chenega, Alaska",earthquake,2,1.4833,0.1,95,reviewed,ak,ak
2026-09-20T13:55:47.125Z,52.7501,-170.3466,87.277,4.6,mb,43,140,0.931,1.27,us,us7000tirv,2026-09-20T21:37:07.805Z,"102 km WSW of Nikolski, Alaska",earthquake,11.21,8.474,0.088,38,reviewed,us,us
2026-09-20T13:55:15.584Z,-22.9629,-68.5704,110.65,4.6,mb,31,46,0.361,1.35,us,us7000tirs,2026-09-25T20:58:50.040Z,"38 km W of San Pedro de Atacama, Chile",earthquake,5.6,5.278,0.125,19,reviewed,us,us
2026-09-20T13:54:56.985Z,33.9889,137.3197,357.877,4.7,mb,77,118,1.379,1.04,us,us7000tirt,2026-09-25T20:51:56.040Z,"58 km SE of Shima, Japan",earthquake,9.77,5.92,0.028,382,reviewed,us,us
2026-09-20T13:21:50.933Z,60.3947,-139.5607,5,2.7,ml,16,152,0.832,0.8,us,us7000tirn,2026-09-25T19:15:28.386Z,"94 km N of Yakutat, Alaska",earthquake,2.89,2.004,0.062,34,reviewed,us,us
2026-09-20T13:00:45.411Z,-15.8731,-174.7672,10,5.2,mww,38,67,5.665,1.42,us,us7000tirq,2026-09-25T20:47:55.040Z,"104 km W of Hihifo, Tonga",earthquake,12.69,1.839,0.083,14,reviewed,us,us
2026-09-20T12:45:53.415Z,-5.7711,146.2041,116.019,5.4,mww,82,47,3.732,0.82,us,us7000tirh,2026-09-24T16:18:04.040Z,"68 km NNE of Kainantu, Papua New Guinea",earthquake,9.13,6.547,0.083,14,reviewed,us,us
2026-09-20T12:24:22.144Z,-10.6446,164.9562,33.9,4.8,mb,38,148,9.87,0.71,us,us7000tirf,2026-09-20T12:50:47.040Z,"92 km W of Lata, Solomon Islands",earthquake,11.45,4.436,0.103,29,reviewed,us,us
2026-09-20T11:50:06.820Z,51.535,178.556,61.6,2.7,ml,17,253,0.4,0.5,ak,aka2026sqvkpm,2026-09-25T19:02:22.779Z,"Rat Islands, Aleutian Islands, Alaska",earthquake,11,5.0419,0.3,13,reviewed,ak,ak
2026-09-20T11:43:25.187Z,25.0379,141.1682,162.51,4.4,mb,48,103,10.741,0.47,us,us7000tir6,2026-09-20T12:17:50.040Z,"Volcano Islands, Japan region",earthquake,8.92,9.19,0.082,44,reviewed,us,us
2026-09-20T10:44:16.863Z,59.828,-152.072,69.9,2.5,ml,76,62,0.4,0.6,ak,aka2026sqtfof,2026-09-25T18:47:54.347Z,"14 km WNW of Anchor Point, Alaska",earthquake,2.5,2.1361,0.2,53,reviewed,ak,ak
2026-09-20T10:15:45.005Z,52.508,-169.806,90,2.7,ml,18,212,0.3,0.5,ak,aka2026sqsgud,2026-09-25T18:19:13.068Z,"79 km SW of Nikolski, Alaska",earthquake,29.3,4.6336,0.4,13,reviewed,ak,ak
2026-09-20T09:17:35.624Z,-5.9021,146.0922,104.329,6.4,mww,91,22,3.637,0.64,us,us7000tiqc,2026-09-21T09:25:25.530Z,"49 km NNE of Kainantu, Papua New Guinea",earthquake,7.38,6.28,0.039,62,reviewed,us,us
2026-09-20T09:09:19.177Z,60.208,-152.992,138.8,2.5,ml,95,67,0.1,0.7,ak,aka2026sqqbej,2026-09-25T18:14:03.348Z,"73 km E of Port Alsworth, Alaska",earthquake,3,1.6154,0.4,62,reviewed,ak,ak
2026-09-20T09:05:23.416Z,0.1391,122.1049,197.143,4.4,mb,31,102,5.633,0.47,us,us7000tiq8,2026-09-20T10:01:44.040Z,"115 km WSW of Gorontalo, Indonesia",earthquake,13.13,8.468,0.102,28,reviewed,us,us
2026-09-20T08:47:54.359Z,-25.958,-66.5832,10,5.3,mww,65,54,2.829,1.12,us,us7000tiq2,2026-10-03T11:46:42.578Z,"61 km WNW of Cafayate, Argentina",earthquake,8.63,1.862,0.069,20,reviewed,us,us
2026-09-20T08:36:14.041Z,54.5111,-159.9182,35,2.8,ml,12,267,1.295,0.66,us,us6000txmx,2026-10-03T11:38:22.040Z,"99 km SSE of Sand Point, Alaska",earthquake,5.88,2.018,0.148,6,reviewed,us,us
2026-09-20T07:53:04.250Z,17.951333333333,-66.6015,14.03,3.05,md,15,141,0.09108,0.11,pr,pr71533463,2026-09-20T08:13:20.070Z,"6 km SSE of Ponce, Puerto Rico",earthquake,0.29,0.46,0.16081673900583,12,reviewed,pr,pr
2026-09-20T07:32:58.042Z,13.2388,145.7099,22.894,4.6,mb,46,149,0.89,0.72,us,us6000txkw,2026-10-02T12:54:45.040Z,"94 km ESE of Yigo Village, Guam",earthquake,7.62,6.368,0.09,37,reviewed,us,us
2026-09-20T07:28:22.963Z,28.4442,129.3273,68.899,5.1,mww,93,97,3.113,0.89,us,us7000tipl,2026-10-01T09:36:44.294Z,"17 km WNW of Naze, Japan",earthquake,7.76,6.317,0.071,19,reviewed,us,us
2026-09-20T06:58:13.460Z,-30.3693,-177.9563,10,4.4,mb,11,178,1.121,0.36,us,us6000txkv,2026-10-01T09:26:58.040Z,"Kermadec Islands, New Zealand",earthquake,6.46,1.964,0.202,8,reviewed,us,us
2026-09-20T06:47:57.789Z,13.2611,145.7678,16.578,4.9,mb,43,139,0.934,0.87,us,us7000tipi,2026-10-01T08:54:42.040Z,"99 km ESE of Yigo Village, Guam",earthquake,5.01,5.397,0.074,57,reviewed,us,us
2026-09-20T06:31:54.082Z,55.814,110.5119,10,4.1,mb,16,162,5.808,0.79,us,us6000txku,2026-10-01T08:49:33.040Z,"29 km ESE of Kichera, Russia",earthquake,9.84,1.886,0.165,10,reviewed,us,us
2026-09-20T06:30:07.316Z,-19.2217,-177.6569,578.701,4.3,mb,31,140,3.932,0.75,us,us7000tipf,2026-10-01T07:44:48.040Z,"Fiji region",earthquake,14.4,8.377,0.104,26,reviewed,us,us
2026-09-20T06:00:45.184Z,52.1,-169.139,10.2,2.9,ml,8,246,0.8,0.3,ak,aka2026sqjtre,2026-09-25T02:38:00.394Z,"95 km SSW of Nikolski, Alaska",earthquake,14.1,5.4808,0.3,5,reviewed,ak,ak
2026-09-20T05:57:09.371Z,52.1556,-169.2336,23.034,2.9,ml,19,225,0.699,1.06,us,us6000txi5,2026-10-01T07:38:05.040Z,"90 km SSW of Nikolski, Alaska",earthquake,4.55,16.023,0.097,14,reviewed,us,us
2026-09-20T05:07:03.090Z,-15.9518,-174.5258,10,5,mb,30,123,3.34,1.22,us,us7000tip2,2026-10-01T07:24:22.040Z,"78 km W of Hihifo, Tonga",earthquake,14.48,1.853,0.06,89,reviewed,us,us
2026-09-20T05:02:37.467Z,52.4372,-171.0776,105.699,3.8,mb,30,174,0.782,0.61,us,us6000txhz,2026-10-01T06:40:03.040Z,"159 km WSW of Nikolski, Alaska",earthquake,11.04,6.518,0.169,9,reviewed,us,us
2026-09-20T04:23:40.180Z,31.668,-104.362,7.1765,3.2,ml,56,66,0.1,0.2,tx,tx2026sngzur,2026-10-04T05:24:30.040Z,"56 km S of Whites City, New Mexico",earthquake,0.52481954827668,0.64839966455497,0.1,35,reviewed,tx,tx
2026-09-20T04:07:35.920Z,56.365,-155.312,55.1,2.5,ml,21,192,0.7,0.5,ak,aka2026sqfzmu,2026-10-02T04:52:00.040Z,"95 km SW of Akhiok, Alaska",earthquake,6.4,15.7044,0.2,15,reviewed,ak,ak
2026-09-20T03:43:24.202Z,13.0833,145.9048,10,5.3,mb,61,64,1.127,0.95,us,us7000tinl,2026-10-06T03:53:34.933Z,"120 km ESE of Yigo Village, Guam",earthquake,7.1,1.882,0.087,44,reviewed,us,us
2026-09-20T03:39:32.208Z,33.3717,95.4277,10,4.1,mb,21,135,7.283,1.07,us,us7000tinj,2026-10-03T23:57:55.040Z,"298 km NW of Qamdo, China",earthquake,14.83,1.951,0.127,19,reviewed,us,us
2026-09-20T03:25:28.279Z,59.713,-152.808,98.8,2.6,ml,107,66,0.2,0.8,ak,aka2026sqeovj,2026-09-24T22:22:17.389Z,"55 km W of Anchor Point, Alaska",earthquake,2.7,1.5393,0.3,79,reviewed,ak,ak
2026-09-20T03:18:10.425Z,52.2962,-171.1305,95.29,3.2,ml,18,201,0.887,0.42,us,us6000txh6,2026-10-02T04:45:31.040Z,"169 km WSW of Nikolski, Alaska",earthquake,14.28,15.669,0.097,14,reviewed,us,us
2026-09-20T02:50:09.824Z,-14.5749,170.4038,665.057,4.2,mb,20,143,7.996,0.7,us,us6000txkp,2026-10-03T22:46:51.040Z,"Vanuatu region",earthquake,20.05,17.421,0.132,16,reviewed,us,us
2026-09-20T02:44:21.022Z,15.0395,-60.5578,46.424,4.5,mwr,61,108,1.143,1.24,us,us7000tinf,2026-09-20T13:08:02.024Z,"54 km ENE of Sainte-Marie, Martinique",earthquake,6.08,6.522,0.046,46,reviewed,us,us
2026-09-20T02:42:23.580Z,18.831666666667,-65.278333333333,19.95,2.95,md,4,291,0.5214,0.25,pr,pr71533373,2026-09-20T04:21:14.020Z,"58 km N of Culebra, Puerto Rico",earthquake,2.13,22.42,0.082876383312075,3,reviewed,pr,pr
2026-09-20T02:37:16.670Z,54.4878,-160.8116,26.558,2.7,ml,14,250,0.901,0.65,us,us6000txgy,2026-10-02T04:41:30.040Z,"96 km SSW of Sand Point, Alaska",earthquake,4.76,14.612,0.148,6,reviewed,us,us
2026-09-20T02:31:58.550Z,19.149,-66.271666666667,10.5,3.12,md,13,266,0.8303,0.3,pr,pr71533328,2026-09-20T03:27:23.940Z,"75 km N of Brenas, Puerto Rico",earthquake,2.53,3.61,0.11708788091281,5,reviewed,pr,pr
2026-09-20T01:58:05.247Z,59.557,-152.391,68.2,2.6,ml,75,87,0.4,0.8,ak,aka2026sqbrhg,2026-09-24T21:10:54.095Z,"34 km NW of Nanwalek, Alaska",earthquake,2.5,2.0943,0.2,54,reviewed,ak,ak
2026-09-20T01:30:22.221Z,57.2155,-33.8175,10,4.4,mb,30,160,8.374,0.66,us,us6000txkm,2026-10-02T04:56:44.040Z,"Reykjanes Ridge",earthquake,10.58,1.953,0.115,22,reviewed,us,us
2026-09-20T01:12:30.166Z,58.385,-154.479,2,2.6,ml,45,75,0.1,0.4,ak,aka2026sqadtu,2026-09-24T20:55:11.170Z,"90 km N of Karluk, Alaska",earthquake,2.7,2.1912,0.2,35,reviewed,ak,ak
2026-09-20T00:58:14.450Z,57.0167,-33.5695,10,5.3,mww,95,35,8.599,0.71,us,us7000timy,2026-10-06T05:01:46.040Z,"Reykjanes Ridge",earthquake,6.7,1.639,0.044,50,reviewed,us,us
2026-09-20T00:33:21.352Z,-15.9521,-174.5969,10,4.8,mb,23,68,3.395,1.24,us,us7000timw,2026-10-06T04:46:23.040Z,"85 km W of Hihifo, Tonga",earthquake,7.89,1.837,0.185,9,reviewed,us,us
2026-09-20T00:13:52.310Z,17.973833333333,-66.949833333333,6.91,2.52,md,13,176,0.03924,0.24,pr,pr71533288,2026-09-20T00:30:05.150Z,"3 km WSW of Fuig, Puerto Rico",earthquake,0.83,0.37,0.12215946339229,6,reviewed,pr,pr
2026-09-19T23:54:06.366Z,-7.5851,127.4122,151.002,4.2,mb,32,117,6.38,0.76,us,us7000timl,2026-10-06T04:41:11.040Z,"113 km NNE of Lospalos, Timor Leste",earthquake,11.47,7.24,0.118,20,reviewed,us,us
2026-09-19T23:32:16.174Z,-20.4103,118.6645,10,2.6,ml,5,191,1.245,0.2,us,us7000tinz,2026-09-22T14:27:06.030Z,"6 km E of South Hedland, Australia",earthquake,6.57,1.997,0.148,6,reviewed,us,us
2026-09-19T23:20:15.326Z,4.4429,-76.6617,78.959,4.3,mb,22,94,2.071,1.21,us,us7000timg,2026-10-06T04:31:20.040Z,"23 km S of Sipí, Colombia",earthquake,5.96,8.689,0.201,7,reviewed,us,us
2026-09-19T22:56:14.111Z,29.141,-97.679,9.0837,2.8,ml,31,73,0,0.3,tx,tx2026smwdrk,2026-10-06T04:12:08.040Z,"14 km SSW of Smiley, Texas",earthquake,0.87285945888046,1.1791652657873,0.1,15,reviewed,tx,tx
2026-09-19T22:53:36.892Z,-22.5879,-63.7985,532.877,4.3,mb,29,106,4.003,0.93,us,us7000tim6,2026-10-06T04:03:39.040Z,"1 km ENE of General Mosconi, Argentina",earthquake,15.57,13.272,0.153,12,reviewed,us,us
2026-09-19T22:46:44.600Z,17.941166666667,-66.94,9.49,2.62,md,11,189,0.04294,0.08,pr,pr71533218,2026-09-19T23:27:01.990Z,"4 km SW of Guánica, Puerto Rico",earthquake,0.43,0.31,0.17191759044919,8,reviewed,pr,pr
2026-09-19T22:15:17.580Z,19.426833333333,-65.81,20.96,3.3,md,9,264,1.142,0.18,pr,pr71533203,2026-09-19T22:36:25.240Z,"110 km N of Suárez, Puerto Rico",earthquake,1.22,17.13,0.034822505225942,3,reviewed,pr,pr
2026-09-19T21:55:43.266Z,60.117,-152.409,94.7,2.6,ml,108,45,0.1,0.7,ak,aka2026sptokh,2026-10-06T04:01:15.040Z,"41 km W of Ninilchik, Alaska",earthquake,2.5,1.4802,0.2,76,reviewed,ak,ak
2026-09-19T21:44:50.579Z,-6.3951,124.9233,548.872,4.1,mb,22,113,8.86,0.4,us,us7000tilu,2026-10-06T03:58:51.040Z,"246 km N of Likisá, Timor Leste",earthquake,13.33,11.516,0.135,16,reviewed,us,us
2026-09-19T20:55:31.546Z,38.9023,14.7957,270.169,4.4,mb,59,68,1.345,0.71,us,us7000till,2026-09-26T15:54:52.040Z,"36 km N of Malfa, Italy",earthquake,6.98,6.126,0.072,55,reviewed,us,us
2026-09-19T20:28:45.816Z,50.935,-179.925,8.9,3,ml,21,249,0.7,0.6,ak,aka2026spqrrn,2026-10-01T13:13:33.788Z,"251 km WSW of Adak, Alaska",earthquake,7.4,3.0511,0.1,15,reviewed,ak,ak
2026-09-19T20:24:42.324Z,57.1264,-33.4238,10,5.3,mww,108,50,7.371,0.59,us,us7000tild,2026-09-26T15:50:47.040Z,"Reykjanes Ridge",earthquake,8.62,1.854,0.044,49,reviewed,us,us
2026-09-19T20:24:03.799Z,57.1583,-33.4809,10,4.1,mb,37,91,7.327,0.62,us,us6000txdj,2026-09-25T14:11:48.040Z,"Reykjanes Ridge",earthquake,6.45,1.885,0.111,22,reviewed,us,us
2026-09-19T20:20:42.565Z,69.513,-144.125,1.8,2.6,ml,34,108,0.2,1,ak,aka2026spqkpb,2026-10-01T13:12:27.647Z,"71 km SSW of Kaktovik, Alaska",earthquake,4.3,3.4521,0.2,24,reviewed,ak,ak
2026-09-19T20:08:20.261Z,52.834,-167.58,41.1,2.7,ml,17,233,0.6,0.4,ak,aka2026sppzvy,2026-10-01T13:07:29.097Z,"87 km E of Nikolski, Alaska",earthquake,29.9,39.2813,0.2,12,reviewed,ak,ak
2026-09-19T19:56:29.150Z,17.923833333333,-65.792166666667,14.7,3.06,md,14,213,0.2382,0.21,pr,pr71533158,2026-09-19T20:47:23.930Z,"12 km SE of Emajagua, Puerto Rico",earthquake,0.76,0.86,0.026604133094567,4,reviewed,pr,pr
2026-09-19T19:52:51.530Z,40.240666666667,-121.989,16.15,2.65,md,35,41,0.1094,0.21,nc,nc75438552,2026-09-30T16:29:05.050Z,"22 km ENE of Red Bluff, CA",earthquake,0.37,0.97,0.165,40,reviewed,nc,nc
2026-09-19T19:41:39.173Z,52.226,-175.663,177.2,2.7,ml,24,172,0.3,0.3,ak,aka2026sppcxh,2026-10-01T13:03:17.431Z,"77 km ENE of Adak, Alaska",earthquake,52.4,4.8885,0.3,18,reviewed,ak,ak
2026-09-19T19:15:20.272Z,51.373,-177.902,43.8,2.7,ml,31,204,0.4,0.5,ak,aka2026spogai,2026-10-01T12:58:52.226Z,"104 km WSW of Adak, Alaska",earthquake,12.6,8.9459,0.2,23,reviewed,ak,ak
2026-09-19T17:18:37.940Z,18.576333333333,-66.934,16.68,2.52,md,8,265,0.2,0.14,pr,pr71533073,2026-09-19T17:46:30.610Z,"11 km N of Quebradillas, Puerto Rico",earthquake,0.85,0.59,0.070657402812959,6,reviewed,pr,pr
2026-09-19T17:11:00.913Z,54.334,-161.602,1.8,2.7,ml,15,289,0.8,0.4,ak,aka2026spkcht,2026-09-28T23:51:05.147Z,"93 km SSE of King Cove, Alaska",earthquake,8.8,6.561,0.1,12,reviewed,ak,ak
2026-09-19T16:55:16.556Z,54.432,-160.072,1.1,2.5,ml,11,276,1.3,0.3,ak,aka2026spjora,2026-09-28T23:49:32.760Z,"104 km SSE of Sand Point, Alaska",earthquake,22.1,11.0932,0.1,7,reviewed,ak,ak
2026-09-19T16:31:19.480Z,17.973,-66.9285,8.02,2.84,md,27,167,0.01891,0.23,pr,pr71533043,2026-09-19T16:53:21.350Z,"2 km SW of Fuig, Puerto Rico",earthquake,0.35,0.46,0.079223010469783,9,reviewed,pr,pr
2026-09-19T15:55:46.538Z,60.033,-151.465,83.9,2.6,ml,98,43,0.4,0.5,ak,aka2026sphpae,2026-09-28T23:46:54.274Z,"11 km E of Ninilchik, Alaska",earthquake,2.4,1.8267,0.2,71,reviewed,ak,ak
2026-09-19T15:53:54.494Z,41.1968,83.518,10,4.5,mb,25,104,3.673,1.04,us,us7000tikb,2026-09-19T19:28:26.040Z,"75 km SE of Kuqa, China",earthquake,5.55,1.94,0.145,14,reviewed,us,us
2026-09-19T15:45:06.036Z,54.506,-160.384,3.2,2.7,ml,19,270,1.1,0.6,ak,aka2026sphfvp,2026-09-28T23:45:19.828Z,"92 km S of Sand Point, Alaska",earthquake,8.8,4.6083,0.1,15,reviewed,ak,ak
2026-09-19T15:24:56.720Z,19.151166666667,-155.48583333333,12.41,2.58,ml,51,147,0.02282,0.16,hv,hv75040197,2026-09-22T20:51:17.580Z,"5 km S of Pāhala, Hawaii",earthquake,0.41,0.29,0.1244379075594,39,reviewed,hv,hv
2026-09-19T14:19:59.936Z,51.728,176.666,4.8,3,ml,11,202,1.2,0.5,ak,aka2026spekcp,2026-09-28T23:21:44.455Z,"268 km ESE of Attu Station, Alaska",earthquake,20.2,3.3627,0.1,7,reviewed,ak,ak
2026-09-19T13:56:00.869Z,-8.1668,120.8819,10,5.1,mb,96,55,3.141,0.96,us,us7000tiju,2026-09-19T18:54:24.040Z,"67 km NE of Ruteng, Indonesia",earthquake,7.46,1.714,0.066,74,reviewed,us,us
2026-09-19T13:44:35.732Z,4.5179,-76.8729,58.204,4.8,mb,172,92,2.134,0.93,us,us7000tijs,2026-09-19T18:15:26.434Z,"29 km WSW of Sipí, Colombia",earthquake,13.63,17.076,0.038,214,reviewed,us,us
2026-09-19T13:25:03.351Z,-29.7229,-71.5754,39.048,4.4,mb,92,98,0.352,0.72,us,us7000tijq,2026-09-19T15:44:48.040Z,"34 km NW of Coquimbo, Chile",earthquake,5.24,7.481,0.067,69,reviewed,us,us
2026-09-19T12:44:03.379Z,52.2629,-169.4516,37.555,4,mb,41,137,0.55,0.78,us,us7000tikp,2026-10-01T06:15:42.040Z,"85 km SSW of Nikolski, Alaska",earthquake,5.21,7.405,0.093,31,reviewed,us,us
2026-09-19T12:19:54.779Z,32.0205,89.2208,10,4.5,mb,51,134,12.636,0.79,us,us7000tijf,2026-10-01T06:06:01.040Z,"269 km NNW of Dêqên, China",earthquake,10.79,1.903,0.083,42,reviewed,us,us
2026-09-19T12:07:12.229Z,32.4073,129.8761,10,4.7,mb,29,83,1.021,0.85,us,us7000tijd,2026-09-30T13:14:41.632Z,"26 km NNW of Ushibukamachi, Japan",earthquake,6.94,1.704,0.12,21,reviewed,us,us
2026-09-19T11:54:50.192Z,-17.1516,-174.4227,172.322,4.3,mb,27,79,4.107,0.49,us,us7000tiwf,2026-09-30T13:09:53.040Z,"148 km SSW of Hihifo, Tonga",earthquake,12.12,8.384,0.116,21,reviewed,us,us
2026-09-19T11:52:25.005Z,50.912,-179.878,10,2.7,ml,9,262,0.7,0.6,ak,aka2026sozmel,2026-09-28T22:47:29.457Z,"249 km WSW of Adak, Alaska",earthquake,9.1,5.0661,0.2,6,reviewed,ak,ak
2026-09-19T10:52:05.200Z,37.4665,-121.8025,3.17,2.51,md,88,36,0.01621,0.11,nc,nc75438287,2026-10-01T06:10:05.040Z,"10 km ENE of Milpitas, CA",earthquake,0.12,0.27,0.113,68,reviewed,nc,nc
2026-09-19T10:31:17.203Z,27.2385,91.1652,10,4.8,mb,63,93,6.912,0.52,us,us7000tiiz,2026-09-30T13:02:09.324Z,"8 km WSW of Mongar, Bhutan",earthquake,10.59,1.869,0.056,98,reviewed,us,us
2026-09-19T09:59:57.562Z,-55.5609,-28.1387,58.01,5,mb,55,100,4.983,0.9,us,us7000tiis,2026-09-30T12:57:42.040Z,"South Sandwich Islands region",earthquake,11.17,5.909,0.073,60,reviewed,us,us
2026-09-19T09:56:02.123Z,38.8152,23.3491,10,4.4,mb,22,52,0.817,0.6,us,us7000tiir,2026-09-30T12:50:09.040Z,"6 km NNE of Límni, Greece",earthquake,3.2,1.913,0.162,11,reviewed,us,us
2026-09-19T09:34:04.631Z,47.4404,146.3571,395.036,4.8,mb,87,124,2.499,0.65,us,us7000tiim,2026-09-30T12:47:23.040Z,"269 km E of Dolinsk, Russia",earthquake,11.67,8.138,0.021,675,reviewed,us,us
2026-09-19T09:23:33.473Z,54.001,-157.093,5,2.8,ml,21,260,2.4,0.9,ak,aka2026soumzk,2026-09-28T22:30:21.628Z,"249 km SSE of Perryville, Alaska",earthquake,10.6,0,0.1,17,reviewed,ak,ak
2026-09-19T08:47:51.187Z,52.026,-170.799,18.5,4,ml,46,212,0.9,0.6,ak,aka2026sotica,2026-09-24T22:56:50.572Z,"166 km SW of Nikolski, Alaska",earthquake,8.9,5.602,0.1,34,reviewed,ak,ak
2026-09-19T08:47:44.610Z,-12.0883,165.9791,10,4.8,mb,39,151,8.57,1.33,us,us7000tir7,2026-09-20T12:10:16.040Z,"152 km S of Lata, Solomon Islands",earthquake,13.56,1.876,0.103,29,reviewed,us,us
2026-09-19T07:54:22.700Z,19.772833333333,-66.749666666667,33.14,3.41,md,11,326,1.343,0.2,pr,pr71532943,2026-09-19T10:11:48.970Z,"142 km N of Hatillo, Puerto Rico",earthquake,1.34,14.95,0.03796859904119,3,reviewed,pr,pr
2026-09-19T07:53:08.869Z,54.495,-160.107,16.7,2.5,ml,22,272,1.2,0.7,ak,aka2026sormoy,2026-09-24T20:57:56.314Z,"96 km SSE of Sand Point, Alaska",earthquake,19.2,13.234,0.1,18,reviewed,ak,ak
2026-09-19T07:44:25.478Z,-2.5871,138.7377,10,4.8,mb,57,71,1.965,0.49,us,us7000tiib,2026-09-19T08:02:59.040Z,"210 km W of Abepura, Indonesia",earthquake,9.54,1.862,0.072,60,reviewed,us,us
2026-09-19T07:12:27.058Z,-4.0134,-77.349,10,4.9,mww,65,103,2.448,0.78,us,us7000tii3,2026-09-19T07:29:12.040Z,"117 km NW of Barranca, Peru",earthquake,6.57,1.904,0.093,11,reviewed,us,us
2026-09-19T07:08:23.856Z,30.1668,131.1901,38.536,4.6,mb,47,132,1.481,0.93,us,us7000tii4,2026-09-19T07:37:40.040Z,"57 km ESE of Koseda, Japan",earthquake,10.13,7.962,0.098,31,reviewed,us,us
2026-09-19T07:01:42.940Z,17.95,-66.591,13.82,2.95,md,10,138,0.0881,0.12,pr,pr71532923,2026-09-19T08:59:55.600Z,"7 km SSE of Ponce, Puerto Rico",earthquake,0.37,0.25,0.027141273342134,7,reviewed,pr,pr
2026-09-19T05:31:19.590Z,17.972666666667,-66.957166666667,7.87,3.07,md,8,180,0.07419,0.31,pr,pr71532898,2026-09-19T08:07:15.630Z,"4 km WSW of Fuig, Puerto Rico",earthquake,0.91,1.96,0.093909684046615,8,reviewed,pr,pr
2026-09-19T05:06:57.780Z,17.9445,-66.947833333333,7.89,3.13,md,13,188,0.072,0.17,pr,pr71532883,2026-09-19T07:22:37.800Z,"5 km SW of Guánica, Puerto Rico",earthquake,0.57,0.87,0.10144966516629,16,reviewed,pr,pr
2026-09-19T05:01:48.911Z,4.415,-76.7636,74.036,4.3,mb,50,89,2.15,0.68,us,us7000tihg,2026-09-19T07:03:44.040Z,"29 km SSW of Sipí, Colombia",earthquake,7.52,8.803,0.102,27,reviewed,us,us
2026-09-19T04:56:51.222Z,54.4165,-159.9175,35,2.5,ml,17,261,1.346,0.61,us,us6000txgc,2026-10-02T04:08:43.040Z,"108 km SSE of Sand Point, Alaska",earthquake,7.15,2.024,0.128,8,reviewed,us,us
2026-09-19T04:49:08.420Z,17.9478,-66.9363,7,2.95,md,16,184,0.0633,0.16,pr,pr2026262000,2026-10-03T23:50:57.040Z,"3 km SW of Guánica, Puerto Rico",earthquake,0.48,0.24,0.22,19,reviewed,pr,pr
2026-09-19T04:18:35.318Z,-1.8561,138.8882,10,5.2,mb,48,61,1.928,1.03,us,us7000tih8,2026-09-19T04:33:48.040Z,"210 km WNW of Abepura, Indonesia",earthquake,5.82,1.853,0.096,36,reviewed,us,us
2026-09-19T04:17:34.631Z,51.8007,179.6378,97.57,2.6,ml,9,102,0.109,0.38,us,us6000txfm,2026-10-02T02:13:14.040Z,"257 km W of Adak, Alaska",earthquake,6.8,4.314,0.128,8,reviewed,us,us
2026-09-19T03:52:06.570Z,-28.7111,62.2751,10,4.4,mb,13,101,14.151,0.86,us,us6000txcy,2026-10-02T03:35:36.040Z,"Southwest Indian Ridge",earthquake,10.69,1.92,0.19,8,reviewed,us,us
2026-09-19T03:33:42.970Z,17.9495,-66.939833333333,7.07,2.48,md,15,184,0.0373,0.14,pr,pr71532853,2026-09-19T04:35:46.260Z,"4 km SW of Guánica, Puerto Rico",earthquake,0.72,0.22,0.14004229252222,8,reviewed,pr,pr
2026-09-19T03:28:41.790Z,19.169333333333,-155.48816666667,13.79,2.82,ml,40,103,0.02825,0.12,hv,hv75039922,2026-10-04T05:18:34.040Z,"3 km SSW of Pāhala, Hawaii",earthquake,0.41,0.27,0.16937421701734,34,reviewed,hv,hv
2026-09-19T03:13:39.980Z,17.940833333333,-66.9275,13.13,2.48,md,6,231,0.05716,0.34,pr,pr71532863,2026-09-19T05:25:15.620Z,"3 km SSW of Guánica, Puerto Rico",earthquake,1.95,0.98,0.14367240853319,5,reviewed,pr,pr
2026-09-19T03:12:08.300Z,17.945833333333,-66.9425,9.46,2.47,md,7,215,0.06685,0.19,pr,pr71532843,2026-09-19T03:53:03.550Z,"4 km SW of Guánica, Puerto Rico",earthquake,0.73,1.03,0.14138877028858,5,reviewed,pr,pr
2026-09-18T23:51:06.683Z,-7.4544,-132.1293,10,4.7,mb,78,75,42.761,1.04,us,us7000tigp,2026-10-06T03:54:45.040Z,"South Pacific Ocean",earthquake,15.42,1.869,0.041,181,reviewed,us,us
2026-09-18T23:30:17.442Z,61.4835,-140.5184,5,2.6,ml,32,87,0.703,0.69,us,us7000tigg,2026-10-06T03:51:24.040Z,"128 km E of McCarthy, Alaska",earthquake,1.11,1.95,0.048,56,reviewed,us,us
2026-09-18T23:18:28.404Z,-27.8162,-177.3008,94.069,5.3,mww,51,76,1.527,0.88,us,us7000tigd,2026-10-06T03:48:51.040Z,"Kermadec Islands region",earthquake,10.01,4.427,0.086,13,reviewed,us,us
2026-09-18T23:07:19.916Z,52.4379,-171.1811,99.699,3,ml,18,193,0.834,0.27,us,us6000txfz,2026-10-05T22:23:26.040Z,"166 km WSW of Nikolski, Alaska",earthquake,13.91,11.678,0.081,20,reviewed,us,us
2026-09-18T22:28:10.830Z,17.957666666667,-66.951,7.33,2.59,md,9,203,0.07044,0.07,pr,pr71532753,2026-09-18T22:46:36.820Z,"4 km WSW of Guánica, Puerto Rico",earthquake,0.6,0.3,0.079957031497941,7,reviewed,pr,pr
2026-09-18T22:15:41.970Z,17.945166666667,-66.948166666667,6.87,2.46,md,12,216,0.04624,0.09,pr,pr71532738,2026-09-18T22:42:04.870Z,"5 km SW of Guánica, Puerto Rico",earthquake,0.63,0.2,0.36010531483153,6,reviewed,pr,pr
2026-09-18T22:11:57.654Z,38.9581,23.359,10,4.3,mb,21,61,0.8,1.08,us,us7000tifz,2026-10-06T03:02:34.040Z,"17 km E of Istiaía, Greece",earthquake,3.58,1.916,0.217,6,reviewed,us,us
2026-09-18T22:09:36.758Z,8.7413,-82.9935,10,3.9,mb,13,205,0.574,0.48,us,us7000tij9,2026-09-22T14:13:37.165Z,"8 km W of Cañas Gordas, Panama",earthquake,5.51,1.977,0.229,5,reviewed,us,us
2026-09-18T21:41:14.120Z,17.949166666667,-66.925666666667,7.66,2.54,md,9,212,0.05113,0.16,pr,pr71534908,2026-09-28T04:51:21.580Z,"3 km SW of Guánica, Puerto Rico",earthquake,0.82,0.3,0.29295628588132,6,reviewed,pr,pr
2026-09-18T21:30:38.790Z,34.501666666667,-118.91183333333,26.58,2.53,ml,78,24,0.02268,0.23,ci,ci41334847,2026-10-06T02:56:12.040Z,"11 km N of Fillmore, CA",earthquake,0.19,0.36,0.31695428401183,20,reviewed,ci,ci
2026-09-18T21:26:40.700Z,18.113,-68.7021,128,3.73,md,9,223,0.5134,0.21,pr,pr2026261003,2026-10-06T02:52:33.040Z,"30 km SSW of Boca de Yuma, Dominican Republic",earthquake,2.79,2.08,0.03,6,reviewed,pr,pr
2026-09-18T21:11:47.342Z,51.8637,-175.2401,36.054,2.5,ml,14,202,0.442,0.39,us,us6000txfs,2026-10-05T22:15:23.040Z,"80 km WSW of Atka, Alaska",earthquake,5.53,10.103,0.115,10,reviewed,us,us
2026-09-18T21:11:40.356Z,56.188,-157.621,51.9,2.5,ml,51,171,0.5,0.5,ak,aka2026snwcjc,2026-09-24T19:23:15.472Z,"49 km ESE of Chignik, Alaska",earthquake,8,6.9159,0.2,42,reviewed,ak,ak
2026-09-18T19:28:33.210Z,17.949833333333,-66.948666666667,6.97,3.01,md,33,185,0.04412,0.13,pr,pr71532618,2026-09-19T19:31:46.192Z,"4 km WSW of Guánica, Puerto Rico",earthquake,0.34,0.18,0.23683397471299,9,reviewed,pr,pr
2026-09-18T19:24:48.010Z,17.976,-66.9545,6.33,2.72,md,10,180,0.07162,0.16,pr,pr71532603,2026-09-18T19:39:54.290Z,"4 km WSW of Fuig, Puerto Rico",earthquake,0.89,0.53,0.19345492205107,4,reviewed,pr,pr
2026-09-18T19:16:37.535Z,55.7503,164.062,30.943,4.5,mb,132,120,4.561,0.64,us,us7000tiem,2026-09-18T21:41:41.040Z,"112 km ESE of Ust’-Kamchatsk Staryy, Russia",earthquake,8.65,5.652,0.051,118,reviewed,us,us
2026-09-18T19:13:17.034Z,19.4646,-155.5904,26.769,2.6,ml,22,83,0.066,0.71,us,us7000tiej,2026-09-18T21:23:03.554Z,"28 km E of Honaunau-Napoopoo, Hawaii",earthquake,2.99,7.74,0.058,39,reviewed,us,us
2026-09-18T18:43:56.910Z,18.8207,145.8607,119.65,4.2,mb,30,123,3.567,0.68,us,us6000txey,2026-09-25T14:55:35.040Z,"Pagan region, Northern Mariana Islands",earthquake,7.52,8.051,0.11,23,reviewed,us,us
2026-09-18T18:41:23.319Z,4.3989,-76.6893,83.3,4.5,mb,54,96,2.122,0.41,us,us7000tie4,2026-09-26T15:46:39.040Z,"28 km S of Sipí, Colombia",earthquake,7.45,7.646,0.074,53,reviewed,us,us
2026-09-18T18:24:23.690Z,17.928,-66.926833333333,5.57,2.52,md,8,222,0.06512,0.14,pr,pr71533183,2026-09-19T22:12:55.170Z,"5 km SSW of Guánica, Puerto Rico",earthquake,0.69,0.45,0.076455088174662,4,reviewed,pr,pr
2026-09-18T18:23:30.020Z,17.955333333333,-66.9475,7.58,2.84,md,24,180,0.04061,0.2,pr,pr71532538,2026-09-26T15:34:54.040Z,"4 km WSW of Guánica, Puerto Rico",earthquake,0.47,0.23,0.42891637931158,13,reviewed,pr,pr
2026-09-18T17:42:37.843Z,-8.7071,105.6209,10,4.5,mb,34,132,1.733,0.54,us,us7000tidr,2026-09-26T15:32:03.914Z,"216 km SSW of Pelabuhanratu, Indonesia",earthquake,9.25,1.606,0.108,25,reviewed,us,us
2026-09-18T17:21:24.725Z,57.935,-153.5,52.2,2.6,ml,71,64,0.5,0.5,ak,aka2026snoksy,2026-09-26T15:33:19.040Z,"37 km WNW of Port Lions, Alaska",earthquake,3.2,3.8254,0.2,51,reviewed,ak,ak
2026-09-18T17:20:42.440Z,17.9658,-66.9605,6,3.4,ml,17,173,0.0818,0.16,pr,pr2026261002,2026-09-25T18:15:39.040Z,"5 km WSW of Fuig, Puerto Rico",earthquake,0.69,0.45,0,0,reviewed,pr,pr
2026-09-18T17:05:01.650Z,19.9365,-155.68383333333,11.12,2.79,ml,47,108,0.08301,0.17,hv,hv74000249,2026-09-25T15:19:02.040Z,"9 km S of Waimea, Hawaii",earthquake,0.29,0.26,0.19188901251497,31,reviewed,hv,hv
2026-09-18T17:03:29.280Z,19.927333333333,-155.6915,8.83,2.52,ml,50,104,0.07706,0.19,hv,hv75039542,2026-09-25T15:17:27.040Z,"10 km E of Waikoloa, Hawaii",earthquake,0.3,0.34,0.18989263878957,13,reviewed,hv,hv
2026-09-18T16:57:53.350Z,17.944333333333,-66.958,7.66,2.7,md,16,190,0.05455,0.08,pr,pr71532403,2026-09-18T17:14:44.710Z,"6 km WSW of Guánica, Puerto Rico",earthquake,0.39,0.16,0.072990398413662,6,reviewed,pr,pr
2026-09-18T16:57:05.620Z,17.9705,-66.952166666667,7.86,2.56,md,5,184,0.06954,0.14,pr,pr71532383,2026-09-25T20:36:51.040Z,"4 km WSW of Fuig, Puerto Rico",earthquake,1.3,0.4,0.042187993750038,4,reviewed,pr,pr
2026-09-18T16:56:17.069Z,52.7823,-169.5249,70.346,3.6,ml,27,195,0.12,0.42,us,us7000tiet,2026-09-19T17:07:08.040Z,"47 km WSW of Nikolski, Alaska",earthquake,8.18,5.35,0.085,18,reviewed,us,us
2026-09-18T16:52:07.849Z,-33.322,-70.3171,100.054,4.8,mwr,89,39,0.175,0.91,us,us7000tid4,2026-09-25T20:36:48.282Z,"28 km ENE of Villa Presidente Frei, Chile",earthquake,4.82,3.842,0.068,21,reviewed,us,us
2026-09-18T16:37:23.949Z,-4.1133,102.2302,86.112,4.6,mb,38,150,6.084,0.82,us,us7000tid2,2026-09-25T20:24:51.040Z,"34 km S of Bengkulu, Indonesia",earthquake,14.65,8.467,0.1,31,reviewed,us,us
2026-09-18T16:27:16.244Z,28.9552,128.9327,10,4.4,mb,22,116,2.865,0.8,us,us7000tir5,2026-09-25T20:19:00.040Z,"78 km NNW of Uken, Japan",earthquake,6.54,1.894,0.143,14,reviewed,us,us
2026-09-18T15:23:57.815Z,54.4367,-163.4175,78.733,2.6,ml,22,197,0.282,0.64,us,us6000tx92,2026-09-25T20:03:30.040Z,"46 km S of False Pass, Alaska",earthquake,9.55,13.163,0.097,14,reviewed,us,us
2026-09-18T14:42:39.134Z,-18.1468,-69.394,152.137,4.1,mb,17,104,0.216,0.56,us,us7000tib9,2026-09-19T16:53:51.040Z,"72 km SE of Palca, Peru",earthquake,7.85,4.968,0.234,5,reviewed,us,us
2026-09-18T14:36:18.354Z,-8.4912,105.8744,10,5.2,mb,68,52,1.955,0.78,us,us7000tib8,2026-09-25T20:00:27.040Z,"182 km SSW of Pelabuhanratu, Indonesia",earthquake,10.97,1.781,0.071,72,reviewed,us,us
2026-09-18T14:20:09.784Z,53.8792,-157.183,10,2.7,ml,14,255,2.146,0.63,us,us6000tx7v,2026-09-25T19:41:25.040Z,"258 km SSE of Perryville, Alaska",earthquake,6.87,2.02,0.091,16,reviewed,us,us
2026-09-18T14:13:34.200Z,17.956166666667,-66.933833333333,9.21,2.52,md,5,209,0.05524,0.16,pr,pr71532288,2026-09-18T14:46:37.130Z,"3 km WSW of Guánica, Puerto Rico",earthquake,0.88,0.94,0.020921441358608,3,reviewed,pr,pr
2026-09-18T14:08:21.470Z,17.948666666667,-66.930833333333,7.93,2.64,md,10,212,0.03153,0.09,pr,pr71532283,2026-09-18T15:35:57.120Z,"3 km SW of Guánica, Puerto Rico",earthquake,0.46,0.38,0.20197350011897,3,reviewed,pr,pr
2026-09-18T13:57:59.791Z,-13.1808,167.0421,226.828,4.6,mb,51,86,7.788,0.68,us,us7000tib5,2026-09-25T19:38:53.040Z,"94 km NW of Sola, Vanuatu",earthquake,11.4,6.189,0.066,74,reviewed,us,us
2026-09-18T13:40:41.059Z,47.5813,-111.3327,10,3.7,ml,29,98,0.883,0.55,us,us7000tiax,2026-09-25T19:43:15.859Z,"7 km NNW of Black Eagle, Montana",earthquake,3.5,1.987,0.038,90,reviewed,us,us
2026-09-18T13:35:27.900Z,17.9368,-66.9352,10,2.9,ml,11,199,0.109,0.24,us,us7000tiav,2026-09-18T15:49:29.727Z,"4 km SW of Guánica, Puerto Rico",earthquake,1.8,1.893,0.077,22,reviewed,us,us
2026-09-18T13:22:55.470Z,17.986666666667,-66.946166666667,7.63,2.51,md,14,148,0.0385,0.21,pr,pr71532193,2026-09-25T19:22:35.040Z,"3 km W of Fuig, Puerto Rico",earthquake,0.55,0.27,0.11024522217843,3,reviewed,pr,pr
2026-09-18T13:19:35.140Z,17.9391,-66.9455,7,4.8,ml,23,191,0.0754,0.13,pr,pr2026261000,2026-09-25T19:30:23.493Z,"5 km SW of Guánica, Puerto Rico",earthquake,0.66,0.28,0,0,reviewed,pr,pr
2026-09-18T13:19:24.750Z,52.0602,-169.6486,45.152,3.2,ml,24,216,0.729,0.49,us,us6000tx7q,2026-09-25T19:16:41.040Z,"111 km SSW of Nikolski, Alaska",earthquake,6.66,12.947,0.097,14,reviewed,us,us
2026-09-18T13:12:49.370Z,14.3814,-93.5556,10,4.6,mb,35,193,2.333,0.72,us,us7000tiaq,2026-09-18T15:33:55.040Z,"125 km SSW of La Esperanza (El Zapotal), Mexico",earthquake,9.23,1.946,0.045,147,reviewed,us,us
2026-09-18T12:34:04.804Z,51.472,-175.623,21.9,3.1,ml,24,232,0.5,0.4,ak,aka2026snevpm,2026-09-24T01:17:20.165Z,"83 km ESE of Adak, Alaska",earthquake,7.4,3.9033,0.1,19,reviewed,ak,ak
2026-09-18T12:20:56.630Z,-8.3213,120.5723,10,4.7,mb,33,114,3.385,0.99,us,us7000ti9c,2026-09-18T12:45:09.040Z,"34 km NNE of Ruteng, Indonesia",earthquake,10.65,1.883,0.104,28,reviewed,us,us
2026-09-18T12:09:48.959Z,30.8534,99.922,10,4.6,mb,45,125,5.987,0.7,us,us7000ti9a,2026-09-18T12:27:45.040Z,"204 km N of Daocheng, China",earthquake,8.13,1.745,0.081,45,reviewed,us,us
2026-09-18T12:07:38.239Z,36.5552,70.8569,179.456,4.2,mb,34,76,2.181,0.69,us,us7000ti97,2026-09-18T12:33:37.040Z,"34 km S of Jurm, Afghanistan",earthquake,6.68,10.73,0.136,15,reviewed,us,us
2026-09-18T11:19:52.780Z,19.164,-155.484,13.56,2.95,ml,46,112,0.02238,0.16,hv,hv75039357,2026-09-18T22:09:54.580Z,"4 km S of Pāhala, Hawaii",earthquake,0.42,0.32,0.14569517079107,38,reviewed,hv,hv
2026-09-18T11:10:07.340Z,18.817,-64.498,18.42,3.04,md,5,288,0.3374,0.24,pr,pr71532168,2026-09-18T12:12:51.770Z,"62 km NNE of Cruz Bay, U.S. Virgin Islands",earthquake,1.63,1.82,0.010275878302003,4,reviewed,pr,pr
2026-09-18T10:44:47.445Z,69.525,-144.162,2.9,2.5,ml,34,103,0.2,0.7,ak,aka2026snbevo,2026-09-24T00:30:44.942Z,"70 km SSW of Kaktovik, Alaska",earthquake,4.7,3.3951,0.2,25,reviewed,ak,ak
2026-09-18T10:34:35.006Z,69.549,-144.202,5,3.2,ml,61,99,0.2,0.8,ak,aka2026snavuk,2026-09-24T00:33:29.556Z,"68 km SSW of Kaktovik, Alaska",earthquake,3.6,0,0.1,44,reviewed,ak,ak
2026-09-18T09:53:53.040Z,54.951,-163.717,109.1,2.5,ml,25,168,0.1,0.4,ak,aka2026smzmrq,2026-09-24T00:23:35.014Z,"22 km WNW of False Pass, Alaska",earthquake,26.4,3.6503,0.3,19,reviewed,ak,ak
2026-09-18T09:26:11.300Z,19.165,-155.48416666667,10.45,2.52,ml,50,110,0.02293,0.19,hv,hv75039307,2026-09-18T20:59:34.078Z,"4 km S of Pāhala, Hawaii",earthquake,0.38,0.44,0.11157801416603,36,reviewed,hv,hv
2026-09-18T09:23:48.084Z,51.4614,-173.1456,35,3.6,mb,54,213,0.988,0.48,us,us7000tieq,2026-09-22T09:53:45.040Z,"109 km SE of Atka, Alaska",earthquake,7.76,2.009,0.102,24,reviewed,us,us
2026-09-18T09:16:23.420Z,54.006,-163.72,26.1,2.5,ml,29,222,0.6,0.5,ak,aka2026smyger,2026-09-24T00:02:37.256Z,"96 km SSW of False Pass, Alaska",earthquake,7.4,3.5734,0.1,20,reviewed,ak,ak
2026-09-18T08:45:21.605Z,7.0509,-77.7982,10,4.4,mb,18,133,2.286,0.94,us,us7000ti8q,2026-09-30T11:48:48.040Z,"7 km SW of Juradó, Colombia",earthquake,7.85,1.873,0.155,12,reviewed,us,us
2026-09-18T08:39:05.687Z,32.3403,141.3279,38.88,4.6,mb,44,127,4.636,0.54,us,us7000ti8j,2026-09-30T11:38:18.040Z,"Izu Islands, Japan region",earthquake,13.05,7.402,0.083,43,reviewed,us,us
2026-09-18T07:35:09.817Z,-41.5677,-86.8102,10,4.4,mb,22,156,11.833,0.56,us,us7000tiqq,2026-09-20T10:16:34.040Z,"West Chile Rise",earthquake,13.24,1.947,0.114,22,reviewed,us,us
2026-09-18T07:21:11.062Z,32.371,141.2894,43.854,4.5,mb,30,138,4.591,0.74,us,us6000txf4,2026-09-30T11:27:23.040Z,"Izu Islands, Japan region",earthquake,12.69,8.014,0.113,23,reviewed,us,us
2026-09-18T07:19:29.154Z,32.3036,141.402,38.867,5,mww,41,132,4.706,0.68,us,us7000ti89,2026-09-27T08:46:00.040Z,"Izu Islands, Japan region",earthquake,13.06,7.397,0.093,11,reviewed,us,us
2026-09-18T07:12:38.212Z,53.5422,-165.486,27.466,2.7,ml,21,204,0.583,0.58,us,us6000tx6x,2026-09-27T08:38:50.040Z,"68 km SSE of Akutan, Alaska",earthquake,3.56,14.083,0.105,12,reviewed,us,us
2026-09-18T07:12:09.770Z,19.4344,-68.6655,10,3,ml,15,194,0.954,0.8,us,us7000ti87,2026-09-27T08:35:40.040Z,"64 km NE of Miches, Dominican Republic",earthquake,5.67,2.004,0.069,28,reviewed,us,us
2026-09-18T06:43:48.391Z,52.2355,-171.1067,102.232,2.8,ml,17,205,0.912,0.56,us,us6000tx6u,2026-09-25T08:09:58.040Z,"171 km WSW of Nikolski, Alaska",earthquake,15.34,22.255,0.091,16,reviewed,us,us
2026-09-18T06:42:29.274Z,-21.9479,-179.3724,548.378,4.7,mb,46,77,4.832,0.65,us,us7000ti83,2026-09-18T06:58:48.040Z,"Fiji region",earthquake,13.16,8.752,0.029,364,reviewed,us,us
2026-09-18T06:42:06.708Z,38.915,23.3755,4.385,4.3,mb,34,52,0.817,0.82,us,us7000ti82,2026-09-18T17:36:55.228Z,"15 km NW of Mantoúdi, Greece",earthquake,4.55,4.633,0.107,25,reviewed,us,us
2026-09-18T06:41:50.150Z,18.110166666667,-66.546166666667,20.42,2.64,md,15,79,0.04711,0.16,pr,pr71532128,2026-09-18T07:39:12.660Z,"5 km NW of Guayabal, Puerto Rico",earthquake,0.37,0.66,0.080266551469564,13,reviewed,pr,pr
2026-09-18T06:36:43.030Z,19.157666666667,-155.47633333333,12.42,4.06,ml,60,126,0.01363,0.19,hv,hv75039212,2026-10-01T22:35:05.728Z,"5 km S of Pāhala, Hawaii",earthquake,0.39,0.28,0.24808897616654,47,reviewed,hv,hv
2026-09-18T06:17:03.598Z,4.3224,-76.7931,68.374,4.7,mb,50,99,2.243,1.05,us,us7000ti7x,2026-09-18T10:37:50.853Z,"40 km SSW of Sipí, Colombia",earthquake,7.27,7.974,0.046,142,reviewed,us,us
2026-09-18T05:43:46.634Z,52.1568,-171.0421,105.38,3.8,mb,31,178,0.933,0.64,us,us7000tiek,2026-09-25T08:24:45.040Z,"171 km WSW of Nikolski, Alaska",earthquake,6.14,8.918,0.153,11,reviewed,us,us
2026-09-18T05:25:02.923Z,53.62,-162.745,4,2.8,ml,26,237,1.2,0.7,ak,aka2026smqnoq,2026-09-23T04:31:20.942Z,"144 km SSE of False Pass, Alaska",earthquake,6.6,4.6302,0.1,22,reviewed,ak,ak
2026-09-18T05:24:46.756Z,59.843,-153.316,132.6,3,ml,165,53,0.1,1,ak,aka2026smqnkd,2026-09-23T04:17:17.564Z,"44 km E of Pedro Bay, Alaska",earthquake,2.5,1.2883,0.3,120,reviewed,ak,ak
2026-09-18T04:51:11.158Z,58.15,-151.575,23.2,2.9,ml,93,149,0.6,0.5,ak,aka2026smpklv,2026-09-23T04:08:07.405Z,"60 km ENE of Ouzinkie, Alaska",earthquake,3.3,3.6676,0.1,70,reviewed,ak,ak
2026-09-18T04:39:53.060Z,40.2945,-124.50033333333,9,2.54,md,27,264,0.1208,0.15,nc,nc75437647,2026-09-29T00:52:23.722Z,"19 km W of Petrolia, CA",earthquake,0.89,0.45,0.12,22,reviewed,nc,nc
2026-09-18T04:27:56.074Z,51.411,178.472,53.2,3.3,ml,20,269,0.5,0.4,ak,aka2026smoqbv,2026-09-23T02:19:32.219Z,"Rat Islands, Aleutian Islands, Alaska",earthquake,9.8,5.9422,0.1,15,reviewed,ak,ak
2026-09-18T04:04:37.500Z,18.274,-67.8398,116,3.39,md,11,179,0.7539,0.39,pr,pr2026261001,2026-09-18T16:32:48.140Z,"62 km W of Rincón, Puerto Rico",earthquake,3.81,2.49,0.05,11,reviewed,pr,pr
2026-09-18T04:03:31.170Z,17.9205,-66.851,6.37,2.48,md,8,223,0.06056,0.32,pr,pr71532113,2026-09-18T04:57:28.700Z,"7 km SSE of Maria Antonia, Puerto Rico",earthquake,1.33,0.75,0.1142671434568,7,reviewed,pr,pr
2026-09-18T03:57:04.460Z,17.984166666667,-65.375333333333,9.8,3.08,md,14,158,0.3334,0.43,pr,pr71532098,2026-09-18T06:08:45.940Z,"16 km SE of Esperanza, Puerto Rico",earthquake,0.93,1.57,0.11548862671696,14,reviewed,pr,pr
2026-09-18T02:47:13.546Z,60.661,-149.792,26,2.6,ml,66,45,0.4,0.8,ak,aka2026smlgtq,2026-09-22T23:06:49.451Z,"19 km N of Cooper Landing, Alaska",earthquake,2.3,2.2005,0.2,49,reviewed,ak,ak
2026-09-18T02:12:28.063Z,32.3391,141.3639,32.628,4.5,mb,85,134,4.658,0.38,us,us7000ti79,2026-10-07T05:32:40.040Z,"Izu Islands, Japan region",earthquake,11.71,5.87,0.066,68,reviewed,us,us
2026-09-18T01:29:02.062Z,37.128,71.5093,110.372,4.2,mb,47,100,1.413,0.69,us,us7000ti74,2026-10-07T04:30:02.040Z,"40 km S of Khorugh, Tajikistan",earthquake,6.3,8.983,0.093,32,reviewed,us,us
2026-09-18T01:22:07.955Z,61.124,-159.172,14.6,2.5,ml,19,61,0.1,0.9,ak,aka2026smikyn,2026-09-22T22:56:15.908Z,"50 km S of Chuathbaluk, Alaska",earthquake,4.3,2.3654,0.1,15,reviewed,ak,ak
2026-09-18T01:07:38.242Z,52.0677,-169.2164,10,3.8,mb,44,181,0.784,1.2,us,us7000ti78,2026-10-07T04:10:28.040Z,"99 km SSW of Nikolski, Alaska",earthquake,4.64,1.909,0.104,24,reviewed,us,us
2026-09-18T01:07:31.854Z,32.2324,131.6664,62.101,4.5,mb,51,122,1.259,1.13,us,us7000ti70,2026-10-07T04:22:45.040Z,"9 km ESE of Tsunō, Japan",earthquake,10.07,7.074,0.083,43,reviewed,us,us
2026-09-18T00:36:08.639Z,54.0344,-163.1983,35,2.6,ml,20,208,0.69,0.6,us,us6000twzs,2026-10-05T22:10:28.040Z,"92 km S of False Pass, Alaska",earthquake,5,2.015,0.097,14,reviewed,us,us
2026-09-17T23:55:16.532Z,51.7244,-173.9276,60.953,2.5,ml,14,274,0.506,0.64,us,us6000twzc,2026-10-05T22:50:36.040Z,"55 km SSE of Atka, Alaska",earthquake,9.1,37.762,0.115,10,reviewed,us,us
2026-09-17T23:44:40.338Z,58.256,-151.299,12.6,2.7,ml,90,152,0.7,0.6,ak,aka2026smfeoh,2026-10-06T02:48:39.040Z,"80 km ENE of Ouzinkie, Alaska",earthquake,3.9,2.9831,0.1,66,reviewed,ak,ak
2026-09-17T23:33:25.160Z,18.2058,-68.7766,147,3.66,md,8,219,0.5011,0.47,pr,pr2026260000,2026-10-06T02:51:05.040Z,"26 km SW of Boca de Yuma, Dominican Republic",earthquake,8.95,2.68,0.16,3,reviewed,pr,pr
2026-09-17T23:27:26.010Z,61.15,-149.748,12.9,2.7,ml,119,38,0.5,0.9,ak,aka2026smepok,2026-10-06T02:45:13.040Z,"11 km SE of Anchorage, Alaska",earthquake,1.8,1.5147,0.1,86,reviewed,ak,ak
2026-09-17T22:11:41.739Z,-21.9418,-69.2655,87.28,4.2,mb,23,73,0.146,0.65,us,us7000ti67,2026-10-06T02:39:11.040Z,"60 km NE of María Elena, Chile",earthquake,3.76,5.182,0.175,9,reviewed,us,us
2026-09-17T21:28:03.994Z,31.696,-104.539,4.2542,2.7,ml,24,68,0,0.2,tx,tx2026sjbtxd,2026-10-06T02:33:09.040Z,"55 km SSW of Whites City, New Mexico",earthquake,1.2695666401341,0.59656164752093,0.1,14,reviewed,tx,tx
2026-09-17T21:27:31.446Z,53.9704,-157.2037,10,2.9,ml,26,236,2.413,0.59,us,us6000twz3,2026-10-05T22:45:14.040Z,"249 km SSE of Perryville, Alaska",earthquake,8.57,2.018,0.085,18,reviewed,us,us
2026-09-17T21:10:25.511Z,4.4797,-76.7816,57.974,4.7,mb,78,90,2.108,0.95,us,us7000ti5y,2026-10-06T02:24:33.871Z,"24 km SW of Sipí, Colombia",earthquake,6.14,6.059,0.041,176,reviewed,us,us
2026-09-17T20:32:29.830Z,33.864666666667,-118.2075,13.23,2.94,ml,128,39,0.03114,0.26,ci,ci41334231,2026-10-02T23:54:08.234Z,"4 km SSE of Compton, CA",earthquake,0.18,0.37,0.18656110992624,302,reviewed,ci,ci
2026-09-17T20:23:45.505Z,-5.6816,130.7889,69.002,4.6,mb,61,79,4.804,0.48,us,us7000ti5v,2026-10-01T15:30:34.040Z,"217 km W of Tual, Indonesia",earthquake,10.32,6.595,0.081,46,reviewed,us,us
2026-09-17T19:22:37.378Z,-20.3719,-177.6181,422.654,4.1,mb,41,98,4.814,1.14,us,us7000tiwb,2026-10-01T15:10:02.040Z,"256 km WNW of Houma, Tonga",earthquake,13.59,7.617,0.111,22,reviewed,us,us
2026-09-17T19:19:06.820Z,30.1814,-42.1941,10,4.9,mb,111,47,15.748,0.46,us,us7000ti5b,2026-10-01T15:03:45.040Z,"northern Mid-Atlantic Ridge",earthquake,10.59,1.829,0.031,324,reviewed,us,us
2026-09-17T19:17:33.061Z,-7.7582,104.4708,10,4.5,mb,35,150,2.932,0.83,us,us7000ti5c,2026-10-01T14:46:28.040Z,"214 km SW of Labuan, Indonesia",earthquake,13.81,1.899,0.097,31,reviewed,us,us
2026-09-17T19:07:30.795Z,52.4091,-171.2493,87.462,2.9,ml,19,195,0.884,0.85,us,us6000twyg,2026-10-01T14:00:40.040Z,"171 km WSW of Nikolski, Alaska",earthquake,12.63,9.863,0.097,16,reviewed,us,us
2026-09-17T19:07:28.160Z,-15.3798,167.5511,116.765,4.2,mb,19,203,6.008,0.62,us,us6000tx4i,2026-09-30T20:47:13.040Z,"44 km ENE of Luganville, Vanuatu",earthquake,14.47,11.081,0.152,12,reviewed,us,us
2026-09-17T19:05:59.050Z,52.1293,159.9552,38.931,4.3,mb,29,111,1.198,0.87,us,us6000tx4h,2026-09-30T17:02:49.040Z,"137 km SE of Petropavlovsk-Kamchatsky, Russia",earthquake,8.06,6.285,0.147,13,reviewed,us,us
2026-09-17T18:58:47.084Z,54.3687,-161.6937,7.913,3,ml,21,223,0.789,0.62,us,us6000twyb,2026-09-30T16:03:57.040Z,"86 km SSE of King Cove, Alaska",earthquake,2.99,11.291,0.085,18,reviewed,us,us
2026-09-17T18:38:41.407Z,57.231,-155.356,53.6,2.6,ml,60,153,0.6,0.6,ak,aka2026sluzec,2026-09-22T18:07:41.743Z,"65 km SW of Karluk, Alaska",earthquake,4.5,4.7571,0.2,43,reviewed,ak,ak
2026-09-17T18:14:22.970Z,36.892333333333,-121.61966666667,-0.12,2.53,md,28,70,0.02356,0.17,nc,nc75437317,2026-09-30T14:00:14.040Z,"2 km ENE of Aromas, CA",quarry blast,0.26,31.61,0.076,7,reviewed,nc,nc
2026-09-17T16:45:29.748Z,52.964,-171.345,99.904,3.4,ml,21,170,0.804,0.57,us,us6000twxe,2026-09-25T19:09:55.040Z,"166 km W of Nikolski, Alaska",earthquake,15.46,22.93,0.074,24,reviewed,us,us
2026-09-17T16:33:51.274Z,52.9789,-171.3906,99.874,2.8,ml,14,174,1.533,1.06,us,us7000tj2y,2026-09-25T19:05:43.040Z,"170 km W of Nikolski, Alaska",earthquake,14.07,7.123,0.105,12,reviewed,us,us
2026-09-17T16:33:48.898Z,52.073,-170.895,107.9,3,ml,14,221,1,0.9,ak,aka2026slqvhj,2026-09-22T02:32:40.635Z,"168 km SW of Nikolski, Alaska",earthquake,38,9.4062,0.1,10,reviewed,ak,ak
2026-09-17T16:04:42.593Z,52.7716,-171.0622,115.08,2.9,ml,17,166,0.64,0.85,us,us7000tj2v,2026-09-25T18:42:18.040Z,"149 km W of Nikolski, Alaska",earthquake,15.09,10.065,0.105,12,reviewed,us,us
2026-09-17T15:51:18.117Z,-40.6345,-73.4372,59.712,4.6,mb,27,141,0.753,1.28,us,us7000ti3n,2026-09-24T20:54:04.240Z,"26 km WSW of Osorno, Chile",earthquake,5.91,9.264,0.158,12,reviewed,us,us
2026-09-17T15:04:16.188Z,32.074,-103.679,7.7533,2.7,ml,36,39,0,0.2,tx,tx2026sipbbo,2026-09-24T20:50:10.040Z,"40 km ESE of Malaga, New Mexico",earthquake,0.36614316739109,0.63933372916037,0.2,21,reviewed,tx,tx
2026-09-17T14:46:43.544Z,52.8617,-171.3302,97.508,3.8,ml,20,156,0.792,0.7,us,us7000ti2h,2026-09-18T14:43:39.040Z,"166 km W of Nikolski, Alaska",earthquake,10.3,5.28,0.071,26,reviewed,us,us
2026-09-17T14:44:39.218Z,57.968,-138.245,3.9,2.8,ml,23,192,1.1,0.8,ak,aka2026slnegf,2026-09-22T02:14:50.198Z,"114 km WSW of Elfin Cove, Alaska",earthquake,6.1,3.3556,0.2,15,reviewed,ak,ak
2026-09-17T14:39:42.037Z,52.8259,-171.4285,97.243,4.1,mb,30,163,0.853,1.3,us,us7000ti2f,2026-09-18T14:29:24.040Z,"173 km W of Nikolski, Alaska",earthquake,10.18,6.984,0.117,20,reviewed,us,us
2026-09-17T14:34:22.119Z,52.8272,-171.278,95.078,3.5,ml,21,167,0.762,0.46,us,us7000ti2d,2026-09-18T13:56:09.040Z,"163 km W of Nikolski, Alaska",earthquake,16.63,16.264,0.085,18,reviewed,us,us
2026-09-17T14:19:52.472Z,52.9564,-171.5033,98,6.5,mww,150,29,0.899,0.99,us,us7000ti1p,2026-10-06T14:29:58.561Z,"177 km W of Nikolski, Alaska",earthquake,5.72,1.86,0.027,130,reviewed,us,us
2026-09-17T14:19:13.030Z,-57.7827,157.5175,10,4.3,mb,12,165,3.387,1.07,us,us6000tx4c,2026-09-24T20:28:34.040Z,"Macquarie Island region",earthquake,11.95,2.002,0.218,6,reviewed,us,us
2026-09-17T13:30:50.164Z,52.2672,159.5083,64.295,4.7,mb,58,134,0.92,0.81,us,us7000ti1h,2026-09-24T20:17:40.040Z,"105 km SE of Vilyuchinsk, Russia",earthquake,8.58,6.016,0.067,67,reviewed,us,us
2026-09-17T13:11:57.284Z,54.589,-159.806,1.4,2.5,ml,23,255,1.3,0.5,ak,aka2026slkbzs,2026-09-22T02:04:50.214Z,"94 km SSE of Sand Point, Alaska",earthquake,8.4,5.575,0.1,18,reviewed,ak,ak
2026-09-17T12:31:37.057Z,49.6652,-116.8318,10,4.2,ml,36,69,0.99,0.94,us,us7000ti15,2026-09-23T19:37:01.040Z,"37 km ENE of Nelson, Canada",earthquake,2.17,1.985,0.038,92,reviewed,us,us
2026-09-17T12:07:43.260Z,18.126166666667,-67.252166666667,56.5,3.06,md,16,250,0.1364,0.1,pr,pr71532018,2026-09-17T12:30:33.350Z,"8 km NW of Puerto Real, Puerto Rico",earthquake,0.54,0.41,0.10167109157187,11,reviewed,pr,pr
2026-09-17T11:50:44.348Z,54.488,-159.89,29.8,2.9,ml,26,225,1.3,0.6,ak,aka2026slhjnh,2026-09-22T00:39:31.639Z,"102 km SSE of Sand Point, Alaska",earthquake,16.9,17.6215,0.1,20,reviewed,ak,ak
2026-09-17T09:34:33.358Z,31.665,-104.453,6.0999,2.5,ml,42,66,0,0.3,tx,tx2026siects,2026-09-17T16:04:38.641Z,"57 km S of Whites City, New Mexico",earthquake,0.98404369390831,0.72692198623582,0.1,20,reviewed,tx,tx
2026-09-17T09:11:54.086Z,52.047,-169.19,14.4,2.7,ml,14,292,0.8,0.6,ak,aka2026slccbr,2026-09-21T22:56:09.342Z,"101 km SSW of Nikolski, Alaska",earthquake,16.7,7.3021,0.1,10,reviewed,ak,ak
2026-09-17T08:28:25.531Z,-8.1916,121.4748,10,4.5,mb,19,126,3.591,0.93,us,us7000ti03,2026-09-27T08:30:59.040Z,"74 km NNW of Ende, Indonesia",earthquake,15.66,1.936,0.124,19,reviewed,us,us
2026-09-17T08:17:39.982Z,55.3484,-148.9362,10,2.8,ml,19,296,3.167,0.39,us,us7000tj16,2026-09-27T07:03:24.040Z,"Gulf of Alaska",earthquake,14.52,2.027,0.105,12,reviewed,us,us
2026-09-17T07:56:27.140Z,17.996333333333,-66.808666666667,12.07,3.05,md,16,141,0.07044,0.17,pr,pr71532008,2026-09-17T08:58:26.070Z,"1 km ENE of Indios, Puerto Rico",earthquake,0.35,0.43,0.1078612499732,17,reviewed,pr,pr
2026-09-17T06:48:41.638Z,-22.6059,-20.2867,10,5,mb,31,53,22.777,0.74,us,us7000thzz,2026-09-27T06:47:28.040Z,"South Atlantic Ocean",earthquake,6.59,1.86,0.085,45,reviewed,us,us
2026-09-17T06:42:40.709Z,-14.3959,-174.8386,10,5.3,mww,45,95,3.004,1.2,us,us7000thzw,2026-09-27T06:45:44.040Z,"189 km SE of Mata-Utu, Wallis and Futuna",earthquake,13.79,1.87,0.093,11,reviewed,us,us
2026-09-17T06:32:08.637Z,-16.6078,167.5939,10,4.7,mb,21,206,5.022,0.82,us,us7000thzs,2026-09-27T06:28:26.040Z,"59 km SSE of Lakatoro, Vanuatu",earthquake,14.44,1.937,0.137,16,reviewed,us,us
2026-09-17T06:20:48.427Z,1.2794,126.3131,10,5.2,mb,75,78,17.02,0.86,us,us7000thzp,2026-09-27T06:19:43.040Z,"130 km WNW of Ternate, Indonesia",earthquake,8.83,1.863,0.047,148,reviewed,us,us
2026-09-17T05:47:05.810Z,19.1305,-67.977333333333,30.19,3.33,md,13,264,0.7223,0.32,pr,pr71531988,2026-09-17T06:58:17.640Z,"75 km NE of Punta Cana, Dominican Republic",earthquake,2.43,16.4,0.11989100876969,12,reviewed,pr,pr
2026-09-17T05:42:28.710Z,33.578,137.1789,362.863,4.1,mb,45,149,1.772,0.38,us,us7000thzf,2026-09-27T06:15:45.040Z,"89 km SSE of Shima, Japan",earthquake,10.4,7.589,0.109,23,reviewed,us,us
2026-09-17T05:32:49.642Z,13.6771,-92.5623,10,4.2,mb,30,218,2.622,0.74,us,us6000tx3y,2026-09-27T06:09:51.040Z,"97 km SW of Champerico, Guatemala",earthquake,11.3,1.986,0.106,25,reviewed,us,us
2026-09-17T05:26:52.894Z,13.8071,-91.0031,59.892,4.3,mb,38,223,1.192,0.86,us,us6000tx3x,2026-09-27T05:52:08.040Z,"23 km SW of Puerto San José, Guatemala",earthquake,12.56,13.464,0.086,38,reviewed,us,us
2026-09-17T05:24:38.681Z,53.471,-164.775,29.5,2.5,ml,16,259,0.8,0.5,ak,aka2026skumqs,2026-09-21T17:03:19.300Z,"98 km SE of Akutan, Alaska",earthquake,9.5,5.5786,0.1,12,reviewed,ak,ak
2026-09-17T05:24:31.743Z,13.8344,-91.0436,68.49,4.6,mb,36,218,1.229,0.51,us,us7000thzd,2026-09-27T05:35:37.040Z,"26 km WSW of Puerto San José, Guatemala",earthquake,6.25,10.481,0.032,283,reviewed,us,us
2026-09-17T04:56:02.374Z,51.7138,175.0556,35,3.7,mb,19,234,1.175,0.55,us,us7000tizd,2026-10-07T04:03:27.040Z,"179 km SE of Attu Station, Alaska",earthquake,7.11,2.022,0.206,6,reviewed,us,us
2026-09-17T04:06:53.715Z,-17.2943,-173.4778,10,5.3,mb,158,31,3.742,0.53,us,us7000thz3,2026-10-07T03:31:31.040Z,"152 km SSE of Hihifo, Tonga",earthquake,7.54,1.722,0.051,127,reviewed,us,us
2026-09-17T03:46:09.805Z,69.017,-147.592,3.6,2.6,ml,40,68,0.5,0.8,ak,aka2026skrfhp,2026-10-07T02:31:12.040Z,"129 km NW of Arctic Village, Alaska",earthquake,2.6,2.2294,0.2,28,reviewed,ak,ak
2026-09-17T03:07:43.050Z,37.334666666667,-121.5945,6.55,2.56,md,107,50,0.03894,0.09,nc,nc75437042,2026-10-07T02:16:35.040Z,"21 km E of Alum Rock, CA",earthquake,0.12,0.24,0.131,101,reviewed,nc,nc
2026-09-17T02:36:11.116Z,50.6283,-179.4036,10,2.6,ml,11,257,1.11,0.88,us,us7000tiz8,2026-10-07T02:11:42.040Z,"237 km SW of Adak, Alaska",earthquake,4.18,1.981,0.128,8,reviewed,us,us
2026-09-17T02:13:51.989Z,57.13,-156.589,97.8,2.5,ml,54,76,0.5,0.4,ak,aka2026skodhl,2026-10-07T02:07:28.040Z,"64 km SE of Ugashik, Alaska",earthquake,4.8,2.8925,0.3,42,reviewed,ak,ak
2026-09-17T01:47:55.628Z,-16.2143,-177.6458,10,4.5,mb,27,133,2.876,0.63,us,us7000tiqd,2026-10-07T02:04:52.040Z,"216 km SSE of Alo, Wallis and Futuna",earthquake,13.25,1.882,0.144,14,reviewed,us,us
2026-09-17T01:12:49.694Z,4.5186,-76.788,63.112,4.4,mb,54,101,2.081,0.84,us,us7000thyk,2026-10-07T01:58:23.040Z,"21 km SW of Sipí, Colombia",earthquake,6.92,8.448,0.087,38,reviewed,us,us
2026-09-17T00:43:36.530Z,18.831833333333,-64.4005,24.25,3.05,md,5,302,0.3398,0.29,pr,pr71531968,2026-09-17T00:56:47.510Z,"69 km NE of Cruz Bay, U.S. Virgin Islands",earthquake,2.03,6.71,0.33682263852058,3,reviewed,pr,pr
2026-09-17T00:43:13.231Z,-31.6743,-178.8397,10,4.5,mb,16,100,2.546,0.87,us,us6000tx3w,2026-10-02T03:04:00.040Z,"Kermadec Islands region",earthquake,11.12,1.916,0.171,10,reviewed,us,us
2026-09-16T23:28:41.022Z,55.323,-157.533,5,2.5,ml,10,317,1.1,0.5,ak,aka2026skiqaw,2026-09-19T06:54:20.707Z,"120 km ESE of Perryville, Alaska",earthquake,15.1,0,0.3,7,reviewed,ak,ak
2026-09-16T22:31:16.983Z,45.1313,37.4439,10,4.1,mb,45,32,3.958,1.49,us,us7000thxx,2026-09-23T01:12:37.634Z,"2 km NE of Yurovka, Russia",earthquake,4.51,1.929,0.123,18,reviewed,us,us
2026-09-16T22:12:43.820Z,19.386166666667,-65.136,18.36,3.44,md,15,263,1.042,0.23,pr,pr71531948,2026-09-17T22:57:01.040Z,"117 km N of Charlotte Amalie, U.S. Virgin Islands",earthquake,2.24,4.43,0.12283760652848,4,reviewed,pr,pr
2026-09-16T21:50:57.961Z,38.6386,-97.6344,9.714,2.9,mb_lg,29,85,0.643,0.38,us,us7000thxt,2026-09-17T17:09:04.499Z,"5 km SSW of Assaria, Kansas",earthquake,4.49,7.877,0.051,101,reviewed,us,us
2026-09-16T21:29:33.994Z,-62.7008,166.362,10,4.5,mb,24,162,9.085,0.58,us,us7000tipy,2026-09-23T01:04:13.040Z,"Balleny Islands region",earthquake,13.1,1.953,0.118,21,reviewed,us,us
2026-09-16T21:06:52.537Z,-7.304,-13.3461,10,5,mb,48,73,1.183,0.69,us,us6000twws,2026-09-22T23:36:29.040Z,"136 km ENE of Georgetown, Saint Helena",earthquake,10.13,1.854,0.087,43,reviewed,us,us
2026-09-16T20:55:00.902Z,4.46,-76.8006,51.459,4.7,mb,99,90,2.135,0.92,us,us7000thxm,2026-09-16T22:07:23.040Z,"27 km SW of Sipí, Colombia",earthquake,5.85,7.56,0.048,134,reviewed,us,us
2026-09-16T20:32:10.128Z,51.302,-178.194,10.6,2.9,ml,28,205,0.5,0.5,ak,aka2026skctac,2026-09-19T06:13:58.534Z,"125 km WSW of Adak, Alaska",earthquake,6.7,2.231,0.2,22,reviewed,ak,ak
2026-09-16T20:21:24.473Z,-6.0303,151.7908,10,5.1,mb,104,51,1.864,0.69,us,us7000thxg,2026-09-18T21:11:21.040Z,"190 km ESE of Kimbe, Papua New Guinea",earthquake,20.42,1.976,0.055,107,reviewed,us,us
2026-09-16T20:12:52.374Z,4.5496,-76.8399,66.069,4.9,mww,153,67,2.088,0.5,us,us7000thxc,2026-09-18T19:33:05.396Z,"24 km WSW of Sipí, Colombia",earthquake,6.01,5.272,0.11,8,reviewed,us,us
2026-09-16T20:07:24.859Z,51.538,-175.835,35.1,2.6,ml,15,224,0.5,0.3,ak,aka2026skbxng,2026-09-19T06:11:58.665Z,"66 km SE of Adak, Alaska",earthquake,12.2,6.1608,0.1,12,reviewed,ak,ak
2026-09-16T20:03:35.025Z,-30.2154,-177.5927,35,4.9,mb,22,137,1.01,1.27,us,us7000thxb,2026-09-16T20:43:23.040Z,"Kermadec Islands, New Zealand",earthquake,6.26,1.96,0.122,21,reviewed,us,us
2026-09-16T20:00:16.362Z,52.086,-171.606,2.7,3.2,ml,19,208,1.2,1,ak,aka2026skbrqm,2026-09-19T06:05:40.915Z,"178 km E of Atka, Alaska",earthquake,18.1,4.1064,0.1,14,reviewed,ak,ak
2026-09-16T19:40:42.836Z,51.187,-178.248,19.5,2.5,ml,21,240,0.5,0.5,ak,aka2026skbamw,2026-09-19T06:02:40.374Z,"135 km SW of Adak, Alaska",earthquake,7,3.1054,0.1,15,reviewed,ak,ak
2026-09-16T19:37:05.143Z,-5.5399,146.0172,59.858,4.6,mb,54,103,3.725,0.47,us,us7000thx7,2026-09-16T21:26:18.040Z,"43 km SE of Madang, Papua New Guinea",earthquake,7.8,7.342,0.077,51,reviewed,us,us
2026-09-16T18:49:59.585Z,51.298,-178.304,35.9,3,ml,31,205,0.4,0.6,ak,aka2026sjzili,2026-09-19T05:55:54.274Z,"132 km WSW of Adak, Alaska",earthquake,7.4,4.4037,0.1,24,reviewed,ak,ak
2026-09-16T18:06:40.400Z,14.2719,145.4199,106.631,5.1,mww,200,20,1.022,0.64,us,us7000thwt,2026-10-05T18:16:42.341Z,"80 km SSW of San Jose Village, Northern Mariana Islands",earthquake,9.24,5.006,0.103,9,reviewed,us,us
2026-09-16T17:41:33.377Z,61.428,-147.498,19,2.7,ml,91,31,0.4,0.9,ak,aka2026sjxbaj,2026-09-19T00:23:29.442Z,"43 km S of Glacier View, Alaska",earthquake,1.7,1.2744,0.2,71,reviewed,ak,ak
2026-09-16T16:22:34.298Z,54.691,-156.771,59.6,3.2,ml,23,230,1.9,0.5,ak,aka2026sjukrd,2026-09-29T19:55:20.040Z,"202 km SE of Perryville, Alaska",earthquake,20.3,57.6806,0.3,18,reviewed,ak,ak
2026-09-16T16:09:24.944Z,51.7138,-174.8605,35,2.5,ml,13,236,0.638,0.62,us,us7000tigf,2026-09-29T19:53:22.040Z,"70 km SW of Atka, Alaska",earthquake,3.75,2.015,0.128,8,reviewed,us,us
2026-09-16T15:48:02.572Z,-21.4848,-178.9634,565.73,4.1,mb,26,193,4.664,0.95,us,us6000twwi,2026-09-29T19:44:20.040Z,"Fiji region",earthquake,15.5,10.571,0.127,17,reviewed,us,us
2026-09-16T15:23:40.565Z,61.493,-146.773,18.3,2.5,ml,54,30,0.4,0.9,ak,aka2026sjslmy,2026-09-18T23:04:56.865Z,"46 km NNW of Valdez, Alaska",earthquake,1.9,1.5977,0.2,39,reviewed,ak,ak
2026-09-16T15:16:57.732Z,53.995,-164.133,4.2,2.5,ml,29,216,0.5,0.5,ak,aka2026sjsfrd,2026-09-18T22:38:17.853Z,"106 km SSW of False Pass, Alaska",earthquake,5.6,2.4996,0.1,18,reviewed,ak,ak
2026-09-16T15:07:38.656Z,36.1092,139.9782,79.922,4.8,mww,165,97,0.845,0.67,us,us7000thv6,2026-09-29T19:46:30.620Z,"1 km SE of Ishige, Japan",earthquake,5.77,3.654,0.098,10,reviewed,us,us
2026-09-16T15:06:14.439Z,51.426,-173.684,7.9,2.8,ml,11,299,0.8,0.4,ak,aka2026sjrwkq,2026-09-18T22:35:44.009Z,"92 km SSE of Atka, Alaska",earthquake,46.3,20.1876,0.1,8,reviewed,ak,ak
2026-09-16T14:34:52.440Z,40.285333333333,-124.51866666667,20.15,3.52,mw,50,235,0.1347,0.19,nc,nc75436587,2026-09-29T19:02:21.040Z,"20 km WSW of Petrolia, CA",earthquake,0.78,0.24,,6,reviewed,nc,nc
2026-09-16T13:29:27.910Z,19.314333333333,-66.0855,19.95,3.23,md,11,274,1.025,0.14,pr,pr71531913,2026-09-29T18:40:28.040Z,"93 km N of San Juan, Puerto Rico",earthquake,0.89,14.21,0.018049623973174,4,reviewed,pr,pr
2026-09-16T12:47:24.321Z,53.067,-167.001,20.2,3.6,ml,47,208,0.6,0.8,ak,aka2026sjnfzo,2026-09-16T15:45:53.721Z,"95 km SSW of Unalaska, Alaska",earthquake,6.5,3.9053,0.2,32,reviewed,ak,ak
2026-09-16T12:33:23.712Z,9.0247,40.13,10,4.5,mb,22,96,3.653,0.43,us,us7000thts,2026-09-16T19:13:59.507Z,"6 km NW of Āwash, Ethiopia",earthquake,9.95,1.887,0.145,14,reviewed,us,us
2026-09-16T11:50:12.695Z,7.7513,127.1328,10,4.9,mb,73,84,1.683,0.68,us,us7000thti,2026-09-16T12:29:25.040Z,"64 km E of Kinablangan, Philippines",earthquake,9.06,1.861,0.068,67,reviewed,us,us
2026-09-16T11:40:51.564Z,51.253,178.41,34.5,2.7,ml,7,291,0.6,0.3,ak,aka2026sjlaie,2026-09-18T20:30:09.127Z,"Rat Islands, Aleutian Islands, Alaska",earthquake,12.3,7.9358,0.1,6,reviewed,ak,ak
2026-09-16T10:50:43.183Z,51.279,-175.107,4.6,2.9,ml,16,255,0.9,0.6,ak,aka2026sjjius,2026-09-18T20:24:56.372Z,"119 km SSW of Atka, Alaska",earthquake,8.8,4.3822,0.1,13,reviewed,ak,ak
2026-09-16T09:41:47.079Z,-15.0362,166.9915,58.078,4.6,mb,24,213,6.059,0.53,us,us7000tht8,2026-10-07T09:32:29.040Z,"8 km W of Port-Olry, Vanuatu",earthquake,12.62,11.993,0.128,19,reviewed,us,us
2026-09-16T09:21:07.608Z,59.729,-150.742,53.9,2.5,ml,72,117,0,0.7,ak,aka2026sjgfxq,2026-09-18T20:13:00.345Z,"18 km SE of Fox River, Alaska",earthquake,2.6,2.1788,0.2,52,reviewed,ak,ak
2026-09-16T08:37:00.012Z,14.3886,147.1141,10,5.1,mb,56,71,1.53,1.35,us,us7000thsx,2026-10-05T08:47:05.121Z,"172 km ESE of Saipan, Northern Mariana Islands",earthquake,8.47,1.352,0.039,208,reviewed,us,us
2026-09-16T08:28:51.752Z,52.374,-171.157,90.5,3.9,ml,52,197,0.9,0.6,ak,aka2026sjepok,2026-09-16T15:43:42.527Z,"167 km WSW of Nikolski, Alaska",earthquake,17.4,5.4979,0.1,39,reviewed,ak,ak
2026-09-16T07:46:05.155Z,51.598,-176.094,55.7,3,ml,25,205,0.3,0.4,ak,aka2026sjdetg,2026-09-18T20:01:49.840Z,"48 km SE of Adak, Alaska",earthquake,18.6,7.3934,0.2,19,reviewed,ak,ak
2026-09-16T07:34:41.263Z,62.545,-150.626,70.2,3.3,ml,144,31,0.1,0.9,ak,aka2026sjcuwe,2026-09-18T19:45:39.244Z,"9 km NE of Petersville, Alaska",earthquake,1.7,2.2669,0.2,104,reviewed,ak,ak
2026-09-16T07:17:25.899Z,40.6069,-119.5899,7,3.79,mwr,11,167,0.42,0.1627,nn,nn00924508,2026-09-17T07:22:37.217Z,"20 km WSW of Gerlach, Nevada",earthquake,,4.3522,,,reviewed,nn,nn
2026-09-16T07:02:13.029Z,6.0969,-77.8115,10,4.8,mb,79,105,2.271,1.14,us,us7000thsp,2026-09-16T07:28:25.040Z,"47 km WSW of Bahía Solano, Colombia",earthquake,6.07,1.87,0.031,317,reviewed,us,us
2026-09-16T06:18:06.190Z,4.495,-76.7822,71.01,4.6,mb,60,90,2.096,1.26,us,us7000thse,2026-09-16T06:45:35.040Z,"23 km SW of Sipí, Colombia",earthquake,6.77,8.253,0.048,129,reviewed,us,us
2026-09-16T06:09:56.902Z,53.962,-163.235,16.2,2.7,ml,22,234,0.7,0.5,ak,aka2026sizzjq,2026-09-18T19:09:51.694Z,"99 km S of False Pass, Alaska",earthquake,5.2,4.3294,0.2,17,reviewed,ak,ak
2026-09-16T05:52:03.328Z,37.7078,95.4963,10.46,5,mb,60,91,6.804,0.84,us,us7000ths9,2026-09-16T06:11:28.040Z,"281 km SSE of Dunhuang, China",earthquake,9.99,4.56,0.056,101,reviewed,us,us
2026-09-16T05:34:04.413Z,54.498,-160.167,16.6,2.8,ml,21,245,1.2,0.5,ak,aka2026siyuhc,2026-09-18T19:04:39.028Z,"95 km SSE of Sand Point, Alaska",earthquake,12.3,11.9068,0.1,15,reviewed,ak,ak
2026-09-16T03:45:02.896Z,13.9242,-92.4659,10,5,mww,58,161,2.365,1.31,us,us7000thrz,2026-10-02T01:09:35.040Z,"71 km SSW of Ocós, Guatemala",earthquake,5.67,1.807,0.055,32,reviewed,us,us
2026-09-16T03:41:16.493Z,53.424,-164.893,4.6,2.6,ml,12,265,0.8,0.5,ak,aka2026sivahw,2026-09-18T18:36:59.674Z,"98 km SE of Akutan, Alaska",earthquake,9.8,9.8992,0.1,7,reviewed,ak,ak
2026-09-16T02:57:10.240Z,53.8519,-165.0906,53.176,2.8,ml,23,196,0.442,0.39,us,us7000tidx,2026-10-01T05:06:37.040Z,"54 km SE of Akutan, Alaska",earthquake,7.2,21.602,0.105,12,reviewed,us,us
2026-09-16T02:09:41.730Z,18.333166666667,-67.427166666667,8.24,2.89,md,17,285,0.2922,0.16,pr,pr71531888,2026-09-16T02:37:26.820Z,"18 km W of Rincón, Puerto Rico",earthquake,0.53,0.43,0.099296563096476,10,reviewed,pr,pr
2026-09-16T01:58:58.516Z,54.6126,-162.5113,53.739,2.9,ml,12,221,0.512,0.57,us,us7000tidv,2026-10-01T05:02:50.040Z,"51 km SSW of King Cove, Alaska",earthquake,6.02,12.339,0.137,7,reviewed,us,us
2026-09-16T01:40:30.560Z,38.436,-122.66983333333,10.2,2.6,md,128,18,0.02767,0.13,nc,nc75436337,2026-10-01T03:00:33.040Z,"3 km ESE of Santa Rosa, CA",earthquake,0.1,0.21,0.18,112,reviewed,nc,nc
2026-09-16T01:37:17.469Z,10.6763,-69.2761,10,4.5,mb,54,45,0.713,0.93,us,us7000thrm,2026-10-02T00:58:29.040Z,"44 km NNW of Duaca, Venezuela",earthquake,4.11,1.869,0.111,24,reviewed,us,us
2026-09-16T01:33:21.125Z,51.307,-175.148,14.6,2.5,ml,10,257,0.8,0.4,ak,aka2026siqton,2026-09-18T02:35:45.522Z,"118 km SSW of Atka, Alaska",earthquake,11.1,6.3698,0.1,8,reviewed,ak,ak
2026-09-16T00:39:48.321Z,0.6181,100.504,222.544,4,mb,32,155,2.598,0.63,us,us6000tww3,2026-09-22T23:22:41.040Z,"93 km N of Payakumbuh, Indonesia",earthquake,13.67,9.24,0.122,18,reviewed,us,us
2026-09-16T00:34:47.234Z,-7.9107,129.829,10,4.4,mb,15,97,5.067,0.66,us,us6000tww5,2026-09-22T23:15:00.040Z,"Kepulauan Babar, Indonesia",earthquake,5.69,1.907,0.169,10,reviewed,us,us
2026-09-16T00:31:39.460Z,-5.6094,147.2651,136.631,4.2,mb,19,127,3.772,0.59,us,us6000tww4,2026-09-22T23:03:04.040Z,"123 km NNW of Finschhafen, Papua New Guinea",earthquake,12.89,8.581,0.14,14,reviewed,us,us
2026-09-16T00:14:58.511Z,59.779,-152.471,80.8,2.8,ml,107,66,0.3,0.7,ak,aka2026siodpj,2026-09-22T22:48:38.040Z,"35 km W of Anchor Point, Alaska",earthquake,2.3,1.5493,0.2,79,reviewed,ak,ak
2026-09-16T00:05:41.730Z,19.065666666667,-65.560833333333,6.57,3.3,md,22,236,0.799,0.39,pr,pr71531853,2026-09-16T03:47:00.040Z,"76 km NNE of Vieques, Puerto Rico",earthquake,2.06,1.95,0.10330816606307,17,reviewed,pr,pr
2026-09-15T23:49:32.635Z,53.965,-163.638,27.5,2.8,ml,30,226,0.7,0.5,ak,aka2026sinhni,2026-09-28T19:09:42.760Z,"100 km S of False Pass, Alaska",earthquake,6.8,3.2961,0.1,22,reviewed,ak,ak
2026-09-15T23:46:59.088Z,13.3907,50.7844,10,4.7,mww,41,95,6.318,0.83,us,us7000thr6,2026-09-22T22:08:00.040Z,"157 km N of Caluula, Somalia",earthquake,12.16,1.919,0.103,9,reviewed,us,us
2026-09-15T23:45:06.526Z,-1.6399,-78.06,155.75,4.5,mb,53,71,0.15,0.41,us,us7000thr4,2026-09-22T21:54:48.040Z,"12 km WNW of Palora, Ecuador",earthquake,8.54,5.912,0.083,43,reviewed,us,us
2026-09-15T23:22:53.304Z,51.116,-178.991,20.8,2.9,ml,30,216,0.5,0.5,ak,aka2026simkls,2026-09-28T19:07:32.779Z,"184 km WSW of Adak, Alaska",earthquake,6.3,3.2623,0.2,24,reviewed,ak,ak
2026-09-15T22:43:11.521Z,29.6816,81.8227,10,4.1,mb,19,117,8.293,0.69,us,us7000tiz3,2026-09-22T21:47:38.040Z,"57 km NW of Jumla, Nepal",earthquake,9.14,1.92,0.214,6,reviewed,us,us
2026-09-15T22:05:25.947Z,-15.2019,-173.1703,10,4.7,mb,22,140,1.86,0.66,us,us7000ti1d,2026-09-22T21:21:41.040Z,"106 km NE of Hihifo, Tonga",earthquake,8.09,1.908,0.137,16,reviewed,us,us
2026-09-15T21:49:29.349Z,51.4846,178.951,57.34,3.5,ml,36,213,0.244,0.58,us,us7000ths2,2026-09-16T20:55:01.040Z,"Rat Islands, Aleutian Islands, Alaska",earthquake,10,22.527,0.085,18,reviewed,us,us
2026-09-15T21:10:12.184Z,34.4946,-106.7832,10,2.7,ml,13,105,0.008,0.31,us,us7000thq4,2026-09-16T21:47:36.313Z,"2 km NNW of Las Nutrias, New Mexico",earthquake,3.73,1.886,0.06,37,reviewed,us,us
2026-09-15T21:09:38.606Z,32.162,130.289,10,4.2,mb,19,115,0.665,0.54,us,us7000tiz0,2026-09-22T21:03:56.040Z,"11 km NW of Izumi, Japan",earthquake,5.42,1.917,0.236,5,reviewed,us,us
2026-09-15T21:00:34.916Z,25.0843,123.6411,8.769,4.7,mww,49,74,0.84,0.5,us,us7000thq1,2026-09-22T05:19:02.040Z,"94 km NE of Yonakuni, Japan",earthquake,2.99,4.416,0.083,14,reviewed,us,us
2026-09-15T20:50:29.739Z,-19.2426,-177.7345,582.523,4.3,mb,49,122,3.894,0.81,us,us7000thpz,2026-09-29T17:34:44.040Z,"Fiji region",earthquake,14.19,7.304,0.082,42,reviewed,us,us
2026-09-15T20:33:50.465Z,-20.0791,-174.426,131.378,4.4,mb,19,137,4.357,0.79,us,us7000tiyy,2026-09-29T17:25:17.040Z,"30 km SSW of Pangai, Tonga",earthquake,8.8,13.641,0.126,18,reviewed,us,us
2026-09-15T20:17:15.377Z,54.2503,-163.4765,11.222,2.5,ml,14,213,0.425,0.44,us,us6000ty7a,2026-09-29T17:03:05.040Z,"67 km S of False Pass, Alaska",earthquake,2.69,7.716,0.128,8,reviewed,us,us
2026-09-15T20:06:11.362Z,29.4419,81.6398,10,4.1,mb,18,175,8.283,0.87,us,us7000tiyx,2026-09-29T17:00:27.040Z,"55 km WNW of Jumla, Nepal",earthquake,12.97,1.964,0.213,6,reviewed,us,us
2026-09-15T20:04:19.055Z,53.4446,-166.8667,69.987,2.9,ml,35,191,0.35,0.33,us,us6000ty77,2026-09-29T16:50:37.040Z,"52 km SSW of Unalaska, Alaska",earthquake,9.31,25.454,0.105,12,reviewed,us,us
2026-09-15T19:24:00.740Z,38.521666666667,-112.90433333333,3.03,2.63,ml,25,54,0.01251,0.1,uu,uu80157046,2026-09-29T16:41:48.040Z,"16 km NE of Milford, Utah",earthquake,0.22,0.43,0.19798123946123,21,reviewed,uu,uu
2026-09-15T19:07:39.413Z,14.464,-92.4204,84.513,4.1,mb,47,179,1.828,0.89,us,us7000tiyu,2026-10-06T17:13:35.040Z,"22 km WSW of Brisas Barra de Suchiate, Mexico",earthquake,10.64,7.832,0.091,33,reviewed,us,us
2026-09-15T18:27:08.465Z,53.51,-164.705,33.6,2.7,ml,15,279,0.8,0.2,ak,aka2026sicoac,2026-09-24T23:21:31.257Z,"98 km SE of Akutan, Alaska",earthquake,10.3,25.8814,0.1,13,reviewed,ak,ak
2026-09-15T18:26:33.216Z,-8.1691,120.2775,10,4.3,mb,43,119,3.177,1.09,us,us7000thp0,2026-09-27T21:29:48.040Z,"53 km NNW of Ruteng, Indonesia",earthquake,9.03,1.895,0.099,29,reviewed,us,us
2026-09-15T18:00:54.461Z,51.9541,-169.3583,17.604,2.8,ml,16,229,0.863,0.84,us,us6000txhh,2026-09-27T21:25:47.040Z,"114 km SSW of Nikolski, Alaska",earthquake,8.03,8.846,0.105,16,reviewed,us,us
2026-09-15T17:45:49.456Z,52.091,-169.284,51.5,2.9,ml,17,290,0.7,0.6,ak,aka2026sibefl,2026-09-24T22:51:09.667Z,"98 km SSW of Nikolski, Alaska",earthquake,28.4,30.5007,0.1,13,reviewed,ak,ak
2026-09-15T17:44:09.588Z,14.0647,-93.1817,10,4.1,mb,44,180,2.424,0.68,us,us7000tiyt,2026-10-06T17:27:21.040Z,"109 km SW of Puerto Madero, Mexico",earthquake,7.78,1.969,0.108,23,reviewed,us,us
2026-09-15T17:41:25.931Z,-25.4271,-66.4652,191.044,4.4,mb,65,53,2.841,1.05,us,us7000thni,2026-09-27T18:36:41.040Z,"45 km SW of Cachí, Argentina",earthquake,8.22,6.214,0.109,24,reviewed,us,us
2026-09-15T17:16:48.391Z,25.013,123.6776,10,4.3,mb,54,75,0.809,0.61,us,us7000thne,2026-09-27T18:15:43.040Z,"88 km NNW of Ishigaki, Japan",earthquake,5.29,1.829,0.095,31,reviewed,us,us
2026-09-15T16:27:44.534Z,31.615,-104.113,6.0999,2.6,ml,40,57,0,0.2,tx,tx2026sfaiyw,2026-09-15T21:58:33.040Z,"45 km NW of Toyah, Texas",earthquake,0.37409334600105,0.34354825751482,0.1,24,reviewed,tx,tx
2026-09-15T16:12:49.382Z,-4.2614,102.0754,76.224,4.5,mb,41,150,6.268,0.53,us,us7000thn3,2026-09-15T21:47:35.040Z,"55 km SSW of Bengkulu, Indonesia",earthquake,12.78,8.29,0.094,36,reviewed,us,us
2026-09-15T16:10:21.484Z,51.3647,-178.7982,35,3.4,ml,36,199,0.189,1.35,us,us7000thn0,2026-09-15T21:39:02.040Z,"160 km WSW of Adak, Alaska",earthquake,3.65,1.966,0.077,22,reviewed,us,us
2026-09-15T15:58:07.350Z,51.524,178.739,27.5,2.7,ml,13,229,0.4,0.3,ak,aka2026shxous,2026-09-24T22:45:05.967Z,"Rat Islands, Aleutian Islands, Alaska",earthquake,7,3.3848,0.1,11,reviewed,ak,ak
2026-09-15T15:08:30.973Z,59.978,-152.763,100.9,2.5,ml,99,52,0.1,0.6,ak,aka2026shvxvf,2026-09-24T22:43:17.400Z,"56 km WNW of Anchor Point, Alaska",earthquake,2.6,1.4179,0.2,67,reviewed,ak,ak
2026-09-15T14:32:38.168Z,56.199,-156.488,17.9,4,ml,188,170,1.1,1,ak,aka2026shusro,2026-09-17T21:57:20.568Z,"119 km E of Chignik, Alaska",earthquake,3.1,3.3003,0.3,95,reviewed,ak,ak
2026-09-15T14:16:11.033Z,-8.3244,129.2771,10,4.5,mb,17,124,4.847,0.84,us,us7000thlq,2026-09-15T18:53:46.040Z,"251 km E of Lospalos, Timor Leste",earthquake,8.4,1.943,0.139,16,reviewed,us,us
2026-09-15T13:50:21.979Z,-18.1008,-66.0517,363.499,4.2,mb,14,147,1.935,0.63,us,us7000thlk,2026-09-15T18:40:08.040Z,"48 km SSE of Irpa Irpa, Bolivia",earthquake,11.5,10.634,0.372,2,reviewed,us,us
2026-09-15T13:14:42.467Z,52.809,-167.51,2.8,2.5,ml,16,245,0.6,0.5,ak,aka2026shsddf,2026-09-15T21:53:59.595Z,"92 km E of Nikolski, Alaska",earthquake,6.7,3.9047,0.2,12,reviewed,ak,ak
2026-09-15T13:10:30.439Z,58.061,-137.385,5,3.4,ml,63,135,0.6,0.7,ak,aka2026shrzlr,2026-09-15T21:54:23.588Z,"63 km WSW of Elfin Cove, Alaska",earthquake,4.2,0,0.1,42,reviewed,ak,ak
2026-09-15T13:08:06.297Z,31.742,-104.555,5.0232,2.5,ml,44,103,0,0.3,tx,tx2026setsdr,2026-09-15T14:29:37.719Z,"50 km SSW of Whites City, New Mexico",earthquake,0.92718687169705,0.80316522745606,0.1,28,reviewed,tx,tx
2026-09-15T12:26:31.454Z,-18.1302,-178.3223,551.739,4.2,mb,106,122,2.749,0.68,us,us7000thlb,2026-10-07T10:07:58.040Z,"250 km E of Levuka, Fiji",earthquake,13.31,7.167,0.051,109,reviewed,us,us
2026-09-15T11:50:24.979Z,51.2061,-177.9156,35,3.1,ml,34,211,0.55,0.47,us,us7000thqb,2026-10-07T07:14:30.040Z,"115 km SW of Adak, Alaska",earthquake,3.72,2.006,0.081,20,reviewed,us,us
2026-09-15T11:34:58.352Z,-7.3655,155.3707,10,4.7,mb,73,63,4.486,0.47,us,us7000thl5,2026-10-07T09:20:38.040Z,"116 km S of Panguna, Papua New Guinea",earthquake,5.68,1.839,0.07,62,reviewed,us,us
2026-09-15T10:46:25.910Z,19.192,-155.50383333333,32.45,2.61,ml,56,85,0.05366,0.11,hv,hv75036222,2026-10-07T07:08:02.040Z,"2 km WSW of Pāhala, Hawaii",earthquake,0.45,0.47,0.14310425718472,42,reviewed,hv,hv
2026-09-15T10:20:14.081Z,-7.257,155.3122,10,4.7,mb,48,88,4.369,0.39,us,us7000ti12,2026-10-07T09:24:41.040Z,"105 km S of Panguna, Papua New Guinea",earthquake,6.73,1.651,0.088,39,reviewed,us,us
2026-09-15T10:01:31.932Z,69.497,-144.166,3.6,2.5,ml,25,108,0.2,0.9,ak,aka2026shlrqg,2026-09-15T20:30:40.618Z,"73 km SSW of Kaktovik, Alaska",earthquake,4.7,3.5649,0.2,18,reviewed,ak,ak
2026-09-15T09:51:38.674Z,69.542,-144.23,6.6,4.3,ml,91,97,0.2,1.1,ak,aka2026shljaz,2026-10-07T07:39:07.040Z,"69 km SSW of Kaktovik, Alaska",earthquake,4.3,2.9071,0.1,53,reviewed,ak,ak
2026-09-15T09:30:51.090Z,48.756333333333,-125.61916666667,4.98,3.18,ml,24,192,0.176,0.59,uw,uw714102491,2026-09-16T20:36:48.492Z,"21 km SSW of Ucluelet, Canada",earthquake,1.48,31.61,0.13018312363108,9,reviewed,uw,uw
2026-09-15T08:48:29.775Z,31.657,-104.135,6.1127,3.3,ml,69,52,0.1,0.3,tx,tx2026selaoc,2026-10-07T13:56:36.040Z,"49 km NW of Toyah, Texas",earthquake,0.35560573422909,0.41259220798949,0.1,41,reviewed,tx,tx
2026-09-15T08:47:31.817Z,51.017,-179.863,9.1,2.7,ml,15,240,0.6,0.3,ak,aka2026shjflu,2026-09-15T17:56:09.005Z,"243 km WSW of Adak, Alaska",earthquake,8.4,2.9992,0.1,13,reviewed,ak,ak
2026-09-15T08:42:57.802Z,52.1334,-169.2807,10,2.7,ml,12,229,0.708,0.79,us,us7000thnl,2026-10-07T13:52:21.040Z,"94 km SSW of Nikolski, Alaska",earthquake,3.76,1.974,0.115,10,reviewed,us,us
2026-09-15T07:53:38.901Z,2.7551,127.5492,81.203,4.6,mb,48,101,4.714,0.58,us,us7000thk8,2026-10-07T13:26:43.040Z,"124 km NNW of Tobelo, Indonesia",earthquake,9.52,7.485,0.074,55,reviewed,us,us
2026-09-15T07:50:18.755Z,68.605,-148.678,4.8,2.6,ml,39,54,0.3,0.6,ak,aka2026shhhvs,2026-10-07T13:16:22.040Z,"135 km ENE of Anaktuvuk Pass, Alaska",earthquake,2.6,2.3574,0.1,27,reviewed,ak,ak
2026-09-15T07:18:06.680Z,40.2915,-124.47566666667,8.96,2.92,md,46,249,0.1018,0.19,nc,nc75435962,2026-10-07T13:14:39.040Z,"17 km WSW of Petrolia, CA",earthquake,0.37,0.35,0.146,78,reviewed,nc,nc
2026-09-15T07:08:30.970Z,51.8542,-175.3125,103.97,2.5,ml,14,200,0.402,0.29,us,us7000thnx,2026-10-07T13:08:59.040Z,"85 km WSW of Atka, Alaska",earthquake,9.53,7.949,0.091,16,reviewed,us,us
2026-09-15T06:21:48.340Z,17.9715,-66.996166666667,13.23,2.86,md,18,179,0.04579,0.1,pr,pr71531828,2026-09-15T12:02:50.946Z,"5 km E of La Parguera, Puerto Rico",earthquake,0.37,0.21,0.007786919197194,4,reviewed,pr,pr
2026-09-15T06:07:53.383Z,-6.6237,130.3368,91.713,4.8,mb,47,54,5.791,0.67,us,us7000thjr,2026-10-06T16:45:07.040Z,"289 km WSW of Tual, Indonesia",earthquake,9.77,7.535,0.087,41,reviewed,us,us
2026-09-15T05:53:15.072Z,-14.2811,167.4324,10,4.6,mb,30,61,6.92,0.83,us,us7000tiyl,2026-10-06T15:00:02.040Z,"46 km SSW of Sola, Vanuatu",earthquake,10.17,1.887,0.112,24,reviewed,us,us
2026-09-15T05:21:25.748Z,53.1238,-167.0839,30.039,3.5,mb,35,169,0.574,0.71,us,us7000thm1,2026-10-06T16:23:44.040Z,"91 km SSW of Unalaska, Alaska",earthquake,3.81,8.996,0.089,31,reviewed,us,us
2026-09-15T04:52:25.841Z,-21.6425,170.1947,98.934,4.6,mb,32,150,2.725,0.75,us,us7000thjj,2026-10-05T04:05:19.040Z,"239 km E of Tadine, New Caledonia",earthquake,12.46,6.268,0.12,21,reviewed,us,us
2026-09-15T04:33:06.610Z,41.5695,-109.87416666667,-3.43,3.39,ml,26,114,0.1194,0.25,uu,uu80156956,2026-10-05T04:20:14.972Z,"3 km NNW of Little America, Wyoming",earthquake,0.69,1.43,0.2951602830584,29,reviewed,uu,uu
2026-09-15T04:12:39.296Z,-36.3867,-100.2436,10,4.5,mb,16,176,22.858,0.46,us,us7000thkw,2026-10-05T04:27:20.040Z,"southeast of Easter Island",earthquake,15.66,1.952,0.139,15,reviewed,us,us
2026-09-15T04:10:36.935Z,-17.5065,167.713,10,4.2,mb,10,280,4.436,0.95,us,us7000tiyj,2026-10-05T04:42:39.040Z,"68 km WNW of Port-Vila, Vanuatu",earthquake,8.36,2.019,0.264,4,reviewed,us,us
2026-09-15T03:48:40.350Z,14.5154,56.1208,10,4.5,mb,15,198,10.376,0.5,us,us7000tiyh,2026-10-05T04:49:00.040Z,"Owen Fracture Zone region",earthquake,14.65,1.978,0.163,11,reviewed,us,us
2026-09-15T03:44:35.270Z,18.264166666667,-64.742333333333,125.54,3.36,md,4,203,0.1937,0.03,pr,pr71531818,2026-09-16T01:46:17.653Z,"9 km SE of Cruz Bay, U.S. Virgin Islands",earthquake,8.61,1.19,0.032319666877371,3,reviewed,pr,pr
2026-09-15T03:36:20.200Z,40.552166666667,-124.0095,25.82,2.63,md,53,22,0.09908,0.13,nc,nc75435897,2026-10-05T04:18:46.040Z,"7 km E of Hydesville, CA",earthquake,0.21,0.47,0.167,52,reviewed,nc,nc
2026-09-15T02:18:17.935Z,50.3076,177.9951,10,3.2,ml,20,305,1.355,0.63,us,us7000thj7,2026-10-05T05:02:54.040Z,"Rat Islands, Aleutian Islands, Alaska",earthquake,5.17,2.026,0.085,18,reviewed,us,us
2026-09-15T02:03:45.468Z,9.5334,126.148,10,4.8,mb,68,130,2.512,0.71,us,us7000thiw,2026-10-05T05:23:26.040Z,"22 km ESE of Socorro, Philippines",earthquake,11.59,1.874,0.072,59,reviewed,us,us
2026-09-15T01:41:15.913Z,51.0364,-177.9508,20.884,2.9,ml,17,220,0.721,0.53,us,us7000thpj,2026-10-05T05:26:12.040Z,"130 km SW of Adak, Alaska",earthquake,4.71,13.352,0.085,18,reviewed,us,us
2026-09-15T01:27:52.829Z,49.8937,-178.6237,10,2.8,ml,17,270,1.666,0.61,us,us7000thj6,2026-10-05T05:30:35.040Z,"261 km SSW of Adak, Alaska",earthquake,7.59,2.022,0.091,16,reviewed,us,us
2026-09-15T01:11:19.414Z,-57.7558,-23.2342,10,4.5,mb,20,110,8.197,0.53,us,us7000tiyb,2026-10-05T05:37:07.040Z,"South Sandwich Islands region",earthquake,14.25,1.917,0.157,12,reviewed,us,us
2026-09-15T00:35:39.488Z,51.4939,-176.1235,37.152,2.5,ml,17,270,0.408,0.41,us,us7000thpf,2026-09-15T23:10:53.040Z,"55 km SE of Adak, Alaska",earthquake,6.58,24.534,0.128,8,reviewed,us,us
2026-09-14T23:52:47.098Z,-16.7951,176.6053,10,4.8,mb,33,68,1.675,0.79,us,us7000thki,2026-09-22T01:30:21.040Z,"127 km NW of Lautoka, Fiji",earthquake,11.43,1.844,0.125,21,reviewed,us,us
2026-09-14T23:09:49.986Z,-8.7704,105.7106,10,4.4,mb,28,131,1.669,0.91,us,us7000thi2,2026-09-22T00:01:45.040Z,"217 km SSW of Pelabuhanratu, Indonesia",earthquake,3.28,1.849,0.126,18,reviewed,us,us
2026-09-14T22:51:55.363Z,51.9723,-169.3074,10,2.7,ml,19,229,0.854,0.93,us,us7000thkm,2026-09-15T21:17:06.040Z,"111 km SSW of Nikolski, Alaska",earthquake,4.83,1.988,0.105,12,reviewed,us,us
2026-09-14T22:44:47.054Z,-40.2954,174.1808,97.8,4.5,mwr,67,27,1.087,0.92,us,us7000thhv,2026-09-21T23:45:50.128Z,"64 km SSW of Patea, New Zealand",earthquake,4.91,5.346,0.054,33,reviewed,us,us
2026-09-14T22:43:02.349Z,14.4467,-93.1496,35,4.2,mb,55,185,2.07,0.62,us,us7000thhw,2026-09-21T23:34:41.040Z,"84 km WSW of Puerto Madero, Mexico",earthquake,9.32,1.994,0.08,43,reviewed,us,us
2026-09-14T22:39:04.026Z,4.474,-76.7671,69.61,4.6,mb,49,100,2.104,0.68,us,us7000thht,2026-09-21T23:31:02.040Z,"24 km SW of Sipí, Colombia",earthquake,6.93,7.818,0.048,131,reviewed,us,us
2026-09-14T22:38:36.257Z,-16.8785,-179.1178,506.592,4.1,mb,36,82,1.503,0.37,us,us7000ticl,2026-09-21T23:27:17.040Z,"169 km ESE of Labasa, Fiji",earthquake,13.68,8.607,0.099,28,reviewed,us,us
2026-09-14T22:06:53.245Z,-6.2639,146.5802,120.524,5,mb,66,73,3.173,0.68,us,us7000thhd,2026-09-21T23:08:56.040Z,"68 km NW of Lae, Papua New Guinea",earthquake,9.87,5.902,0.043,174,reviewed,us,us
2026-09-14T21:24:13.557Z,51.4383,179.5098,67.333,2.9,ml,20,162,0.143,0.21,us,us7000thkk,2026-09-15T20:54:35.040Z,"271 km WSW of Adak, Alaska",earthquake,9.25,18.977,0.097,14,reviewed,us,us
2026-09-14T21:17:25.272Z,3.1402,126.5358,70.038,4.5,mb,27,133,6.182,0.53,us,us7000ticf,2026-09-21T22:56:18.040Z,"226 km NW of Tobelo, Indonesia",earthquake,9.29,9.017,0.113,23,reviewed,us,us
2026-09-14T21:15:13.770Z,18.608166666667,-66.723666666667,76.28,2.96,md,18,220,0.2617,0.15,pr,pr71531798,2026-09-14T21:30:47.890Z,"15 km N of Arecibo, Puerto Rico",earthquake,0.86,0.74,0.093820762273809,11,reviewed,pr,pr
2026-09-14T21:13:16.278Z,4.5502,-76.8767,50.363,4.9,mww,73,88,2.112,0.67,us,us7000thh2,2026-09-21T22:46:13.973Z,"28 km WSW of Sipí, Colombia",earthquake,7.06,6.984,0.11,8,reviewed,us,us
2026-09-14T21:06:38.665Z,37.6117,78.0838,10,4.2,mb,19,207,4.21,0.94,us,us7000tice,2026-09-21T22:35:59.040Z,"70 km WNW of Zangguy, China",earthquake,10.67,1.969,0.214,6,reviewed,us,us
2026-09-14T20:58:48.680Z,-20.0229,67.4078,10,4.5,mb,30,69,3.809,0.93,us,us7000ticc,2026-09-24T15:45:24.040Z,"Mid-Indian Ridge",earthquake,11.28,1.876,0.108,25,reviewed,us,us
2026-09-14T20:53:29.631Z,-20.1526,67.6319,10,4.3,mb,22,66,4.028,0.53,us,us7000ticd,2026-09-24T15:54:44.040Z,"Mid-Indian Ridge",earthquake,11.57,1.877,0.133,16,reviewed,us,us
2026-09-14T20:45:56.107Z,51.524,159.6317,37.494,4.3,mb,29,167,1.618,0.74,us,us7000thgw,2026-09-18T16:57:39.040Z,"177 km SSE of Vilyuchinsk, Russia",earthquake,12.06,8.934,0.106,25,reviewed,us,us
2026-09-14T20:38:59.588Z,15.117,-104.2162,10,5.3,mww,75,183,5.332,1.18,us,us7000thgs,2026-09-25T13:08:45.040Z,"off the coast of Michoacan, Mexico",earthquake,11.37,1.93,0.041,57,reviewed,us,us
2026-09-14T20:31:30.753Z,51.061,-178.585,41.9,2.5,ml,12,226,0.5,0.3,ak,aka2026sgkrhq,2026-09-15T09:26:20.273Z,"162 km SW of Adak, Alaska",earthquake,16.2,22.3286,0.1,9,reviewed,ak,ak
2026-09-14T20:08:04.768Z,4.4634,-76.8214,52.692,4.6,mb,76,91,2.145,0.74,us,us7000thgj,2026-09-25T12:50:40.591Z,"28 km SW of Sipí, Colombia",earthquake,6.97,7.31,0.049,127,reviewed,us,us
2026-09-14T20:04:50.939Z,4.5069,-76.6921,71.459,4.4,mb,32,100,2.035,0.65,us,us7000tica,2026-09-24T15:17:28.040Z,"17 km SSW of Sipí, Colombia",earthquake,7.62,9.532,0.134,16,reviewed,us,us
2026-09-14T20:02:04.673Z,4.5034,-76.7177,63.624,4.9,mww,78,98,2.052,0.77,us,us7000thge,2026-09-24T19:51:15.647Z,"18 km SSW of Sipí, Colombia",earthquake,7.09,5.188,0.083,14,reviewed,us,us
2026-09-14T19:48:14.687Z,36.4612,70.2314,217.496,4.1,mb,59,67,2.138,0.64,us,us7000thgc,2026-09-18T16:36:05.040Z,"35 km ESE of Farkhār, Afghanistan",earthquake,6.42,4.848,0.081,42,reviewed,us,us
2026-09-14T19:44:26.560Z,19.088666666667,-68.237666666667,13.92,3.2,md,11,279,0.5871,0.53,pr,pr71531788,2026-09-18T16:28:10.040Z,"58 km NNE of Punta Cana, Dominican Republic",earthquake,17.31,24.32,0.11550880579376,9,reviewed,pr,pr
2026-09-14T19:28:53.689Z,-6.8916,150.7071,10,4.8,mb,36,151,3.049,0.99,us,us7000thg9,2026-09-24T19:18:01.040Z,"148 km ESE of Kandrian, Papua New Guinea",earthquake,9.76,1.893,0.066,71,reviewed,us,us
2026-09-14T19:18:21.956Z,51.2996,179.7231,30.533,2.7,ml,20,211,0.276,0.27,us,us7000thkt,2026-09-19T17:35:50.040Z,"260 km WSW of Adak, Alaska",earthquake,5.69,5.486,0.081,20,reviewed,us,us
2026-09-14T19:16:49.717Z,-3.7448,-77.3641,104.887,4.8,mb,84,123,2.277,0.7,us,us7000thg5,2026-09-24T19:15:01.040Z,"107 km WSW of Alianza Cristiana, Peru",earthquake,8.21,7.165,0.037,221,reviewed,us,us
2026-09-14T18:01:13.646Z,38.5308,71.9867,10,4.3,mb,40,121,0.448,0.91,us,us7000thfi,2026-09-24T18:07:29.040Z,"87 km SSE of Karakenja, Tajikistan",earthquake,6.65,1.94,0.101,28,reviewed,us,us
2026-09-14T17:55:15.372Z,-1.8336,128.1779,10,4.6,mb,37,122,8.984,0.7,us,us7000thfh,2026-09-24T17:45:29.040Z,"154 km SSE of Labuha, Indonesia",earthquake,10.6,1.885,0.094,38,reviewed,us,us
2026-09-14T17:29:26.753Z,-7.029,123.1812,664.571,4,mb,24,104,3.954,0.68,us,us7000thfc,2026-09-24T17:38:19.040Z,"184 km SSE of Baubau, Indonesia",earthquake,14.83,11.324,0.122,19,reviewed,us,us
2026-09-14T16:15:05.794Z,-8.973,157.8632,10,5.1,mww,64,44,2.109,1.14,us,us7000thea,2026-09-19T16:20:03.040Z,"147 km SE of Gizo, Solomon Islands",earthquake,8.32,1.815,0.11,8,reviewed,us,us
2026-09-14T16:04:28.422Z,51.013,179.489,24.6,2.7,ml,11,265,0.4,0.3,ak,aka2026sgbttj,2026-09-15T08:17:05.706Z,"286 km WSW of Adak, Alaska",earthquake,11.4,6.9059,0.2,9,reviewed,ak,ak
2026-09-14T14:57:10.300Z,4.5173,-76.6989,65.22,4.5,mb,66,54,2.03,0.84,us,us7000thdw,2026-09-27T16:39:39.639Z,"16 km SSW of Sipí, Colombia",earthquake,6.89,6.46,0.073,55,reviewed,us,us
2026-09-14T14:12:05.492Z,40.6186,-119.6265,11,3.34,mwr,7,139,0.411,0.1615,nn,nn00924436,2026-09-27T16:37:08.138Z,"23 km W of Gerlach, Nevada",earthquake,,2.4641,,,reviewed,nn,nn
2026-09-14T13:47:28.320Z,37.87483215332,-121.80982971191,16.920000076294,2.99,ml,94,54,0.04998,0.14,nc,nc75435557,2026-09-27T16:16:15.040Z,"9 km SW of Brentwood, CA",earthquake,0.19,0.230000004,0.332,36,automatic,nc,nc
2026-09-14T11:45:18.710Z,-17.9654,-178.4492,598.312,4.2,mb,76,121,2.556,0.53,us,us7000thd4,2026-10-06T16:47:51.040Z,"236 km E of Levuka, Fiji",earthquake,11.62,8.723,0.041,164,reviewed,us,us
2026-09-14T11:32:26.571Z,52.4214,-164.2658,10,2.9,ml,15,260,1.898,1.22,us,us7000thdz,2026-10-06T16:16:09.040Z,"215 km SSE of Akutan, Alaska",earthquake,7.73,2.021,0.115,10,reviewed,us,us
2026-09-14T11:26:10.216Z,56.201,-154.163,46,3,ml,49,219,1.1,0.6,ak,aka2026sfsmkt,2026-10-06T16:52:34.040Z,"82 km S of Akhiok, Alaska",earthquake,6,27.6376,0.1,36,reviewed,ak,ak
2026-09-14T11:14:37.251Z,59.815,-153.417,134.9,2.7,ml,129,46,0.2,0.8,ak,aka2026sfscjz,2026-10-06T16:54:05.040Z,"38 km E of Pedro Bay, Alaska",earthquake,2.7,1.307,0.3,96,reviewed,ak,ak
2026-09-14T10:59:54.632Z,37.5333,141.613,55.352,4.6,mb,48,98,2.898,0.63,us,us7000thct,2026-10-07T13:03:42.040Z,"54 km E of Namie, Japan",earthquake,7.07,7.597,0.056,94,reviewed,us,us
2026-09-14T10:58:03.188Z,2.4234,128.1898,163.086,5.6,mww,129,18,4.489,0.78,us,us7000thcs,2026-10-07T12:54:24.765Z,"79 km NNE of Tobelo, Indonesia",earthquake,6.05,4.427,0.061,26,reviewed,us,us
2026-09-14T10:29:06.831Z,53.2589,-164.6559,35,3.2,ml,38,211,1.054,0.44,us,us7000thkc,2026-09-22T08:23:27.040Z,"122 km SE of Akutan, Alaska",earthquake,5.95,2.016,0.091,16,reviewed,us,us
2026-09-14T09:58:22.712Z,38.1906,73.879,162.389,4.1,mb,41,129,1.104,1.04,us,us7000thcg,2026-10-07T12:36:55.040Z,"8 km WNW of Murghob, Tajikistan",earthquake,8.03,8.473,0.114,21,reviewed,us,us
2026-09-14T09:27:38.111Z,-8.6882,105.7213,12,5.3,mwb,110,27,1.751,1.17,us,us7000thc6,2026-10-07T12:27:38.236Z,"209 km SSW of Pelabuhanratu, Indonesia",earthquake,6.86,1.726,0.041,57,reviewed,us,us
2026-09-14T09:07:29.435Z,23.2157,101.4146,10,4.5,mb,44,75,2.356,0.72,us,us7000thbx,2026-10-07T12:17:12.040Z,"65 km NE of Simao, China",earthquake,7.9,1.872,0.113,28,reviewed,us,us
2026-09-14T07:33:04.419Z,37.1853,142.2375,35,4.5,mb,54,139,3.294,0.66,us,us7000thbl,2026-09-14T08:49:59.040Z,"109 km E of Tomioka, Japan",earthquake,8.1,1.93,0.088,38,reviewed,us,us
2026-09-14T06:26:30.420Z,35.6115,-98.04633333,6.6,2.57,ml,84,37,0,0.16,ok,ok2026safn,2026-10-07T06:24:51.040Z,"6 km E of Calumet, Oklahoma",earthquake,,0.2,0.27,34,reviewed,ok,ok
2026-09-14T06:19:09.831Z,-4.9942,144.5731,88.97,4.5,mb,86,63,4.045,0.51,us,us7000thb6,2026-10-07T10:22:06.040Z,"102 km NNE of Mount Hagen, Papua New Guinea",earthquake,3.52,6.841,0.064,71,reviewed,us,us
2026-09-14T05:58:03.466Z,60.657,-149.406,7.1,2.5,ml,91,55,0.5,0.8,ak,aka2026sfhnyo,2026-09-14T06:53:06.997Z,"18 km N of Moose Pass, Alaska",earthquake,1.8,1.2891,0.1,69,reviewed,ak,ak
2026-09-14T05:22:55.270Z,17.8345,-66.834666666667,11.45,2.49,md,8,259,0.1461,0.38,pr,pr71531778,2026-09-14T06:15:19.470Z,"16 km SSE of Maria Antonia, Puerto Rico",earthquake,1.58,1.24,0.07720690650247,4,reviewed,pr,pr
2026-09-14T05:03:12.883Z,-24.1717,-66.9763,185.943,4.3,mb,27,89,2.575,0.61,us,us7000than,2026-10-07T08:16:40.040Z,"67 km W of San Antonio de los Cobres, Argentina",earthquake,3.34,11.366,0.138,15,reviewed,us,us
2026-09-14T04:38:42.971Z,51.18,-176.39,9.9,2.6,ml,27,240,0.7,0.5,ak,aka2026sfexbz,2026-09-14T06:36:44.344Z,"79 km SSE of Adak, Alaska",earthquake,5.8,2.4424,0.2,18,reviewed,ak,ak
2026-09-14T03:54:45.812Z,18.4861,145.6826,202.961,4.1,mb,25,118,3.236,0.86,us,us7000tibm,2026-10-05T05:47:51.040Z,"Pagan region, Northern Mariana Islands",earthquake,14.28,5.832,0.117,20,reviewed,us,us
2026-09-14T03:45:33.339Z,51.504,179.332,71.9,2.5,ml,24,123,0.1,0.3,ak,aka2026sfdcuy,2026-09-14T06:34:05.708Z,"281 km W of Adak, Alaska",earthquake,9.1,3.9968,0.2,18,reviewed,ak,ak
2026-09-14T02:56:57.937Z,25.6619,-45.406,10,4.9,mb,26,114,17.315,1.22,us,us7000ticg,2026-10-04T03:28:32.040Z,"northern Mid-Atlantic Ridge",earthquake,9.83,1.892,0.128,19,reviewed,us,us
2026-09-14T02:56:17.944Z,25.5217,-45.438,10,5.4,mww,101,55,17.221,0.91,us,us7000tha3,2026-10-05T01:14:10.486Z,"northern Mid-Atlantic Ridge",earthquake,10,1.815,0.063,24,reviewed,us,us
2026-09-14T02:54:59.849Z,25.5128,-45.3286,10,4.8,mb,48,107,17.168,0.67,us,us7000tibk,2026-10-04T23:28:35.040Z,"northern Mid-Atlantic Ridge",earthquake,11.27,1.889,0.06,86,reviewed,us,us
2026-09-14T01:42:08.793Z,-9.309,112.8866,31.867,4.8,mb,56,76,7.182,0.88,us,us7000th9m,2026-10-04T22:26:35.040Z,"122 km S of Dampit, Indonesia",earthquake,11.26,5.603,0.08,50,reviewed,us,us
2026-09-14T01:38:51.010Z,35.632,58.7029,10,4.2,mb,19,122,8.4,0.76,us,us7000th9l,2026-10-04T22:21:51.040Z,"48 km NNE of Kāshmar, Iran",earthquake,13.2,1.935,0.141,14,reviewed,us,us
2026-09-14T00:53:46.937Z,-8.1707,120.3526,10,4.5,mb,27,121,3.192,0.85,us,us7000th9i,2026-09-21T22:18:51.040Z,"50 km NNW of Ruteng, Indonesia",earthquake,9.73,1.904,0.116,22,reviewed,us,us
2026-09-14T00:44:10.950Z,37.428166666667,-122.245,5.2,2.45,md,99,73,0.02501,0.12,nc,nc75435317,2026-09-25T19:47:27.863Z,"1 km ESE of Woodside, CA",earthquake,0.13,0.24,0.184,35,reviewed,nc,nc
2026-09-14T00:41:02.732Z,-49.5564,126.4128,10,4.4,mb,19,96,17.964,0.86,us,us7000tibh,2026-09-21T21:57:03.040Z,"western Indian-Antarctic Ridge",earthquake,15.01,1.938,0.127,18,reviewed,us,us
2026-09-14T00:20:59.900Z,-20.1857,67.2916,10,4.6,mb,21,72,3.713,0.63,us,us7000tibg,2026-09-21T21:09:30.040Z,"Mid-Indian Ridge",earthquake,10.02,1.886,0.136,16,reviewed,us,us
2026-09-13T23:41:37.295Z,-23.524,-179.7267,506.8,4.4,mb,42,122,6.114,0.72,us,us7000th98,2026-09-21T05:18:27.040Z,"south of the Fiji Islands",earthquake,13.02,9.374,0.092,34,reviewed,us,us
2026-09-13T23:27:47.729Z,-20.1437,67.5504,10,4.6,mb,26,73,3.951,0.58,us,us7000tiaj,2026-09-21T05:13:46.040Z,"Mid-Indian Ridge",earthquake,12.2,1.888,0.122,20,reviewed,us,us
2026-09-13T22:44:41.189Z,22.7027,121.5961,10,4.6,mww,57,104,0.49,0.87,us,us7000th8v,2026-09-21T05:01:44.040Z,"116 km NE of Hengchun, Taiwan",earthquake,5.1,1.864,0.093,11,reviewed,us,us
2026-09-13T22:40:01.429Z,-8.1863,120.2331,10,5,mb,73,38,3.187,0.81,us,us7000th8u,2026-09-21T04:40:34.040Z,"51 km NE of Labuan Bajo, Indonesia",earthquake,6.13,1.622,0.07,66,reviewed,us,us
2026-09-13T22:17:17.416Z,21.6583,121.0319,10,4.3,mb,26,114,1.155,0.57,us,us7000tiag,2026-09-21T04:02:19.040Z,"48 km SE of Hengchun, Taiwan",earthquake,9.16,1.947,0.133,16,reviewed,us,us
2026-09-13T22:06:06.700Z,37.850333333333,-121.84716666667,16.27,2.48,md,74,43,0.05315,0.25,nc,nc75435217,2026-09-28T16:52:24.497Z,"6 km ENE of Blackhawk, CA",earthquake,0.29,0.7,0.173,81,reviewed,nc,nc
2026-09-13T22:05:08.615Z,34.7275,23.505,51.864,4.2,mb,33,148,1.267,0.64,us,us7000tiaf,2026-09-21T03:43:44.040Z,"54 km WSW of Kastrí, Greece",earthquake,5.62,8.614,0.115,21,reviewed,us,us
2026-09-13T21:57:13.625Z,50.3062,-174.0051,22.547,2.9,ml,22,287,1.902,0.81,us,us7000thae,2026-09-14T21:42:12.040Z,"210 km S of Atka, Alaska",earthquake,9.63,9.913,0.097,14,reviewed,us,us
2026-09-13T21:02:35.868Z,52.2928,-169.2629,35,2.9,ml,35,220,0.569,0.9,us,us7000ti6q,2026-09-18T01:48:12.040Z,"76 km SSW of Nikolski, Alaska",earthquake,5.31,2.019,0.085,18,reviewed,us,us
2026-09-13T20:40:56.849Z,52.183,-169.267,15.6,2.7,ml,22,224,0.7,0.7,ak,aka2026seoyya,2026-09-18T00:08:21.471Z,"88 km SSW of Nikolski, Alaska",earthquake,6.2,4.6032,0.2,16,reviewed,ak,ak
2026-09-13T20:36:39.200Z,17.9585,-67.058,7.98,2.46,md,11,231,0.01703,0.15,pr,pr71531738,2026-09-13T20:50:12.830Z,"2 km SSW of La Parguera, Puerto Rico",earthquake,0.61,0.62,0.064325341388855,6,reviewed,pr,pr
2026-09-13T19:54:13.900Z,-20.1573,168.9406,35,4.4,mb,24,103,2.812,0.56,us,us7000tiac,2026-09-21T16:55:02.040Z,"76 km SSW of Isangel, Vanuatu",earthquake,9.7,1.937,0.13,17,reviewed,us,us
2026-09-13T19:41:43.064Z,-20.1089,168.9078,10,4.8,mb,42,113,2.839,0.73,us,us7000th81,2026-09-24T17:32:06.040Z,"74 km SSW of Isangel, Vanuatu",earthquake,10.58,1.88,0.094,35,reviewed,us,us
2026-09-13T19:40:25.496Z,-26.1509,-66.6119,10,4.7,mb,46,54,2.863,0.78,us,us7000th7y,2026-09-24T17:19:43.040Z,"64 km W of Cafayate, Argentina",earthquake,6.25,1.889,0.088,39,reviewed,us,us
2026-09-13T19:21:35.024Z,23.5578,121.4213,12.661,4.2,mwr,57,88,0.2,0.66,us,us7000th7w,2026-09-24T16:57:37.040Z,"50 km SSW of Hualien City, Taiwan",earthquake,2.22,4.972,0.066,22,reviewed,us,us
2026-09-13T18:20:46.810Z,19.168,-155.4865,11.36,2.65,ml,45,105,0.02623,0.13,hv,hv75035027,2026-09-24T16:53:06.040Z,"3 km SSW of Pāhala, Hawaii",earthquake,0.3,0.31,0.15031318525397,36,reviewed,hv,hv
2026-09-13T18:00:23.040Z,19.160666666667,-155.48083333333,12.87,3.95,ml,61,119,0.01845,0.18,hv,hv75034997,2026-09-24T16:57:02.331Z,"4 km S of Pāhala, Hawaii",earthquake,0.36,0.26,0.20123791398203,49,reviewed,hv,hv
2026-09-13T17:55:25.301Z,6.8723,-73.0435,151.933,4.3,mb,55,83,0.974,0.79,us,us7000th7k,2026-09-24T16:49:39.019Z,"12 km S of Piedecuesta, Colombia",earthquake,7,9.891,0.082,42,reviewed,us,us
2026-09-13T17:53:45.933Z,50.409,-175.167,6.1,2.7,ml,21,278,1.6,0.5,ak,aka2026sejkan,2026-09-17T20:09:40.533Z,"192 km SSE of Adak, Alaska",earthquake,18.7,12.7101,0.1,16,reviewed,ak,ak
2026-09-13T17:30:45.140Z,39.3112,-119.0615,7.3772,2.63,ml,27,62,0.062,0.1454,nn,nn00924410,2026-09-21T16:08:34.040Z,"18 km SE of Silver Springs, Nevada",earthquake,,0.8089,0.41,18,reviewed,nn,nn
2026-09-13T16:30:43.285Z,51.406,-173.52,12.8,2.5,ml,15,299,0.9,0.5,ak,aka2026segpza,2026-09-17T16:34:23.296Z,"99 km SSE of Atka, Alaska",earthquake,18.3,9.1198,0.1,13,reviewed,ak,ak
2026-09-13T16:10:58.500Z,18.8685,-67.297833333333,5.05,3.42,md,45,195,0.4364,0.31,pr,pr71531693,2026-09-19T15:43:40.040Z,"46 km NNW of San Antonio, Puerto Rico",earthquake,0.53,0.73,0.1224335459601,24,reviewed,pr,pr
2026-09-13T15:58:24.004Z,-17.9129,-178.4,622.86,4.2,mb,25,121,2.565,0.51,us,us7000th73,2026-09-19T15:37:21.040Z,"242 km E of Levuka, Fiji",earthquake,17.99,10.975,0.132,19,reviewed,us,us
2026-09-13T15:54:57.448Z,51.935,-169.121,4.7,2.8,ml,11,251,0.9,0.6,ak,aka2026sefkwj,2026-09-17T16:31:43.330Z,"113 km S of Nikolski, Alaska",earthquake,10.9,4.7859,0.2,9,reviewed,ak,ak
2026-09-13T15:03:57.803Z,54.265,-161.129,1.3,2.5,ml,13,261,1,0.7,ak,aka2026sedsvn,2026-09-17T05:49:19.471Z,"117 km SE of King Cove, Alaska",earthquake,9.5,5.2512,0.2,11,reviewed,ak,ak
2026-09-13T14:06:10.860Z,19.411333333333,-65.263333333333,79.99,3.22,md,15,263,1.093,0.51,pr,pr71531673,2026-09-13T14:33:21.050Z,"122 km N of Culebra, Puerto Rico",earthquake,6.74,11.9,0.20014700222383,9,reviewed,pr,pr
2026-09-13T13:46:57.265Z,15.0083,-61.1587,159.136,4.1,mb,30,135,0.658,0.37,us,us7000tia4,2026-09-19T14:54:58.040Z,"16 km NNW of Basse-Pointe, Martinique",earthquake,4.07,6.89,0.166,10,reviewed,us,us
2026-09-13T13:39:12.099Z,60.794,-152.233,103.7,2.8,ml,149,29,0.3,0.8,ak,aka2026seaxgj,2026-10-05T14:08:02.040Z,"52 km WNW of Nikiski, Alaska",earthquake,2,1.3453,0.2,109,reviewed,ak,ak
2026-09-13T13:33:24.694Z,39.3122,-119.0541,6.8806,2.71,ml,32,64,0.062,0.1603,nn,nn00924404,2026-09-18T21:26:15.040Z,"18 km SE of Silver Springs, Nevada",earthquake,,0.9407,0.44,15,reviewed,nn,nn
2026-09-13T12:55:23.518Z,-20.8076,-70.4481,29.754,4.2,mb,23,143,0.276,0.7,us,us7000th6b,2026-10-06T15:51:37.040Z,"66 km SSW of La Tirana, Chile",earthquake,4.4,5.875,0.152,12,reviewed,us,us
2026-09-13T12:36:14.274Z,-33.2953,-72.5329,10,3.9,mwr,40,77,0.791,0.9,us,us7000th65,2026-10-06T16:56:54.040Z,"89 km WSW of Valparaíso, Chile",earthquake,4.26,1.89,0.053,34,reviewed,us,us
2026-09-13T12:32:48.802Z,5.2132,125.1029,10,4.4,mb,27,110,1.904,0.8,us,us7000tia2,2026-10-06T14:30:28.040Z,"45 km WSW of Sarangani, Philippines",earthquake,11.63,1.898,0.115,22,reviewed,us,us
2026-09-13T12:00:49.109Z,18.58,93.5969,10,4.4,mb,35,66,2.892,0.59,us,us7000tia1,2026-10-06T14:16:30.040Z,"173 km W of Pyay, Burma (Myanmar)",earthquake,6.03,1.861,0.123,19,reviewed,us,us
2026-09-13T11:55:47.190Z,56.071,-159.864,1.2,2.5,ml,29,145,0.2,0.5,ak,aka2026sdxlny,2026-10-06T16:58:21.040Z,"30 km NW of Ivanof Bay, Alaska",earthquake,5.5,2.8342,0.2,23,reviewed,ak,ak
2026-09-13T11:19:39.626Z,40.4596,142.0137,59.188,4.2,mb,26,141,0.794,0.78,us,us7000tia0,2026-10-06T14:08:42.040Z,"36 km NE of Kuji, Japan",earthquake,6.08,7.98,0.159,11,reviewed,us,us
2026-09-13T11:09:52.200Z,40.366333333333,-124.89566666667,13.34,2.53,md,74,244,0.4299,0.23,nc,nc75434817,2026-10-05T12:51:16.040Z,"52 km W of Petrolia, CA",earthquake,0.82,1.03,0.389,46,reviewed,nc,nc
2026-09-13T10:59:51.590Z,19.557,-65.3043,16,3.53,md,14,269,1.2496,0.25,pr,pr2026256003,2026-10-05T13:06:52.040Z,"137 km NNE of Vieques, Puerto Rico",earthquake,2.84,5.52,0.07,9,reviewed,pr,pr
2026-09-13T10:43:45.036Z,-32.0945,-177.5607,10,4.2,mb,20,186,2.858,0.53,us,us7000ti9z,2026-10-06T13:56:07.040Z,"south of the Kermadec Islands",earthquake,7.85,1.974,0.128,17,reviewed,us,us
2026-09-13T10:20:00.004Z,31.661,-104.432,6.0999,3.4,ml,66,69,0,0.3,tx,tx2026sawssd,2026-10-06T17:00:08.040Z,"57 km S of Whites City, New Mexico",earthquake,0.66892156883406,0.53783680508547,0.1,47,reviewed,tx,tx
2026-09-13T10:15:38.817Z,52.9615,-167.802,35,3.2,ml,26,209,0.446,0.43,us,us7000thyf,2026-10-06T11:53:08.040Z,"71 km E of Nikolski, Alaska",earthquake,3.6,1.998,0.085,18,reviewed,us,us
2026-09-13T10:06:50.985Z,-7.7296,106.4201,41.414,4.2,mb,30,111,1.488,0.78,us,us7000ti9y,2026-10-06T14:00:52.040Z,"83 km S of Pelabuhanratu, Indonesia",earthquake,9.08,7.676,0.105,25,reviewed,us,us
2026-09-13T10:02:57.652Z,65.767,-145.639,3.4,3.4,ml,87,39,0.3,1,ak,aka2026sdtrsy,2026-10-06T17:01:41.040Z,"44 km WNW of Central, Alaska",earthquake,2.3,1.8258,0.2,64,reviewed,ak,ak
2026-09-13T10:02:37.879Z,51.132,-178.0807,35,3.3,ml,22,214,0.624,1.01,us,us7000th72,2026-10-05T13:52:06.040Z,"130 km SW of Adak, Alaska",earthquake,2.87,1.936,0.081,20,reviewed,us,us
2026-09-13T09:57:14.828Z,-31.6957,-176.7275,10,4.5,mb,20,113,2.654,0.87,us,us7000ti9x,2026-10-06T13:46:35.040Z,"Kermadec Islands region",earthquake,10.7,1.949,0.132,17,reviewed,us,us
2026-09-13T08:39:18.978Z,53.5114,-163.1973,10,3,ml,28,221,1.18,0.56,us,us7000th6z,2026-09-24T12:18:56.040Z,"150 km S of False Pass, Alaska",earthquake,6.12,2.012,0.081,20,reviewed,us,us
2026-09-13T08:31:15.508Z,41.5429,141.2795,125.794,4.7,mb,74,105,0.77,0.68,us,us7000th5d,2026-09-24T12:15:58.040Z,"28 km N of Mutsu, Japan",earthquake,6.88,5.988,0.029,358,reviewed,us,us
2026-09-13T07:48:11.232Z,19.2737,144.934,397.341,4,mb,15,141,4.1,0.8,us,us7000ti9s,2026-10-07T08:52:55.040Z,"Maug Islands region, Northern Mariana Islands",earthquake,23.72,17.332,0.156,11,reviewed,us,us
2026-09-13T07:46:40.223Z,51.3341,-178.106,35,2.6,ml,23,203,0.441,0.48,us,us7000thy9,2026-09-23T12:14:08.040Z,"118 km WSW of Adak, Alaska",earthquake,2.71,1.998,0.085,18,reviewed,us,us
2026-09-13T07:30:23.229Z,-22.3898,171.2181,97.479,5,mww,61,76,3.495,1.23,us,us7000th50,2026-09-24T12:05:07.040Z,"southeast of the Loyalty Islands",earthquake,12.16,6.737,0.065,23,reviewed,us,us
2026-09-13T07:19:23.968Z,-15.2804,167.3824,154.069,5.2,mww,47,126,6.013,0.83,us,us7000th4y,2026-09-24T11:58:03.040Z,"35 km NE of Luganville, Vanuatu",earthquake,13.67,7.274,0.061,26,reviewed,us,us
2026-09-13T07:14:45.071Z,27.3582,129.494,10,4.4,mb,21,103,2.179,0.84,us,us7000ti9r,2026-09-24T11:54:48.040Z,"65 km ESE of Isen, Japan",earthquake,5.35,1.87,0.169,10,reviewed,us,us
2026-09-13T07:10:28.766Z,4.6073,-76.8281,76.445,4.3,mb,22,104,2.037,1.27,us,us7000th4s,2026-10-07T07:58:15.040Z,"21 km WSW of Sipí, Colombia",earthquake,3.41,10.695,0.137,15,reviewed,us,us
2026-09-13T06:54:23.103Z,31.661,-104.432,6.0999,2.9,ml,55,69,0,0.3,tx,tx2026sapxnl,2026-09-23T12:10:01.040Z,"57 km S of Whites City, New Mexico",earthquake,0.88243070904874,0.56678683033372,0.2,43,reviewed,tx,tx
2026-09-13T04:22:39.187Z,4.1354,63.2202,10,4.2,mb,17,140,10.414,0.55,us,us7000ti9p,2026-10-01T04:46:53.040Z,"Carlsberg Ridge",earthquake,13.28,1.949,0.147,13,reviewed,us,us
2026-09-13T03:50:31.912Z,26.257,142.3174,10,4.8,mb,56,127,9.987,1.01,us,us7000th3a,2026-10-02T00:54:09.040Z,"Bonin Islands, Japan region",earthquake,10.81,1.894,0.086,42,reviewed,us,us
2026-09-13T03:47:00.310Z,33.773833333333,-118.73566666667,-0.13,2.56,ml,53,88,0.2375,0.29,ci,ci41546488,2026-10-01T02:34:31.040Z,"27 km SSE of Malibu, CA",earthquake,0.42,0.8,0.15263810985594,116,reviewed,ci,ci
2026-09-13T03:34:13.230Z,18.883666666667,-64.34,10.29,3.39,md,11,291,0.3958,0.32,pr,pr71531623,2026-10-01T02:43:09.040Z,"77 km NE of Cruz Bay, U.S. Virgin Islands",earthquake,1.69,2.14,0.13728439927415,5,reviewed,pr,pr
2026-09-13T03:23:41.300Z,19.511166666667,-65.344666666667,7.94,3.4,md,15,259,1.199,0.49,pr,pr71531608,2026-09-13T05:15:43.860Z,"130 km NNE of Vieques, Puerto Rico",earthquake,4.76,4.32,0.12695206615371,9,reviewed,pr,pr
2026-09-13T03:23:40.560Z,19.5855,-65.2498,13,3.63,md,22,243,1.2653,0.4,pr,pr2026256002,2026-10-02T00:48:28.040Z,"141 km NNW of Charlotte Amalie, U.S. Virgin Islands",earthquake,2.36,3.7,0.08,10,reviewed,pr,pr
2026-09-13T03:14:42.043Z,-8.4577,121.5341,10,4.5,mb,19,132,3.852,0.6,us,us7000th35,2026-09-30T22:44:19.040Z,"44 km NNW of Ende, Indonesia",earthquake,12.77,1.906,0.125,19,reviewed,us,us
2026-09-13T03:00:07.490Z,18.8401,-65.3013,16,3.51,md,24,240,0.5329,0.33,pr,pr2026256001,2026-10-02T00:47:00.040Z,"59 km N of Culebra, Puerto Rico",earthquake,1.03,1.76,0.19,21,reviewed,pr,pr
2026-09-13T02:44:02.338Z,41.9562,142.5285,83.251,4.1,mb,14,130,0.472,0.71,us,us7000ti9l,2026-10-01T04:37:27.040Z,"30 km SW of Urakawa, Japan",earthquake,8.17,10.006,0.234,6,reviewed,us,us
2026-09-13T02:33:04.736Z,11.108,-86.799,10,4.1,mb,29,185,1.466,0.95,us,us7000ti9k,2026-10-01T04:20:38.040Z,"81 km SSW of Masachapa, Nicaragua",earthquake,6.93,1.933,0.123,18,reviewed,us,us
2026-09-13T02:08:41.327Z,51.154,-178.5063,28.739,3.9,mb,53,179,0.444,0.67,us,us7000th2x,2026-10-02T00:32:26.040Z,"152 km WSW of Adak, Alaska",earthquake,4.12,6.516,0.103,25,reviewed,us,us
2026-09-13T01:46:36.171Z,51.8576,-169.2388,8.53,2.5,ml,17,232,0.977,0.85,us,us7000thwv,2026-10-01T03:07:12.040Z,"123 km SSW of Nikolski, Alaska",earthquake,4.63,6.196,0.097,14,reviewed,us,us
2026-09-13T00:58:24.306Z,31.751,-104.336,7.074,2.9,ml,44,68,0,0.3,tx,tx2026saectr,2026-10-04T04:40:30.040Z,"47 km S of Whites City, New Mexico",earthquake,0.65549725997771,0.74635583110948,0.2,34,reviewed,tx,tx
2026-09-13T00:27:14.685Z,34.1606,136.4312,363.296,4.1,mb,64,120,1.285,0.72,us,us7000th2e,2026-10-04T22:19:37.040Z,"23 km ENE of Owase, Japan",earthquake,7.26,6.744,0.067,61,reviewed,us,us
2026-09-12T23:33:47.081Z,51.617,-174.635,11.9,2.5,ml,21,249,0.6,0.4,ak,aka2026scysfg,2026-09-16T16:10:42.437Z,"71 km SSW of Atka, Alaska",earthquake,8.7,4.1897,0.1,16,reviewed,ak,ak
2026-09-12T23:15:48.064Z,52.193,-169.566,39.4,2.5,ml,17,227,0.6,0.5,ak,aka2026scycll,2026-09-16T16:09:23.575Z,"95 km SSW of Nikolski, Alaska",earthquake,10.9,14.4934,0.1,12,reviewed,ak,ak
2026-09-12T23:01:48.740Z,19.765833333333,-65.328666666667,21.65,3.4,md,9,281,1.449,0.33,pr,pr71531573,2026-10-04T04:42:26.040Z,"157 km NNE of Vieques, Puerto Rico",earthquake,1.98,31.61,0.036813090943692,3,reviewed,pr,pr
2026-09-12T22:52:29.720Z,38.514166666667,-112.8995,3.65,3.13,ml,36,45,0.00415,0.17,uu,uu80156586,2026-10-04T04:40:42.065Z,"16 km NE of Milford, Utah",earthquake,0.27,0.29,0.15852121453444,26,reviewed,uu,uu
2026-09-12T22:40:24.688Z,-10.735,166.0627,179.26,4.3,mb,24,101,6.158,0.33,us,us7000th23,2026-10-04T22:13:16.040Z,"29 km E of Lata, Solomon Islands",earthquake,13.84,9.186,0.143,14,reviewed,us,us
2026-09-12T22:14:03.306Z,-3.3764,152.3509,368.234,4.3,mb,25,103,0.831,0.8,us,us7000th21,2026-10-04T22:10:42.040Z,"93 km NNE of Rabaul, Papua New Guinea",earthquake,12.81,6.45,0.133,16,reviewed,us,us
2026-09-12T21:35:46.049Z,1.8773,98.9972,133.114,4.1,mb,23,137,3.77,0.85,us,us7000ti4e,2026-10-03T22:28:16.040Z,"28 km ENE of Sibolga, Indonesia",earthquake,13.34,7.085,0.13,16,reviewed,us,us
2026-09-12T20:54:55.100Z,19.582833333333,-65.273166666667,72.04,3.41,md,15,273,1.26,0.23,pr,pr71531543,2026-09-13T12:26:58.040Z,"141 km NNE of Vieques, Puerto Rico",earthquake,2.78,6.86,0.044380168759789,8,reviewed,pr,pr
2026-09-12T20:32:57.905Z,29.3365,130.3836,35.096,5.1,mww,106,89,2.166,0.88,us,us7000th1q,2026-09-24T16:46:59.528Z,"99 km S of Yudomari, Japan",earthquake,6.81,6.58,0.068,21,reviewed,us,us
2026-09-12T19:46:16.403Z,54.0607,-163.3739,35,2.6,ml,21,216,0.624,0.64,us,us7000thw4,2026-09-19T17:42:16.040Z,"88 km S of False Pass, Alaska",earthquake,4.78,2.013,0.105,12,reviewed,us,us
2026-09-12T19:18:43.102Z,33.6477,139.2798,15.235,4.2,mb,29,148,2.516,0.67,us,us7000ti4d,2026-09-21T16:26:35.040Z,"118 km SSE of Shimoda, Japan",earthquake,8.01,5.334,0.128,17,reviewed,us,us
2026-09-12T19:18:05.903Z,61.29,-146.12,12.7,3.5,ml,165,20,0.2,1.3,ak,aka2026scqemw,2026-09-24T16:37:50.040Z,"21 km NE of Valdez, Alaska",earthquake,1.6,1.3328,0.1,118,automatic,ak,ak
2026-09-12T19:09:26.227Z,53.963,-157.2289,10,2.8,ml,16,239,2.412,0.41,us,us7000th2v,2026-09-13T12:43:34.040Z,"249 km SSE of Perryville, Alaska",earthquake,8.56,2.016,0.128,8,reviewed,us,us
2026-09-12T19:06:58.328Z,50.788,-179.184,11.6,2.5,ml,21,239,0.8,0.9,ak,aka2026scpvak,2026-09-13T02:08:49.574Z,"214 km SW of Adak, Alaska",earthquake,6,3.2702,0.1,14,reviewed,ak,ak
2026-09-12T18:50:40.096Z,20.164,144.9983,172.029,3.9,mb,23,139,4.961,0.64,us,us7000ti4c,2026-09-25T13:22:55.040Z,"Maug Islands region, Northern Mariana Islands",earthquake,13.78,8.952,0.128,16,reviewed,us,us
2026-09-12T18:39:21.810Z,38.8195,-122.7645,1.44,2.81,md,106,34,0.01174,0.1,nc,nc75434347,2026-09-24T16:35:24.040Z,"4 km W of Cobb, CA",earthquake,0.1,0.17,0.198,90,reviewed,nc,nc
2026-09-12T18:26:16.594Z,49.485,-178.879,20,2.9,ml,15,283,2.1,1.3,ak,aka2026scolzh,2026-09-13T02:06:29.939Z,"south of the Aleutian Islands",earthquake,9.6,0,0.1,9,reviewed,ak,ak
2026-09-12T18:16:31.532Z,52.1582,-169.4308,35,3.3,ml,22,219,0.654,0.89,us,us7000thr1,2026-09-19T17:39:06.040Z,"95 km SSW of Nikolski, Alaska",earthquake,5.75,2.018,0.077,22,reviewed,us,us
2026-09-12T17:51:44.742Z,38.1323,20.2022,28.35,4.8,mww,95,47,1.666,0.65,us,us7000th16,2026-09-24T16:30:42.975Z,"21 km WSW of Lixoúri, Greece",earthquake,4.44,4.901,0.071,19,reviewed,us,us
2026-09-12T17:25:16.497Z,52.188,-173.197,3.9,2.6,ml,16,332,0.5,0.6,ak,aka2026scmkow,2026-09-13T02:00:41.178Z,"68 km E of Atka, Alaska",earthquake,23.4,4.4943,0.2,12,reviewed,ak,ak
2026-09-12T16:51:23.250Z,18.9743,-64.5933,8,3.56,md,8,265,0.5201,0.52,pr,pr2026255005,2026-09-15T18:13:28.040Z,"74 km NNE of Cruz Bay, U.S. Virgin Islands",earthquake,4.72,6.86,0.21,5,reviewed,pr,pr
2026-09-12T16:04:36.167Z,-17.2664,-70.3681,122.677,4.3,mb,45,140,0.907,0.96,us,us7000th0g,2026-09-15T17:46:32.040Z,"1 km E of Camilaca, Peru",earthquake,7.39,6.666,0.09,36,reviewed,us,us
2026-09-12T15:56:08.082Z,-14.7118,167.2146,174.756,4.5,mb,52,51,6.443,0.56,us,us7000th0h,2026-09-15T17:15:39.040Z,"39 km NNE of Port-Olry, Vanuatu",earthquake,10.2,7.337,0.08,52,reviewed,us,us
2026-09-12T15:21:18.494Z,51.789,-173.346,13.3,3.4,ml,33,206,0.7,0.5,ak,aka2026scihfk,2026-09-15T22:30:24.550Z,"74 km SE of Atka, Alaska",earthquake,7.8,3.059,0.1,25,reviewed,ak,ak
2026-09-12T15:08:24.367Z,50.1206,177.0736,10,2.9,ml,12,322,1.894,1.03,us,us7000th0v,2026-09-15T17:04:48.040Z,"Rat Islands, Aleutian Islands, Alaska",earthquake,5.76,2.027,0.091,16,reviewed,us,us
2026-09-12T15:00:01.756Z,14.4051,122.4372,10,4,mb,10,267,9.004,0.85,us,us7000th04,2026-09-15T16:54:54.040Z,"10 km NW of Capalonga, Philippines",earthquake,10.61,2.022,0.173,9,reviewed,us,us
2026-09-12T14:32:06.478Z,-5.4603,154.8476,313.364,4.4,mb,40,88,2.957,0.75,us,us7000th00,2026-09-15T16:38:40.040Z,"116 km NW of Arawa, Papua New Guinea",earthquake,9.56,7.995,0.094,33,reviewed,us,us
2026-09-12T13:26:33.240Z,59.99,-152.526,102.9,2.9,ml,170,56,0.1,0.8,ak,aka2026scekwe,2026-09-15T20:40:07.417Z,"44 km W of Happy Valley, Alaska",earthquake,2.1,1.2078,0.2,99,reviewed,ak,ak
2026-09-12T12:46:16.016Z,-5.1136,153.3109,41.179,4.6,mb,26,81,1.465,0.73,us,us7000ti41,2026-09-23T09:28:03.040Z,"143 km SE of Kokopo, Papua New Guinea",earthquake,9.41,6.752,0.119,21,reviewed,us,us
2026-09-12T12:45:06.821Z,6.0372,126.9902,10,4.4,mb,14,141,1.737,1,us,us7000ti42,2026-09-23T09:07:54.040Z,"96 km ESE of Pondaguitan, Philippines",earthquake,13.4,1.945,0.148,13,reviewed,us,us
2026-09-12T11:48:11.112Z,-7.8399,121.9369,10,4.1,mb,17,139,2.905,0.61,us,us7000ti3z,2026-10-07T08:42:35.040Z,"91 km NNW of Maumere, Indonesia",earthquake,12.69,1.899,0.14,14,reviewed,us,us
2026-09-12T11:48:02.770Z,19.4501,-67.7338,69,3.6,md,19,211,1.1383,0.43,pr,pr2026255004,2026-09-23T08:29:23.040Z,"119 km NE of Punta Cana, Dominican Republic",earthquake,2.96,7.66,0.12,17,reviewed,pr,pr
2026-09-12T11:32:19.100Z,33.937333333333,-118.304,19.44,2.65,ml,145,41,0.02436,0.22,ci,ci41545920,2026-09-23T08:03:47.040Z,"4 km E of Lennox, CA",earthquake,0.13,0.22,0.17344378865694,25,reviewed,ci,ci
2026-09-12T11:16:11.650Z,4.4611,-76.8685,68.129,4.7,mb,53,98,2.175,1.46,us,us7000tgyx,2026-09-23T07:51:27.224Z,"32 km SW of Sipí, Colombia",earthquake,7.23,7.793,0.037,222,reviewed,us,us
2026-09-12T11:13:58.630Z,33.258833333333,-118.065,10.68,3.31,ml,75,110,0.2383,0.28,ci,ci41545880,2026-10-02T23:25:26.750Z,"26 km ESE of Avalon, CA",earthquake,0.26,0.9,0.16854950398482,258,reviewed,ci,ci
2026-09-12T11:11:59.220Z,33.254166666667,-118.0675,10.77,2.95,ml,56,116,0.2378,0.27,ci,ci41545872,2026-09-23T07:23:27.040Z,"26 km ESE of Avalon, CA",earthquake,0.31,1.03,0.17184151513435,208,reviewed,ci,ci
2026-09-12T11:05:46.433Z,-56.2951,-26.9013,102.352,4.9,mb,30,67,5.836,0.79,us,us7000tgyw,2026-09-23T07:20:17.040Z,"South Sandwich Islands region",earthquake,12.33,7.797,0.106,28,reviewed,us,us
2026-09-12T11:03:25.570Z,33.244166666667,-118.07366666667,12.32,2.54,ml,52,174,0.2365,0.24,ci,ci41545864,2026-09-23T07:17:22.040Z,"26 km ESE of Avalon, CA",earthquake,0.39,2.21,0.13750972269001,177,reviewed,ci,ci
2026-09-12T10:14:22.243Z,53.1417,-167.0748,35,3.6,mb,31,207,0.57,0.77,us,us7000th0t,2026-09-23T07:12:56.040Z,"89 km SSW of Unalaska, Alaska",earthquake,3.2,1.995,0.176,8,reviewed,us,us
2026-09-12T09:52:33.700Z,17.980333333333,-66.810333333333,14.39,2.6,md,30,157,0.04332,0.14,pr,pr71531473,2026-09-12T11:03:26.010Z,"1 km SSE of Indios, Puerto Rico",earthquake,0.28,0.47,0.15366348883832,17,reviewed,pr,pr
2026-09-12T09:38:15.510Z,19.3885,-155.275,1.9,2.61,ml,35,44,0.006634,0.1,hv,hv75034072,2026-09-23T06:56:34.040Z,"7 km SW of Volcano, Hawaii",earthquake,0.13,0.12,0.46284589753843,27,reviewed,hv,hv
2026-09-12T09:35:49.382Z,-13.4125,166.4985,43.204,4.8,mb,28,156,7.407,0.8,us,us7000tgyh,2026-09-23T06:48:47.040Z,"124 km WNW of Sola, Vanuatu",earthquake,7.05,6.701,0.122,21,reviewed,us,us
2026-09-12T08:58:42.130Z,19.0138,-67.726,76,3.51,md,21,181,0.8225,0.48,pr,pr2026255003,2026-10-05T09:39:02.040Z,"86 km ENE of Punta Cana, Dominican Republic",earthquake,3.4,5.92,0.1,14,reviewed,pr,pr
2026-09-12T08:46:37.963Z,-14.4624,-76.236,22.918,4.5,mb,45,144,2.53,0.52,us,us7000tgy2,2026-10-06T17:06:30.426Z,"64 km WSW of Santiago, Peru",earthquake,9.8,4.946,0.06,81,reviewed,us,us
2026-09-12T08:17:32.896Z,14.0942,-92.5296,35,4.2,mb,77,159,1.056,0.68,us,us7000tgxv,2026-10-06T17:06:50.040Z,"58 km SW of Ocós, Guatemala",earthquake,5.45,1.939,0.048,123,reviewed,us,us
2026-09-12T07:50:53.478Z,50.985,-176.095,10.8,2.7,ml,18,262,0.9,0.3,ak,aka2026sbtgqr,2026-09-15T18:24:53.628Z,"105 km SSE of Adak, Alaska",earthquake,9.7,7.1199,0.1,7,reviewed,ak,ak
2026-09-12T07:50:08.026Z,51.0866,-176.1835,14.265,2.6,ml,17,239,0.789,0.54,us,us7000thnw,2026-10-06T16:38:39.040Z,"93 km SSE of Adak, Alaska",earthquake,4.27,11.593,0.091,16,reviewed,us,us
2026-09-12T07:47:41.309Z,52.3567,-172.7773,85.763,3,ml,18,184,0.781,1.18,us,us7000th0s,2026-10-06T09:50:43.040Z,"98 km E of Atka, Alaska",earthquake,18.12,14.392,0.097,14,reviewed,us,us
2026-09-12T07:43:43.112Z,51.8511,-172.5734,35,2.8,ml,16,209,1.033,0.57,us,us7000thnv,2026-10-06T16:30:40.040Z,"118 km ESE of Atka, Alaska",earthquake,3.7,2.018,0.091,16,reviewed,us,us
2026-09-12T07:34:56.650Z,33.929833333333,-118.3025,19.12,2.62,ml,123,44,0.02162,0.25,ci,ci41545392,2026-10-06T17:09:05.040Z,"5 km WNW of Willowbrook, CA",earthquake,0.17,0.29,0.14596518252124,210,reviewed,ci,ci
2026-09-12T07:25:55.810Z,37.862833333333,-121.82083333333,15.9,3.12,ml,193,25,0.05419,0.19,nc,nc75434122,2026-10-06T17:10:39.040Z,"9 km ENE of Blackhawk, CA",earthquake,0.13,0.24,0.216,127,reviewed,nc,nc
2026-09-12T07:22:56.413Z,51.789,-172.6644,35,2.9,ml,17,211,1.011,0.63,us,us7000th0q,2026-10-06T09:21:01.040Z,"114 km ESE of Atka, Alaska",earthquake,6.43,2.017,0.085,18,reviewed,us,us
2026-09-12T07:21:40.897Z,40.272,143.0081,38.637,4.2,mb,34,143,1.569,0.67,us,us7000ti3x,2026-10-06T12:23:57.040Z,"103 km E of Noda, Japan",earthquake,4.65,8.343,0.125,18,reviewed,us,us
2026-09-12T07:16:58.171Z,51.6311,-176.4575,48.032,3.2,ml,32,195,0.233,0.46,us,us7000thnu,2026-10-06T16:28:01.040Z,"29 km SSE of Adak, Alaska",earthquake,5.55,10.088,0.077,22,reviewed,us,us
2026-09-12T06:45:20.260Z,18.9516,-64.5776,9,3.53,md,23,260,0.4933,0.29,pr,pr2026255002,2026-10-06T17:12:09.040Z,"72 km NNE of Cruz Bay, U.S. Virgin Islands",earthquake,1.37,1.82,0.16,18,reviewed,pr,pr
2026-09-12T06:44:00.981Z,45.6383,-113.5804,23.263,2.7,ml,52,36,0.123,0.69,us,us7000tgxl,2026-09-14T23:30:21.270Z,"10 km WNW of Wisdom, Montana",earthquake,3.2,2.73,0.035,110,reviewed,us,us
2026-09-12T06:38:26.850Z,62.834,-149.049,70.3,3.9,ml,235,20,0.1,1,ak,aka2026sbqvff,2026-10-06T17:16:58.040Z,"62 km S of Cantwell, Alaska",earthquake,1.4,2.0006,0.1,158,reviewed,ak,ak
2026-09-12T06:27:01.662Z,53.9151,-157.2259,10,2.6,ml,19,240,2.124,0.54,us,us7000th0m,2026-10-06T09:16:08.040Z,"253 km SSE of Perryville, Alaska",earthquake,8.41,2.02,0.097,14,reviewed,us,us
2026-09-12T06:14:33.093Z,-6.1537,130.4655,157.703,4.8,mb,67,47,6.68,0.75,us,us7000tgxg,2026-10-06T17:20:42.040Z,"259 km WSW of Tual, Indonesia",earthquake,9.85,5.765,0.074,56,reviewed,us,us
2026-09-12T05:46:37.290Z,34.387333333333,-119.25833333333,6.04,2.49,ml,72,44,0.03477,0.26,ci,ci41545248,2026-10-06T17:24:04.040Z,"7 km SSW of Ojai, CA",earthquake,0.21,0.58,0.12783042484408,118,reviewed,ci,ci
2026-09-12T05:25:49.260Z,41.7515,-109.806,3.82,3.79,ml,19,214,0.03623,0.18,uu,uu80156391,2026-10-06T15:53:16.968Z,"22 km NE of Granger, Wyoming",earthquake,1.6,0.82,0.20470583614314,33,reviewed,uu,uu
2026-09-12T05:08:24.716Z,59.834,-153.291,129.5,2.9,ml,155,53,0.1,0.8,ak,aka2026sbnvva,2026-10-06T17:29:30.040Z,"46 km E of Pedro Bay, Alaska",earthquake,2.6,1.1747,0.2,112,reviewed,ak,ak
2026-09-12T05:08:23.749Z,1.042,126.5838,41.867,4.7,mb,60,75,5.052,0.67,us,us7000tgx2,2026-10-06T17:27:32.040Z,"93 km WNW of Ternate, Indonesia",earthquake,9.84,7.065,0.075,54,reviewed,us,us
2026-09-12T05:03:55.754Z,51.365,-169.86,20,2.9,ml,13,250,1.5,2.5,ak,aka2026sbnrvf,2026-09-12T16:23:45.089Z,"187 km SSW of Nikolski, Alaska",earthquake,13.4,0,0.2,10,reviewed,ak,ak
2026-09-12T05:03:03.629Z,53.835,-157.0954,10,3.1,ml,25,242,2.563,0.7,us,us7000th0k,2026-10-06T06:05:04.040Z,"265 km SSE of Perryville, Alaska",earthquake,8.32,2.017,0.074,24,reviewed,us,us
2026-09-12T04:47:19.581Z,50.3301,-172.9617,35,2.8,ml,14,303,2.028,0.85,us,us7000th0d,2026-09-30T22:29:26.040Z,"224 km SSE of Atka, Alaska",earthquake,11.03,2.028,0.097,14,reviewed,us,us
2026-09-12T04:38:24.248Z,52.201,-168.468,29.5,2.6,ml,15,272,0.8,0.3,ak,aka2026sbmvwh,2026-09-15T18:00:55.059Z,"86 km SSE of Nikolski, Alaska",earthquake,9.4,6.9597,0.1,13,reviewed,ak,ak
2026-09-12T04:27:29.959Z,53.9102,-156.9763,22.91,3.5,ml,27,236,2.069,0.8,us,us7000thnp,2026-10-01T02:49:30.040Z,"262 km SSE of Perryville, Alaska",earthquake,7.62,8.89,0.081,20,reviewed,us,us
2026-09-12T04:17:36.810Z,48.425833333333,-122.30366666667,14.49,2.56,ml,68,32,0.07668,0.19,uw,uw714100441,2026-10-02T00:28:59.040Z,"2 km ENE of Mount Vernon, Washington",earthquake,0.2,0.53,0.15735185783606,61,reviewed,uw,uw
2026-09-12T04:10:14.081Z,18.7346,121.1983,10,4.5,mb,35,121,4.064,1.07,us,us7000ti3v,2026-10-01T03:56:40.040Z,"14 km NNE of Namuac, Philippines",earthquake,10.71,1.752,0.121,20,reviewed,us,us
2026-09-12T04:01:16.630Z,19.6536,-65.5476,19,3.63,md,15,238,1.3719,0.42,pr,pr2026255001,2026-09-30T22:07:18.040Z,"139 km NNE of Suárez, Puerto Rico",earthquake,2.39,5.71,0.07,8,reviewed,pr,pr
2026-09-12T03:59:09.231Z,10.3114,93.1932,68.633,4.5,mb,17,89,6.548,0.69,us,us7000ti3u,2026-10-01T03:47:05.040Z,"157 km SSE of Port Blair, India",earthquake,8.98,8.599,0.156,13,reviewed,us,us
2026-09-12T03:43:24.051Z,51.2056,-178.4312,35,3.3,ml,23,208,0.423,0.77,us,us7000th0b,2026-09-30T22:19:15.040Z,"145 km WSW of Adak, Alaska",earthquake,3.93,1.997,0.081,20,reviewed,us,us
2026-09-12T03:37:07.182Z,3.025,127.5099,119.009,4.4,mb,29,114,4.454,1.03,us,us7000ti3t,2026-10-01T03:28:26.040Z,"153 km NNW of Tobelo, Indonesia",earthquake,11.87,7.669,0.106,26,reviewed,us,us
2026-09-12T03:34:57.277Z,-8.2401,120.5917,10,4.4,mb,17,133,3.312,0.89,us,us7000tgwe,2026-10-02T00:23:35.040Z,"43 km NNE of Ruteng, Indonesia",earthquake,14.35,1.911,0.126,18,reviewed,us,us
2026-09-12T02:47:25.290Z,19.269666666667,-64.885666666667,61.47,3.4,md,19,259,0.8816,0.34,pr,pr71531393,2026-10-02T00:10:33.040Z,"102 km N of Charlotte Amalie, U.S. Virgin Islands",earthquake,3.87,8.37,0.087761014843018,13,reviewed,pr,pr
2026-09-12T02:43:30.330Z,18.9328,-64.9091,79,3.53,md,18,240,0.5819,0.43,pr,pr2026255000,2026-10-01T23:59:13.040Z,"65 km N of Charlotte Amalie, U.S. Virgin Islands",earthquake,5.21,4.83,0.17,18,reviewed,pr,pr
2026-09-12T02:42:30.800Z,40.356666666667,-125.0075,13.56,2.59,md,58,248,0.5129,0.34,nc,nc75434022,2026-09-30T21:57:35.040Z,"61 km W of Petrolia, CA",earthquake,0.93,1.74,0.272,35,reviewed,nc,nc
2026-09-12T01:59:50.236Z,8.329,-82.8155,10,4.7,mb,53,135,1.02,0.89,us,us7000tgw1,2026-10-01T23:04:41.720Z,"0 km NE of Manaca Civil, Panama",earthquake,6.18,1.91,0.091,36,reviewed,us,us
2026-09-12T01:52:47.654Z,44.3485,-115.16,10,3.2,ml,46,37,0.331,1.33,us,us7000tgvy,2026-10-01T22:59:06.040Z,"22 km NW of Stanley, Idaho",earthquake,2.33,1.993,0.038,92,reviewed,us,us
2026-09-12T00:55:08.581Z,-59.1133,-24.9256,10,5.1,mb,44,50,18.999,0.94,us,us7000tgvr,2026-10-04T22:06:24.040Z,"South Sandwich Islands region",earthquake,12.82,1.866,0.074,59,reviewed,us,us
2026-09-12T00:28:57.062Z,60.72,-149.627,24.7,2.7,ml,91,50,0.4,0.8,ak,aka2026sbenku,2026-10-04T04:17:45.040Z,"21 km SSW of Sunrise, Alaska",earthquake,2,1.6731,0.1,66,reviewed,ak,ak
2026-09-12T00:22:12.507Z,32.2629,-103.2847,7.91,2.6,mb_lg,36,57,0.25,0.67,us,us7000tgvj,2026-10-04T04:30:16.040Z,"18 km NNW of Jal, New Mexico",earthquake,1.59,2.618,0.076,46,reviewed,us,us
2026-09-12T00:18:58.915Z,-15.6804,-73.9864,101.191,4.5,mb,36,174,4.394,0.61,us,us7000tgvk,2026-10-04T22:02:02.040Z,"11 km ESE of Tocota, Peru",earthquake,11.06,10.738,0.101,29,reviewed,us,us
2026-09-11T23:27:37.039Z,35.79683333,-96.6525,7.6,2.9,ml,92,30,0,0.14,ok,ok2026rwas,2026-10-04T04:37:34.425Z,"5 km N of Stroud, Oklahoma",earthquake,,0.3,0.24,44,reviewed,ok,ok
2026-09-11T22:49:54.046Z,60.5639,-139.8854,5,2.9,ml,40,58,0.504,1.29,us,us7000tgut,2026-10-04T04:12:33.040Z,"113 km N of Yakutat, Alaska",earthquake,3.25,1.977,0.041,78,reviewed,us,us
2026-09-11T22:32:23.530Z,-45.7364,-75.8244,10,4.9,mb,42,161,1.73,0.81,us,us7000tguq,2026-10-04T21:35:46.040Z,"236 km W of Puerto Chacabuco, Chile",earthquake,8.19,1.934,0.11,26,reviewed,us,us
2026-09-11T21:41:00.156Z,51.083,-178.386,14.6,2.6,ml,29,224,0.5,0.6,ak,aka2026sayxvo,2026-09-15T02:24:13.250Z,"150 km SW of Adak, Alaska",earthquake,6.1,2.3905,0.1,18,reviewed,ak,ak
2026-09-11T21:31:39.888Z,14.3745,-92.9782,35,4,mb,20,189,2.063,0.74,us,us7000tgrn,2026-10-04T21:32:27.040Z,"71 km WSW of Puerto Madero, Mexico",earthquake,5.85,1.992,0.119,19,reviewed,us,us
2026-09-11T21:23:55.815Z,-5.0271,106.8682,372,6.5,mww,117,23,5.513,0.8,us,us7000tgrk,2026-10-04T21:37:30.912Z,"121 km NNE of Teluknaga, Indonesia",earthquake,8.88,1.944,0.043,51,reviewed,us,us
2026-09-11T20:56:40.713Z,18.9589,-73.2613,10,4.2,mb,24,66,1.517,0.82,us,us7000tgrb,2026-10-06T21:30:57.040Z,"43 km WNW of Anse à Galets, Haiti",earthquake,4.61,1.975,0.186,9,reviewed,us,us
2026-09-11T20:38:14.800Z,40.393833333333,-125.44416666667,10,2.65,md,58,272,0.8485,0.3,nc,nc75433852,2026-10-06T21:02:05.040Z,"99 km W of Petrolia, CA",earthquake,1.26,31.61,0.305,37,reviewed,nc,nc
2026-09-11T19:48:41.094Z,56.305,-152.782,20.1,2.5,ml,19,277,0.8,0.8,ak,aka2026savely,2026-10-06T20:47:38.040Z,"104 km SSE of Old Harbor, Alaska",earthquake,7.9,4.9376,0.1,12,reviewed,ak,ak
2026-09-11T19:43:02.476Z,-7.2062,109.963,10,4.4,mb,24,52,2.362,0.74,us,us7000ti3h,2026-10-06T20:46:30.040Z,"18 km NNE of Wonosobo, Indonesia",earthquake,9.16,1.894,0.12,20,reviewed,us,us
2026-09-11T19:41:36.742Z,56.155,-152.768,13.1,2.6,ml,22,255,0.9,0.4,ak,aka2026sauylw,2026-10-06T20:35:19.040Z,"121 km SSE of Old Harbor, Alaska",earthquake,21.3,10.2952,0.1,18,reviewed,ak,ak
2026-09-11T19:17:06.508Z,56.294,-152.967,22.7,3.2,ml,31,274,0.7,0.6,ak,aka2026saudea,2026-10-06T19:17:48.040Z,"103 km SSE of Old Harbor, Alaska",earthquake,7.8,4.6637,0.1,25,reviewed,ak,ak
2026-09-11T19:16:38.016Z,51.5,178.715,12.4,2.6,ml,17,236,0.4,0.5,ak,aka2026saucqu,2026-09-15T00:11:48.779Z,"Rat Islands, Aleutian Islands, Alaska",earthquake,6.6,2.5577,0.2,12,reviewed,ak,ak
2026-09-11T19:14:24.120Z,53.8992,-156.944,10,3.3,ml,64,210,2.549,0.7,us,us7000tgrg,2026-10-06T19:15:53.040Z,"264 km SSE of Perryville, Alaska",earthquake,7.97,2.012,0.091,16,reviewed,us,us
2026-09-11T19:12:29.243Z,51.02,-179.523,9.3,2.6,ml,23,231,0.7,0.5,ak,aka2026satzbf,2026-09-15T00:10:12.019Z,"222 km WSW of Adak, Alaska",earthquake,6.8,2.4565,0.2,15,reviewed,ak,ak
2026-09-11T18:59:48.359Z,12.9557,143.3537,200.212,4.4,mb,54,98,1.604,0.54,us,us7000tgqf,2026-09-24T16:07:41.040Z,"146 km WSW of Merizo Village, Guam",earthquake,11.56,5.016,0.068,63,reviewed,us,us
2026-09-11T18:53:29.398Z,40.0877,143.2113,22.504,4.5,mb,35,142,1.782,0.6,us,us7000tgqb,2026-09-21T16:15:13.040Z,"118 km E of Noda, Japan",earthquake,10.21,6.565,0.102,28,reviewed,us,us
2026-09-11T18:36:06.644Z,51.266,179.845,17.2,2.7,ml,20,215,0.4,0.3,ak,aka2026sastng,2026-09-15T00:03:29.624Z,"253 km WSW of Adak, Alaska",earthquake,5.7,3.1775,0.1,12,reviewed,ak,ak
2026-09-11T18:24:59.077Z,52.1985,-169.4789,35,3.1,ml,27,217,0.608,0.73,us,us7000thib,2026-09-19T17:25:35.040Z,"92 km SSW of Nikolski, Alaska",earthquake,6.05,2.017,0.085,18,reviewed,us,us
2026-09-11T18:11:04.685Z,-32.6963,-179.0913,10,4.3,mb,20,250,5.302,0.67,us,us7000ti3f,2026-09-21T15:11:24.040Z,"south of the Kermadec Islands",earthquake,15.16,2.002,0.138,15,reviewed,us,us
2026-09-11T18:09:36.744Z,51.136,-178.438,20.7,2.5,ml,23,220,0.5,0.6,ak,aka2026sarwnb,2026-09-14T23:47:28.398Z,"149 km SW of Adak, Alaska",earthquake,7,3.7147,0.2,15,reviewed,ak,ak
2026-09-11T18:05:56.263Z,54.5969,-162.5882,63.239,3,ml,32,195,0.547,0.39,us,us7000thi8,2026-09-19T17:18:03.040Z,"54 km SSW of King Cove, Alaska",earthquake,3.79,9.24,0.077,22,reviewed,us,us
2026-09-11T17:56:20.857Z,26.3399,96.4986,124.164,4.1,mb,41,111,5.312,0.61,us,us7000tgq0,2026-09-24T16:04:10.040Z,"34 km WNW of Sarupathar, India",earthquake,10.45,8.224,0.097,29,reviewed,us,us
2026-09-11T17:40:20.835Z,18.5359,146.3923,80.681,4.2,mb,26,146,3.333,0.44,us,us7000ti3d,2026-09-19T18:22:11.040Z,"Pagan region, Northern Mariana Islands",earthquake,14.23,9.332,0.118,21,reviewed,us,us
2026-09-11T17:19:04.297Z,13.9424,144.5609,186.479,4.2,mb,27,96,0.461,0.42,us,us7000ti3b,2026-09-19T17:59:35.040Z,"54 km NNW of Asan-Maina Village, Guam",earthquake,11,6.394,0.115,21,reviewed,us,us
2026-09-11T16:42:31.376Z,4.4626,-76.8003,68.328,4.7,mb,49,90,2.133,1.3,us,us7000tgpu,2026-09-18T21:25:24.094Z,"27 km SW of Sipí, Colombia",earthquake,5.32,7.327,0.063,76,reviewed,us,us
2026-09-11T16:10:55.267Z,52.103,-169.296,13.6,2.6,ml,15,292,0.7,0.3,ak,aka2026sanxpy,2026-09-14T23:30:57.629Z,"97 km SSW of Nikolski, Alaska",earthquake,20.5,8.902,0.1,12,reviewed,ak,ak
2026-09-11T15:58:12.550Z,19.201333333333,-155.37383333333,30.7,2.58,ml,53,163,0.04236,0.13,hv,hv75033287,2026-09-18T21:22:14.040Z,"11 km E of Pāhala, Hawaii",earthquake,0.37,0.43,0.20354859680555,40,reviewed,hv,hv
2026-09-11T15:44:35.533Z,-32.5696,-178.8259,35,4.9,mb,32,80,3.402,1.13,us,us7000tgpd,2026-09-18T21:13:10.040Z,"south of the Kermadec Islands",earthquake,10.96,1.881,0.104,29,reviewed,us,us
2026-09-11T14:14:05.132Z,51.1235,-178.3941,35,2.5,ml,17,214,0.505,0.47,us,us7000thi0,2026-10-05T14:04:55.040Z,"148 km SW of Adak, Alaska",earthquake,4.07,2.012,0.097,14,reviewed,us,us
2026-09-11T14:12:20.980Z,51.7983,-177.5911,100.395,2.5,ml,17,153,0.14,0.3,us,us7000thhz,2026-10-05T14:02:53.040Z,"66 km W of Adak, Alaska",earthquake,10.98,5.38,0.097,14,reviewed,us,us
2026-09-11T14:05:59.070Z,51.597,-179.123,87.8,2.6,ml,19,156,0.2,0.5,ak,aka2026sajtlg,2026-09-11T16:32:09.362Z,"174 km W of Adak, Alaska",earthquake,14.8,3.8765,0.2,12,reviewed,ak,ak
2026-09-11T13:21:15.827Z,-20.0581,169.2953,112.609,4.1,mb,15,260,3.071,1.16,us,us7000ti37,2026-09-18T20:54:45.040Z,"57 km S of Isangel, Vanuatu",earthquake,9.44,13.155,0.157,11,reviewed,us,us
2026-09-11T13:05:31.504Z,50.973,-179.367,16.9,2.8,ml,27,233,0.9,0.6,ak,aka2026sahsvm,2026-09-14T22:50:52.652Z,"214 km WSW of Adak, Alaska",earthquake,5.2,5.6089,0.1,18,reviewed,ak,ak
2026-09-11T12:06:40.048Z,51.134,-178.486,34.6,2.5,ml,14,225,0.5,0.4,ak,aka2026saftvo,2026-09-14T22:29:06.720Z,"152 km WSW of Adak, Alaska",earthquake,9.8,8.0511,0.2,7,reviewed,ak,ak
2026-09-11T11:56:23.356Z,-7.3079,128.9589,115,5.9,mww,104,38,5.902,0.96,us,us7000tgl2,2026-10-06T17:59:31.666Z,"254 km ENE of Lospalos, Timor Leste",earthquake,8.95,1.936,0.053,34,reviewed,us,us
2026-09-11T11:40:39.267Z,51.056,-178.4,17.2,2.5,ml,12,226,0.6,0.4,ak,aka2026saexhu,2026-09-11T16:27:55.611Z,"152 km SW of Adak, Alaska",earthquake,7.9,4.2339,0.1,8,reviewed,ak,ak
2026-09-11T11:40:29.420Z,19.2515,-65.395833333333,20.23,3.41,md,8,252,0.9451,0.12,pr,pr71531333,2026-09-11T12:30:09.460Z,"102 km NNE of Vieques, Puerto Rico",earthquake,1.11,13.27,0.056920680446087,7,reviewed,pr,pr
2026-09-11T11:13:35.360Z,51.112,-178.435,30.1,2.5,ml,15,223,0.5,0.4,ak,aka2026sadzve,2026-09-14T22:20:51.914Z,"151 km SW of Adak, Alaska",earthquake,9.2,6.8358,0.1,7,reviewed,ak,ak
2026-09-11T11:11:32.970Z,51.194,-178.258,24,2.5,ml,18,256,0.5,0.5,ak,aka2026sadydv,2026-09-11T16:25:32.852Z,"135 km SW of Adak, Alaska",earthquake,9.7,5.9942,0.1,12,reviewed,ak,ak
2026-09-11T11:07:17.906Z,51.072,-178.405,20.3,2.7,ml,26,218,0.5,0.5,ak,aka2026sadujz,2026-09-14T22:19:02.997Z,"151 km SW of Adak, Alaska",earthquake,6.4,3.5313,0.1,19,reviewed,ak,ak
2026-09-11T10:56:26.533Z,51.083,-178.487,20.3,3.1,ml,30,223,0.5,0.7,ak,aka2026sadkzf,2026-09-14T22:17:24.528Z,"155 km SW of Adak, Alaska",earthquake,6.3,3.2931,0.2,24,reviewed,ak,ak
2026-09-11T10:52:51.596Z,51.109,-178.434,13.8,4.3,ml,44,216,0.5,0.9,ak,aka2026sadhvu,2026-09-11T16:04:19.670Z,"151 km SW of Adak, Alaska",earthquake,4.8,1.8197,0.1,32,reviewed,ak,ak
2026-09-11T10:51:55.195Z,51.087,-178.438,18.8,3.1,ml,24,223,0.5,0.7,ak,aka2026sadhaz,2026-09-11T15:56:11.659Z,"152 km SW of Adak, Alaska",earthquake,5.6,3.021,0.1,11,reviewed,ak,ak
2026-09-11T10:47:12.613Z,51.213,-178.5429,40.892,5.3,mb,107,127,0.381,1.11,us,us7000tgky,2026-10-06T10:57:14.504Z,"151 km WSW of Adak, Alaska",earthquake,5.05,4.591,0.024,600,reviewed,us,us
2026-09-11T10:19:23.350Z,34.909333333333,-117.99216666667,8.28,2.62,ml,86,46,0.0282,0.16,ci,ci41544704,2026-09-11T22:37:13.760Z,"6 km W of Edwards Air Force Base, CA",earthquake,0.11,0.39,0.22967976282988,26,reviewed,ci,ci
2026-09-11T09:45:47.960Z,50.907,-179.555,1.9,2.9,ml,22,241,0.9,0.3,ak,aka2026sabbsg,2026-09-14T22:10:21.636Z,"230 km WSW of Adak, Alaska",earthquake,9,5.3455,0.1,15,reviewed,ak,ak
2026-09-11T08:59:58.609Z,79.5726,5.088,10,4.5,mb,17,111,1.446,0.6,us,us7000tgkg,2026-09-24T11:40:57.040Z,"271 km WNW of Longyearbyen, Svalbard and Jan Mayen",earthquake,11.15,1.286,0.156,12,reviewed,us,us
2026-09-11T08:58:08.788Z,-18.7044,-175.5055,208.177,4.6,mb,46,85,5.294,0.48,us,us7000tgke,2026-10-07T07:41:39.040Z,"160 km W of Neiafu, Tonga",earthquake,12.98,7.97,0.059,85,reviewed,us,us
2026-09-11T08:43:53.802Z,50.756,-174.757,3.1,2.9,ml,18,283,1.4,0.4,ak,aka2026rzzaax,2026-09-14T21:59:41.185Z,"164 km SSW of Atka, Alaska",earthquake,12.4,9.1406,0.1,13,reviewed,ak,ak
2026-09-11T08:39:27.147Z,53.9111,-163.0354,35,2.5,ml,16,247,0.844,0.97,us,us7000thh9,2026-09-23T06:20:43.040Z,"107 km SSE of False Pass, Alaska",earthquake,4.47,2.02,0.115,10,reviewed,us,us
2026-09-11T08:26:44.458Z,25.8297,-45.2283,10,4.3,mb,15,142,33.19,0.9,us,us7000th5m,2026-10-07T08:32:27.040Z,"northern Mid-Atlantic Ridge",earthquake,15.5,1.949,0.154,12,reviewed,us,us
2026-09-11T08:12:14.440Z,19.3271,-65.2708,90,3.75,md,19,260,1.0196,0.49,pr,pr2026254000,2026-09-23T06:14:33.040Z,"113 km N of Culebra, Puerto Rico",earthquake,4.87,7.45,0.08,17,reviewed,pr,pr
2026-09-11T07:42:30.979Z,53.9229,-163.0085,9.007,2.8,ml,24,224,0.842,0.52,us,us7000thh5,2026-09-23T05:37:59.040Z,"106 km SSE of False Pass, Alaska",earthquake,3.58,7.701,0.091,16,reviewed,us,us
2026-09-11T07:31:46.340Z,54.0611,-163.1545,50.317,4.5,mb,58,151,0.679,0.58,us,us7000tgk1,2026-10-03T11:22:33.040Z,"89 km S of False Pass, Alaska",earthquake,4.75,7.811,0.049,119,reviewed,us,us
2026-09-11T07:29:54.951Z,51.998,-169.362,18.7,2.7,ml,19,293,0.8,0.5,ak,aka2026rzwnza,2026-09-14T21:15:00.631Z,"110 km SSW of Nikolski, Alaska",earthquake,17.9,12.6254,0.2,14,reviewed,ak,ak
2026-09-11T07:24:10.695Z,-0.2586,123.6096,154.914,4.3,mb,19,156,6.096,0.66,us,us7000tgk0,2026-09-20T08:12:01.040Z,"107 km SE of Gorontalo, Indonesia",earthquake,10.07,10.584,0.133,16,reviewed,us,us
2026-09-11T07:23:56.688Z,51.974,-169.311,17.7,2.7,ml,15,296,0.9,0.4,ak,aka2026rzwirm,2026-09-14T20:54:07.265Z,"111 km SSW of Nikolski, Alaska",earthquake,17.4,11.827,0.1,13,reviewed,ak,ak
2026-09-11T07:10:22.460Z,62.17,-147.835,27.2,4,ml,199,13,0.4,1,ak,aka2026rzvwxv,2026-09-20T08:08:24.040Z,"41 km NNW of Glacier View, Alaska",earthquake,1.4,1.7997,0.2,141,reviewed,ak,ak
2026-09-11T07:06:53.286Z,69.51,-144.216,4.3,2.5,ml,31,103,0.2,0.8,ak,aka2026rzvtzq,2026-09-20T07:25:55.040Z,"73 km SSW of Kaktovik, Alaska",earthquake,6,4.2524,0.2,21,reviewed,ak,ak
2026-09-11T07:04:54.348Z,-19.686,-69.3914,100.893,4,mb,17,95,0.187,0.9,us,us7000tgjw,2026-09-20T07:22:47.040Z,"41 km S of Camiña, Chile",earthquake,5.76,6.48,0.183,8,reviewed,us,us
2026-09-11T06:21:23.160Z,52.2202,-169.1422,10,2.8,ml,20,221,0.669,0.74,us,us7000thgt,2026-10-07T12:11:36.040Z,"82 km SSW of Nikolski, Alaska",earthquake,2.95,1.864,0.091,16,reviewed,us,us
2026-09-11T05:44:35.710Z,13.9298,-92.9367,10,4.2,mb,39,194,2.463,0.84,us,us7000tgjp,2026-09-11T07:25:16.040Z,"102 km SW of Brisas Barra de Suchiate, Mexico",earthquake,8.88,1.979,0.067,63,reviewed,us,us
2026-09-11T05:41:43.505Z,51.4728,-178.3759,8.65,2.8,ml,19,194,0.285,0.53,us,us7000th3g,2026-09-14T20:43:36.195Z,"128 km WSW of Adak, Alaska",earthquake,1.84,8.255,0.085,18,reviewed,us,us
2026-09-11T05:30:41.548Z,56.415,-148.8107,10,2.8,ml,21,262,2.473,0.41,us,us7000thgr,2026-10-07T12:01:59.040Z,"249 km ESE of Chiniak, Alaska",earthquake,10.36,2.023,0.069,28,reviewed,us,us
2026-09-11T04:42:24.912Z,-32.5866,-71.9912,26.338,4.3,mb,29,186,0.522,0.9,us,us7000tgja,2026-10-06T01:50:16.040Z,"60 km NW of Valparaíso, Chile",earthquake,3.04,5.462,0.154,12,reviewed,us,us
2026-09-11T04:25:04.268Z,-38.9372,175.2339,19.536,4.1,mb,25,81,0.415,0.99,us,us7000tgj6,2026-10-06T01:56:41.040Z,"50 km W of Turangi, New Zealand",earthquake,2.32,4.382,0.303,3,reviewed,us,us
2026-09-11T04:13:09.545Z,53.154,-165.02,25.2,2.5,ml,22,239,1,0.6,ak,aka2026rzpzhx,2026-09-14T20:12:00.630Z,"119 km SSE of Akutan, Alaska",earthquake,10.9,12.2701,0.1,18,reviewed,ak,ak
2026-09-11T04:09:40.299Z,5.7424,125.4567,14.157,4.4,mb,24,131,1.324,0.57,us,us7000ti2v,2026-10-06T02:30:14.040Z,"5 km WNW of Kalbay, Philippines",earthquake,13.1,4.913,0.13,17,reviewed,us,us
2026-09-11T04:02:15.456Z,50.5381,-175.6039,10,2.7,ml,17,258,1.418,1.02,us,us7000thgg,2026-10-06T02:33:56.040Z,"165 km SSE of Adak, Alaska",earthquake,4.94,2.007,0.105,12,reviewed,us,us
2026-09-11T03:55:39.582Z,53.0966,-163.4212,10,2.8,ml,21,230,1.542,0.65,us,us7000thgf,2026-10-06T02:37:11.040Z,"193 km SE of Akutan, Alaska",earthquake,5.09,2.013,0.097,14,reviewed,us,us
2026-09-11T02:56:38.814Z,58.991,-152.598,58,2.9,ml,115,86,0.4,0.7,ak,aka2026rznkxu,2026-10-06T02:52:22.040Z,"56 km SW of Nanwalek, Alaska",earthquake,2.4,2.4486,0.1,85,reviewed,ak,ak
2026-09-11T02:53:38.191Z,52.1568,-169.2225,10,3.3,ml,27,222,0.701,0.58,us,us7000thg8,2026-10-06T03:00:38.040Z,"90 km SSW of Nikolski, Alaska",earthquake,4.12,1.978,0.085,18,reviewed,us,us
2026-09-11T02:48:30.915Z,51.3356,-177.4617,35,2.6,ml,18,219,0.449,0.28,us,us7000thg7,2026-10-06T03:04:04.040Z,"82 km SW of Adak, Alaska",earthquake,3.78,1.939,0.097,14,reviewed,us,us
2026-09-11T02:28:10.598Z,-18.8482,169.4767,9.835,4.7,mb,25,191,4.2,0.72,us,us7000tgij,2026-10-06T03:08:10.040Z,"79 km NNE of Isangel, Vanuatu",earthquake,12.04,5.965,0.12,21,reviewed,us,us
2026-09-11T02:18:09.281Z,51.15,-177.462,29.1,2.5,ml,12,259,0.6,0.3,ak,aka2026rzmdox,2026-09-14T19:28:08.122Z,"98 km SW of Adak, Alaska",earthquake,12.2,5.2678,0.1,7,reviewed,ak,ak
2026-09-11T00:53:49.025Z,-0.4457,120.3067,10,4.4,mb,23,132,4.572,1.24,us,us7000tgi9,2026-10-04T21:12:39.040Z,"70 km NE of Palu, Indonesia",earthquake,11.14,1.924,0.123,19,reviewed,us,us
2026-09-10T23:54:11.232Z,55.0028,-162.8593,79.626,2.6,ml,18,160,0.193,0.84,us,us7000th46,2026-10-04T04:08:03.040Z,"22 km SSW of Cold Bay, Alaska",earthquake,5.66,4.111,0.105,12,reviewed,us,us
2026-09-10T23:27:08.295Z,54.24,-159.901,25.6,2.5,ml,18,256,1.5,0.5,ak,aka2026rzglii,2026-09-13T06:29:21.432Z,"127 km SSE of Sand Point, Alaska",earthquake,21.9,21.5889,0.1,14,reviewed,ak,ak
2026-09-10T23:03:10.729Z,65.211,-166.721,5,4,ml,48,205,0.9,1,ak,aka2026rzfqpv,2026-10-04T04:04:38.040Z,"8 km SE of Port Clarence, Alaska",earthquake,7.4,3.528,0.1,28,reviewed,ak,ak
2026-09-10T22:54:12.391Z,-13.4005,166.4529,15.15,4.9,mb,38,155,7.406,0.76,us,us7000tghk,2026-10-04T21:08:09.040Z,"130 km WNW of Sola, Vanuatu",earthquake,12,3.801,0.106,28,reviewed,us,us
2026-09-10T22:26:46.790Z,40.764166666667,-124.33033333333,26.62,2.45,md,44,187,0.1179,0.16,nc,nc75433362,2026-10-05T04:46:03.040Z,"12 km W of Bayview, CA",earthquake,0.53,0.89,0.167,35,reviewed,nc,nc
2026-09-10T21:53:51.807Z,26.51,104.296,10,4.3,mb,12,168,9.033,0.83,us,us7000thw0,2026-09-28T04:43:52.040Z,"38 km S of Weining, China",earthquake,15.17,1.924,0.201,7,reviewed,us,us
2026-09-10T21:38:54.561Z,53.7887,-161.9116,10,2.7,ml,15,233,1.338,1.04,us,us7000th49,2026-10-04T03:42:46.040Z,"144 km S of King Cove, Alaska",earthquake,2.92,2.013,0.105,12,reviewed,us,us
2026-09-10T21:25:18.880Z,63.252,-150.504,126.1,2.7,ml,77,33,0.7,0.7,ak,aka2026rzcjwo,2026-10-04T03:40:39.040Z,"68 km ESE of Denali National Park, Alaska",earthquake,2.2,2.4808,0.3,55,reviewed,ak,ak
2026-09-10T21:14:02.367Z,51.7173,178.598,97.665,4,mb,36,164,0.216,0.69,us,us7000tghu,2026-10-04T03:33:20.040Z,"Rat Islands, Aleutian Islands, Alaska",earthquake,6.43,5.188,0.119,19,reviewed,us,us
2026-09-10T20:46:22.746Z,-24.6675,-175.3398,10,4.9,mb,22,209,5.111,0.53,us,us7000tgg8,2026-09-27T16:00:14.040Z,"south of Tonga",earthquake,12.46,1.884,0.149,14,reviewed,us,us
2026-09-10T20:36:38.560Z,38.860833333333,-122.829,0.9,2.99,md,72,46,0.007581,0.05,nc,nc75433297,2026-09-22T10:47:34.192Z,"10 km WNW of Cobb, CA",earthquake,0.09,0.12,0.22,64,reviewed,nc,nc
2026-09-10T20:36:17.200Z,38.8575,-122.83033333333,1.56,2.84,md,89,29,0.006147,0.09,nc,nc75433302,2026-09-22T09:37:23.697Z,"10 km WNW of Cobb, CA",earthquake,0.09,0.14,0.199,69,reviewed,nc,nc
2026-09-10T19:55:35.690Z,-5.5451,154.2701,141.149,4.5,mb,32,123,2.493,0.42,us,us7000thvy,2026-09-27T15:56:55.040Z,"159 km WNW of Panguna, Papua New Guinea",earthquake,12.54,7.843,0.115,22,reviewed,us,us
2026-09-10T18:57:11.977Z,36.8038,74.3388,61.034,4.1,mb,21,97,2.107,0.97,us,us7000thvx,2026-09-24T16:50:50.040Z,"62 km NNW of Barishal, Pakistan",earthquake,7.49,11.811,0.233,5,reviewed,us,us
2026-09-10T18:44:40.075Z,-8.5223,127.729,10,5.3,mb,114,29,5.443,0.76,us,us7000tgf2,2026-09-24T16:12:57.367Z,"80 km E of Lospalos, Timor Leste",earthquake,8.45,1.711,0.056,107,reviewed,us,us
2026-09-10T18:21:19.077Z,-34.7752,-109.1447,10,5.4,mww,96,48,20.538,0.54,us,us7000tgey,2026-09-24T15:39:40.681Z,"southern East Pacific Rise",earthquake,12.36,1.795,0.086,13,reviewed,us,us
2026-09-10T18:08:47.970Z,33.2456,35.3376,10,4.1,mb,20,131,1.183,1.07,us,us7000tgev,2026-09-24T15:18:39.668Z,"13 km ESE of Tyre, Lebanon",earthquake,4.11,1.876,0.15,14,reviewed,us,us
2026-09-10T18:04:04.276Z,9.1718,-84.1473,35,4.6,mb,77,69,0.826,0.91,us,us7000tget,2026-09-23T21:51:50.499Z,"28 km S of Quepos, Costa Rica",earthquake,6.29,1.804,0.056,94,reviewed,us,us
2026-09-10T17:54:22.881Z,-34.8042,-108.9866,10,4.4,mb,14,107,31.882,0.43,us,us7000thvw,2026-09-23T20:47:46.040Z,"southern East Pacific Rise",earthquake,11.36,1.86,0.17,10,reviewed,us,us
2026-09-10T16:55:18.390Z,53.452,-163.1759,35,2.9,ml,31,225,1.241,0.55,us,us7000thas,2026-10-05T13:58:31.040Z,"156 km S of False Pass, Alaska",earthquake,6.59,2.02,0.097,14,reviewed,us,us
2026-09-10T16:53:33.841Z,27.1446,103.0297,10,4.7,mb,51,91,7.301,0.49,us,us7000tgel,2026-09-18T20:26:25.577Z,"70 km WSW of Zhaotong, China",earthquake,10.54,1.887,0.08,48,reviewed,us,us
2026-09-10T16:19:58.771Z,52.3473,-169.3437,35,2.7,ml,14,221,0.497,1.12,us,us7000thaq,2026-10-05T13:57:09.040Z,"73 km SSW of Nikolski, Alaska",earthquake,5.15,2.019,0.115,10,reviewed,us,us
2026-09-10T16:08:52.630Z,18.836333333333,-64.8395,75.6,2.89,md,4,270,0.4632,0.07,pr,pr71531293,2026-09-10T16:30:45.350Z,"55 km N of Charlotte Amalie, U.S. Virgin Islands",earthquake,7.63,5.37,0.050999834626182,3,reviewed,pr,pr
2026-09-10T15:25:34.644Z,56.252,-156.545,23,2.6,ml,39,123,0.7,0.7,ak,aka2026ryqjte,2026-10-05T13:51:23.040Z,"115 km E of Chignik, Alaska",earthquake,3.7,3.6651,0.2,29,reviewed,ak,ak
2026-09-10T14:50:21.006Z,51.7001,179.9549,88.982,2.6,ml,18,131,0.267,0.21,us,us7000tge6,2026-10-05T13:49:53.040Z,"236 km W of Adak, Alaska",earthquake,2.64,5.422,0.097,14,reviewed,us,us
2026-09-10T14:36:04.510Z,52.039,-168.741,22.3,2.6,ml,12,297,0.9,0.2,ak,aka2026ryoswn,2026-09-13T07:21:08.500Z,"100 km S of Nikolski, Alaska",earthquake,9.7,7.2121,0.2,10,reviewed,ak,ak
2026-09-10T14:15:53.168Z,1.6184,-90.6441,10,4.7,mb,28,156,2.305,0.93,us,us7000tgkb,2026-09-18T19:46:57.040Z,"263 km N of Puerto Ayora, Ecuador",earthquake,13.04,1.956,0.102,29,reviewed,us,us
2026-09-10T13:47:27.603Z,51.581,-174.4688,10,2.8,ml,14,257,0.644,0.43,us,us7000th44,2026-10-05T13:47:55.040Z,"70 km SSW of Atka, Alaska",earthquake,3.58,2.003,0.115,10,reviewed,us,us
2026-09-10T13:41:18.740Z,2.7051,128.5296,242.1,4.2,mb,30,81,4.482,1.08,us,us7000thvr,2026-09-18T19:42:43.040Z,"122 km NNE of Tobelo, Indonesia",earthquake,11.81,8.535,0.136,23,reviewed,us,us
2026-09-10T13:38:17.656Z,1.5749,-90.624,10,4.4,mb,13,158,2.259,1,us,us7000tgbc,2026-09-18T19:36:49.040Z,"258 km N of Puerto Ayora, Ecuador",earthquake,15.61,1.936,0.162,11,reviewed,us,us
2026-09-10T13:35:05.103Z,11.945,143.9047,10,4.7,mb,23,111,1.885,1.21,us,us7000thvq,2026-09-19T09:11:34.188Z,"168 km SSW of Merizo Village, Guam",earthquake,7.51,1.923,0.133,17,reviewed,us,us
2026-09-10T13:29:03.836Z,14.1688,-92.9951,10,4.5,mb,35,210,2.258,0.92,us,us7000tgb4,2026-09-18T18:40:43.040Z,"86 km SW of Puerto Madero, Mexico",earthquake,9.72,1.982,0.051,115,reviewed,us,us
2026-09-10T13:28:15.938Z,12.0362,143.8288,10,5.1,mww,72,46,1.847,1.13,us,us7000tgb6,2026-10-05T13:38:22.693Z,"163 km SW of Merizo Village, Guam",earthquake,8.08,1.833,0.08,15,reviewed,us,us
2026-09-10T13:09:42.708Z,-44.4799,168.3294,10,4.3,mb,20,99,0.347,0.74,us,us7000tgay,2026-10-05T13:44:19.040Z,"61 km NNW of Arthurs Point, New Zealand",earthquake,1.92,1.823,0.265,4,reviewed,us,us
2026-09-10T12:47:28.788Z,51.217,-177.842,22.7,2.5,ml,17,246,0.5,0.4,ak,aka2026rylcrn,2026-09-13T06:45:21.069Z,"111 km SW of Adak, Alaska",earthquake,8,5.0829,0.1,13,reviewed,ak,ak
2026-09-10T12:21:09.563Z,38.108,72.7522,128.984,4.3,mb,34,117,0.294,0.54,us,us7000tgac,2026-10-07T07:46:26.040Z,"106 km W of Murghob, Tajikistan",earthquake,7.22,6.303,0.123,19,reviewed,us,us
2026-09-10T12:05:53.722Z,-17.9319,-65.8794,371.07,4.8,mb,106,22,1.829,1.08,us,us7000tga8,2026-10-07T07:02:05.040Z,"38 km S of Cliza, Bolivia",earthquake,8.32,5.364,0.025,488,reviewed,us,us
2026-09-10T11:59:25.219Z,54.4371,-159.6566,35,2.7,ml,17,236,1.464,0.52,us,us7000th4u,2026-10-06T14:09:31.040Z,"113 km SSE of Sand Point, Alaska",earthquake,5.83,2.019,0.105,12,reviewed,us,us
2026-09-10T11:17:55.407Z,2.5366,128.3812,222.293,4.5,mb,22,124,4.445,0.7,us,us7000thvn,2026-10-06T13:16:37.040Z,"98 km NNE of Tobelo, Indonesia",earthquake,15.44,11.13,0.135,16,reviewed,us,us
2026-09-10T10:39:35.482Z,-3.9494,-77.4016,16.861,4.7,mb,55,102,2.367,1.27,us,us7000tg9q,2026-10-06T13:00:03.643Z,"119 km WSW of Alianza Cristiana, Peru",earthquake,6.27,4.703,0.051,115,reviewed,us,us
2026-09-10T10:22:45.899Z,52.2713,-168.942,21.016,2.6,ml,19,225,0.703,1.29,us,us7000th4q,2026-10-06T06:06:22.040Z,"74 km S of Nikolski, Alaska",earthquake,3.93,13.272,0.115,10,reviewed,us,us
2026-09-10T09:48:30.490Z,18.490333333333,-64.304833333333,58.93,3.16,md,4,347,0.09256,0.06,pr,pr71531273,2026-09-10T10:28:54.110Z,"54 km ENE of Cruz Bay, U.S. Virgin Islands",earthquake,7.16,0.56,0.11503651488081,4,reviewed,pr,pr
2026-09-10T09:42:57.330Z,28.678,-98.939,6.8297,3.1,ml,46,67,0.2,0.4,tx,tx2026rviiec,2026-10-06T06:02:02.040Z,"22 km E of Dilley, Texas",earthquake,0.96564083858799,0.67139462515247,0.1,32,reviewed,tx,tx
2026-09-10T08:59:02.576Z,57.859,-153.432,53.4,2.5,ml,47,143,0.5,0.7,ak,aka2026rydmqp,2026-09-13T06:53:17.629Z,"32 km W of Port Lions, Alaska",earthquake,4.1,4.152,0.2,36,reviewed,ak,ak
2026-09-10T08:51:32.698Z,-0.1618,125.0064,54.016,4.2,mb,22,115,7.125,1.05,us,us7000thvi,2026-10-07T08:35:23.040Z,"92 km SE of Modisi, Indonesia",earthquake,13.75,7.437,0.125,18,reviewed,us,us
2026-09-10T08:41:54.283Z,-8.4186,120.9781,10,4.3,mb,14,123,3.595,1.22,us,us7000thvj,2026-09-20T06:48:57.040Z,"60 km ENE of Ruteng, Indonesia",earthquake,8.42,1.777,0.202,7,reviewed,us,us
2026-09-10T08:26:53.928Z,9.057,-84.0167,10,5,mww,69,140,0.788,1.2,us,us7000tg98,2026-09-20T06:44:04.942Z,"44 km SSE of Quepos, Costa Rica",earthquake,4.75,1.868,0.056,31,reviewed,us,us
2026-09-10T07:27:14.276Z,2.2614,123.431,451.154,4.3,mb,16,111,5.234,0.59,us,us7000thvh,2026-09-20T06:38:48.040Z,"179 km WNW of Manado, Indonesia",earthquake,17.76,14.545,0.153,12,reviewed,us,us
2026-09-10T07:22:20.309Z,51.8743,179.5478,179.33,3.2,ml,17,90,0.075,0.34,us,us7000th3z,2026-09-20T06:31:54.040Z,"262 km W of Adak, Alaska",earthquake,8.13,4.237,0.085,18,reviewed,us,us
2026-09-10T07:06:17.132Z,56.2289,-149.7001,10,2.8,ml,17,262,2.217,0.79,us,us7000tgdx,2026-09-20T06:28:53.040Z,"219 km SE of Chiniak, Alaska",earthquake,9.72,2.022,0.077,22,reviewed,us,us
2026-09-10T06:50:25.411Z,56.8001,-148.6351,10,3,ml,29,250,2.359,0.72,us,us7000tg8x,2026-09-20T06:25:56.040Z,"238 km ESE of Chiniak, Alaska",earthquake,5.57,1.988,0.046,62,reviewed,us,us
2026-09-10T06:49:32.463Z,53.8319,-163.6853,23.999,2.7,ml,20,223,0.815,0.83,us,us7000th3y,2026-09-20T06:19:44.040Z,"115 km S of False Pass, Alaska",earthquake,6.68,16.455,0.115,10,reviewed,us,us
2026-09-10T06:42:40.227Z,-3.8999,-77.4661,10,5.3,mww,68,101,2.286,1.03,us,us7000tg8v,2026-09-20T06:17:03.861Z,"123 km WSW of Alianza Cristiana, Peru",earthquake,8.4,1.88,0.089,12,reviewed,us,us
2026-09-10T06:08:47.419Z,14.0795,-93.1652,10,4.4,mb,34,203,2.404,1,us,us7000tg8p,2026-09-20T06:09:49.040Z,"107 km SW of Puerto Madero, Mexico",earthquake,11.29,1.98,0.045,143,reviewed,us,us
2026-09-10T05:18:08.805Z,62.506,-147.742,15.8,4.2,ml,223,15,0.5,1.2,ak,aka2026rxwdbw,2026-09-20T05:59:27.040Z,"66 km WNW of Lake Louise, Alaska",earthquake,1.3,1.776,0.2,147,reviewed,ak,ak
2026-09-10T05:10:43.224Z,53.8282,-165.3843,53.337,2.6,ml,23,195,0.338,0.55,us,us7000th3t,2026-09-20T05:56:21.040Z,"42 km SE of Akutan, Alaska",earthquake,9.15,28.455,0.097,14,reviewed,us,us
2026-09-10T05:06:36.777Z,51.47,-175.74,27.3,2.5,ml,19,231,0.5,0.5,ak,aka2026rxvtbr,2026-09-13T05:55:50.095Z,"76 km SE of Adak, Alaska",earthquake,9.3,3.8101,0.1,14,reviewed,ak,ak
2026-09-10T04:41:54.917Z,-19.252,-177.5816,573.156,4.1,mb,30,90,4.005,0.75,us,us7000thve,2026-10-06T03:48:03.040Z,"Fiji region",earthquake,13.84,7.941,0.131,16,reviewed,us,us
2026-09-10T04:15:00.950Z,51.335,-179.101,55,2.5,ml,22,202,0.3,0.3,ak,aka2026rxuaii,2026-09-10T22:57:54.642Z,"181 km WSW of Adak, Alaska",earthquake,11.5,5.3795,0.2,16,reviewed,ak,ak
2026-09-10T02:53:16.795Z,-18.4365,-175.3618,228.165,4,mb,26,82,5.188,0.69,us,us7000thvc,2026-10-06T04:32:16.040Z,"147 km W of Neiafu, Tonga",earthquake,13.66,6.391,0.122,18,reviewed,us,us
2026-09-10T02:52:23.850Z,37.784833333333,-122.207,9.92,2.45,md,136,23,0.0184,0.1,nc,nc75432977,2026-10-06T05:05:10.040Z,"2 km ESE of Oakland, CA",earthquake,0.11,0.18,0.174,80,reviewed,nc,nc
2026-09-10T02:30:09.504Z,51.975,-169.126,11.2,2.5,ml,18,235,0.9,0.9,ak,aka2026rxqnnb,2026-09-10T17:51:24.534Z,"108 km S of Nikolski, Alaska",earthquake,7,4.8394,0.2,14,reviewed,ak,ak
2026-09-10T02:22:11.219Z,63.511,-151.407,5,3.6,ml,159,27,0.2,1.4,ak,aka2026rxqgmp,2026-10-06T05:20:25.040Z,"16 km ESE of Denali National Park, Alaska",earthquake,1.7,0,0.1,114,reviewed,ak,ak
2026-09-10T01:57:36.656Z,-21.004,-69.2222,119.704,4.3,mb,24,67,0.703,0.91,us,us7000tg7v,2026-10-06T05:24:56.040Z,"86 km SSE of La Tirana, Chile",earthquake,3.95,6.305,0.147,13,reviewed,us,us
2026-09-10T01:24:48.040Z,40.290833333333,-124.53183333333,20.44,3.63,mw,55,236,0.1448,0.18,nc,nc75432942,2026-10-06T05:35:22.040Z,"21 km W of Petrolia, CA",earthquake,0.6,0.24,,6,reviewed,nc,nc
2026-09-10T01:24:04.400Z,40.289333333333,-124.51633333333,20.34,3.79,mw,52,249,0.1329,0.18,nc,nc75432947,2026-10-06T05:50:55.040Z,"20 km WSW of Petrolia, CA",earthquake,0.69,0.24,,7,reviewed,nc,nc
2026-09-10T00:15:33.655Z,31.64,-104.408,6.3306,3,ml,43,72,0,0.2,tx,tx2026rupmzs,2026-10-01T05:25:38.040Z,"59 km S of Whites City, New Mexico",earthquake,1.0765383974572,0.93365403170767,0.2,33,reviewed,tx,tx
2026-09-09T23:49:31.947Z,51.569,-173.549,22.7,2.6,ml,15,217,0.8,0.8,ak,aka2026rxleei,2026-09-14T18:45:54.990Z,"82 km SSE of Atka, Alaska",earthquake,9.8,5.8388,0.2,13,reviewed,ak,ak
2026-09-09T23:26:45.256Z,51.6212,178.8551,73.394,2.6,ml,14,198,0.359,0.27,us,us7000thfr,2026-09-18T04:46:39.040Z,"Rat Islands, Aleutian Islands, Alaska",earthquake,4.19,3.613,0.097,14,reviewed,us,us
2026-09-09T23:01:22.967Z,51.8713,160.5574,10,4.4,mb,20,218,1.641,1.01,us,us7000thur,2026-09-27T01:16:11.040Z,"186 km SE of Petropavlovsk-Kamchatsky, Russia",earthquake,14.11,1.954,0.138,15,reviewed,us,us
2026-09-09T22:01:30.962Z,60.328,-151.404,66.4,2.7,ml,52,48,0.5,0.7,ak,aka2026rxhomw,2026-09-16T21:38:42.040Z,"7 km SW of Cohoe, Alaska",earthquake,2.8,2.9427,0.1,34,reviewed,ak,ak
2026-09-09T21:38:57.396Z,56.194,-156.506,69.5,2.8,ml,46,127,0.6,0.7,ak,aka2026rxguxn,2026-09-16T21:37:00.040Z,"118 km E of Chignik, Alaska",earthquake,4.1,4.8494,0.2,33,reviewed,ak,ak
2026-09-09T21:29:54.366Z,-28.559,74.3255,10,4.8,mb,38,66,13.288,0.74,us,us7000tg6g,2026-09-16T21:34:34.040Z,"Mid-Indian Ridge",earthquake,11.7,1.888,0.098,32,reviewed,us,us
2026-09-09T21:08:30.964Z,14.1582,-93.1815,35,4.3,mb,51,180,1.323,0.98,us,us7000tg67,2026-10-06T20:33:05.040Z,"102 km SW of Puerto Madero, Mexico",earthquake,6.74,1.977,0.066,66,reviewed,us,us
2026-09-09T20:21:12.084Z,-20.8661,169.8461,90.849,4.7,mb,67,102,2.828,0.93,us,us7000tg5p,2026-10-02T18:44:24.040Z,"158 km SSE of Isangel, Vanuatu",earthquake,9.26,3.267,0.07,62,reviewed,us,us
2026-09-09T20:17:34.974Z,35.5336,58.0239,10,4.4,mb,51,77,2.392,0.71,us,us7000thup,2026-10-02T18:37:15.040Z,"30 km N of Bardaskan, Iran",earthquake,7.21,1.872,0.102,28,reviewed,us,us
2026-09-09T20:17:10.315Z,38.8791,70.5965,10,4.6,mb,27,144,1.11,0.68,us,us7000tg5i,2026-10-02T18:18:57.040Z,"25 km SE of Rasht, Tajikistan",earthquake,5.33,1.893,0.116,22,reviewed,us,us
2026-09-09T20:01:54.435Z,56.347,-158.897,6.9,2.7,ml,30,104,0.2,0.6,ak,aka2026rxdoms,2026-10-02T17:57:30.040Z,"13 km NW of Chignik Lake, Alaska",earthquake,4.5,1.5999,0.2,13,reviewed,ak,ak
2026-09-09T19:29:15.706Z,-2.043,138.9476,28.867,4,mb,17,75,1.815,0.68,us,us7000thun,2026-10-02T17:52:05.040Z,"197 km WNW of Abepura, Indonesia",earthquake,11.83,5.826,0.143,17,reviewed,us,us
2026-09-09T19:26:22.523Z,28.1035,51.5562,10,4.3,mb,55,46,5.218,0.61,us,us7000tg53,2026-10-02T17:39:09.040Z,"118 km SE of Bushehr, Iran",earthquake,8.64,1.892,0.085,42,reviewed,us,us
2026-09-09T19:15:11.749Z,-19.7045,170.0126,10,4.9,mww,77,84,3.756,0.58,us,us7000tg51,2026-10-02T17:34:02.040Z,"78 km ESE of Isangel, Vanuatu",earthquake,8.59,1.794,0.098,10,reviewed,us,us
2026-09-09T19:14:23.606Z,-14.4903,170.0448,614.125,4.2,mb,112,51,8.153,0.91,us,us7000thum,2026-10-02T17:30:31.040Z,"277 km ESE of Sola, Vanuatu",earthquake,11.42,8.453,0.055,103,reviewed,us,us
2026-09-09T19:12:04.440Z,38.856333333333,-122.84983333333,2.15,2.56,md,86,29,0.0203,0.07,nc,nc75432677,2026-09-21T08:47:24.578Z,"12 km WNW of Cobb, CA",earthquake,0.1,0.13,0.191,98,reviewed,nc,nc
2026-09-09T19:01:35.180Z,18.9455,-64.585,8.82,3.1,md,14,264,0.4848,0.14,pr,pr71531248,2026-10-02T16:57:30.040Z,"71 km NNE of Cruz Bay, U.S. Virgin Islands",earthquake,1.44,2.18,0.13886148771306,7,reviewed,pr,pr
2026-09-09T18:50:43.552Z,34.8389,-108.5946,9.043,2.9,ml,28,45,0.978,0.98,us,us7000tg4q,2026-10-02T18:55:47.040Z,"21 km NNE of Fence Lake, New Mexico",earthquake,3.3,7.683,0.036,100,reviewed,us,us
2026-09-09T18:48:42.726Z,51.2296,-178.471,26.507,3,ml,37,207,0.389,0.75,us,us7000tgxa,2026-10-02T16:55:59.040Z,"146 km WSW of Adak, Alaska",earthquake,3.8,7.301,0.081,20,reviewed,us,us
2026-09-09T18:35:05.415Z,61.247,-150.659,49.6,2.9,ml,93,29,0.2,0.9,ak,aka2026rxarpv,2026-10-02T19:09:14.040Z,"25 km ENE of Beluga, Alaska",earthquake,2,3.2085,0.2,66,reviewed,ak,ak
2026-09-09T18:19:02.792Z,-20.6761,-178.1379,502.116,4.6,mb,54,114,4.632,0.63,us,us7000tg4e,2026-10-02T16:40:25.040Z,"Fiji region",earthquake,14.59,7.426,0.078,49,reviewed,us,us
2026-09-09T18:02:47.467Z,36.3609,71.4373,112.97,4.4,mb,76,59,2.12,0.63,us,us7000tg4b,2026-10-02T19:23:35.040Z,"36 km SSW of Ashkāsham, Afghanistan",earthquake,6.53,6.853,0.069,63,reviewed,us,us
2026-09-09T17:59:02.321Z,15.2793,146.3353,56.217,4.6,mb,12,192,0.527,0.82,us,us7000thuj,2026-10-02T16:07:04.040Z,"62 km E of Saipan, Northern Mariana Islands",earthquake,8.68,9.562,0.206,7,reviewed,us,us
2026-09-09T17:45:52.505Z,-8.805,123.9956,72.426,4.6,mb,17,85,1.431,1.29,us,us7000thui,2026-10-02T15:41:11.040Z,"61 km NW of Pante Makasar, Timor Leste",earthquake,27.11,17.97,0.181,9,reviewed,us,us
2026-09-09T17:37:19.696Z,49.943,-177.895,20,2.5,ml,11,327,1.8,0.6,ak,aka2026rwytlk,2026-09-10T00:07:53.443Z,"232 km SSW of Adak, Alaska",earthquake,13.1,0,0.1,8,reviewed,ak,ak
2026-09-09T17:33:50.331Z,51.3872,-176.0173,35,2.6,ml,22,223,0.534,0.73,us,us7000tgx4,2026-10-01T22:01:26.040Z,"68 km SE of Adak, Alaska",earthquake,3.64,2.01,0.091,16,reviewed,us,us
2026-09-09T17:23:07.390Z,19.048666666667,-155.38266666667,32.44,2.63,ml,50,209,0.1301,0.14,hv,hv75031627,2026-10-01T21:55:46.040Z,"19 km SSE of Pāhala, Hawaii",earthquake,0.49,0.76,0.20208455138108,33,reviewed,hv,hv
2026-09-09T17:19:34.960Z,38.856,-122.84666666667,1.41,2.47,md,88,48,0.01826,0.07,nc,nc75432492,2026-09-21T07:32:22.067Z,"11 km WNW of Cobb, CA",earthquake,0.1,0.13,0.214,83,reviewed,nc,nc
2026-09-09T17:18:45.412Z,-19.7601,170.0654,10,5.1,mww,86,50,3.745,0.68,us,us7000tg43,2026-10-01T21:19:09.040Z,"85 km ESE of Isangel, Vanuatu",earthquake,8.12,1.566,0.061,26,reviewed,us,us
2026-09-09T17:03:25.668Z,41.7682,74.7934,12.111,4,mb,19,143,0.353,1.09,us,us7000thuh,2026-10-01T21:15:23.040Z,"28 km SE of Chayek, Kyrgyzstan",earthquake,3.75,2.35,0.367,2,reviewed,us,us
2026-09-09T17:01:52.187Z,-19.8119,169.9611,10,5.2,mww,61,34,3.643,0.71,us,us7000tg3x,2026-10-01T21:02:44.040Z,"77 km ESE of Isangel, Vanuatu",earthquake,7.17,1.799,0.054,33,reviewed,us,us
2026-09-09T16:00:21.180Z,32.3229,-104.4961,3.897,2.5,ml,26,72,0.166,0.19,us,us7000tg2k,2026-09-15T14:37:24.040Z,"19 km NW of Whites City, New Mexico",earthquake,1.33,3.078,0.074,36,reviewed,us,us
2026-09-09T15:50:35.405Z,50.391,-179.323,0.7,2.6,ml,22,261,1.2,0.7,ak,aka2026rwvews,2026-09-12T05:11:40.102Z,"250 km SW of Adak, Alaska",earthquake,7.6,3.261,0.2,16,reviewed,ak,ak
2026-09-09T15:16:56.306Z,51.561,177.969,57.391,3.2,ml,17,195,0.514,0.32,us,us7000tgww,2026-09-27T15:41:42.040Z,"Rat Islands, Aleutian Islands, Alaska",earthquake,7.99,12.75,0.077,22,reviewed,us,us
2026-09-09T12:55:16.814Z,-19.8372,169.9323,10,4.4,mb,14,103,3.606,0.73,us,us7000th5j,2026-10-01T15:10:22.040Z,"75 km ESE of Isangel, Vanuatu",earthquake,10.84,1.927,0.19,8,reviewed,us,us
2026-09-09T12:39:30.286Z,51.4757,-175.5673,35,2.6,ml,24,231,0.558,0.51,us,us7000tgwj,2026-10-01T17:41:28.040Z,"86 km ESE of Adak, Alaska",earthquake,3.48,2.012,0.105,12,reviewed,us,us
2026-09-09T12:27:17.383Z,53.84,-165.7224,108.398,2.7,ml,34,188,0.271,0.22,us,us7000tgwh,2026-10-01T11:41:31.040Z,"32 km S of Akutan, Alaska",earthquake,11.72,13.13,0.091,16,reviewed,us,us
2026-09-09T12:18:18.632Z,-15.1723,-173.3756,10,4.5,mb,30,138,19.583,0.49,us,us7000tg1q,2026-10-01T15:36:53.040Z,"97 km NNE of Hihifo, Tonga",earthquake,17.28,1.902,0.113,23,reviewed,us,us
2026-09-09T12:09:05.120Z,36.153333333333,-118.2765,7.82,2.52,ml,35,53,0.02972,0.21,ci,ci41543464,2026-09-16T11:10:37.040Z,"28 km WSW of Olancha, CA",earthquake,0.21,0.52,0.21388863667548,26,reviewed,ci,ci
2026-09-09T11:53:04.290Z,56.5532,-147.8942,10,3.3,ml,109,188,2.836,0.69,us,us7000tg1m,2026-10-01T18:23:17.040Z,"290 km ESE of Chiniak, Alaska",earthquake,7.31,2.002,0.043,70,reviewed,us,us
2026-09-09T11:46:01.543Z,-20.632,-70.5788,31.346,3.9,mwr,20,142,0.553,0.75,us,us7000tg1k,2026-10-01T06:50:04.529Z,"60 km SW of La Tirana, Chile",earthquake,4.9,5.607,0.059,28,reviewed,us,us
2026-09-09T11:12:15.206Z,-9.0233,123.7265,64.58,4.5,mb,25,100,5.606,0.67,us,us7000tg1l,2026-10-01T13:29:25.040Z,"63 km N of Naisano Dua, Indonesia",earthquake,8.34,7.57,0.136,16,reviewed,us,us
2026-09-09T10:53:22.248Z,51.8964,173.9531,10,3.9,mb,29,269,0.839,0.45,us,us7000tg2h,2026-10-01T13:06:53.040Z,"117 km SSE of Attu Station, Alaska",earthquake,8.71,2.015,0.163,10,reviewed,us,us
2026-09-09T10:51:39.030Z,34.9738,112.2721,10,4.6,mb,50,71,5.913,0.4,us,us7000tg1h,2026-10-01T16:14:23.040Z,"30 km WSW of Jiyuan, China",earthquake,9.51,1.891,0.097,32,reviewed,us,us
2026-09-09T10:38:01.945Z,-36.2377,-100.0386,10,4.5,mb,18,165,17.579,0.23,us,us7000thua,2026-10-01T18:50:06.040Z,"southeast of Easter Island",earthquake,13.69,1.897,0.131,17,reviewed,us,us
2026-09-09T10:17:50.743Z,61.586,-144.808,39.3,2.8,ml,90,33,0.1,0.9,ak,aka2026rwkcin,2026-10-01T11:47:09.040Z,"16 km SSE of Kenny Lake, Alaska",earthquake,1.9,2.2951,0.2,66,reviewed,ak,ak
2026-09-09T10:12:08.894Z,45.2076,118.2598,10,4.6,mb,49,56,4.188,0.43,us,us7000thu9,2026-10-01T17:34:25.040Z,"224 km NE of Xilin Hot, China",earthquake,6.81,1.842,0.101,29,reviewed,us,us
2026-09-09T10:06:57.769Z,-26.0568,-66.6066,10,4.9,mb,97,47,2.837,0.56,us,us7000tg12,2026-10-01T07:12:44.040Z,"62 km W of Cafayate, Argentina",earthquake,7.91,1.858,0.04,199,reviewed,us,us
2026-09-09T09:30:15.991Z,60.6197,-139.8358,5,2.7,ml,24,80,0.61,0.53,us,us7000tg0v,2026-10-01T12:10:22.040Z,"119 km N of Yakutat, Alaska",earthquake,1.78,1.98,0.043,70,reviewed,us,us
2026-09-09T09:24:20.989Z,50.094,-177.082,28.5,2.6,ml,20,273,1.7,0.4,ak,aka2026rwiicl,2026-09-11T22:33:52.426Z,"200 km S of Adak, Alaska",earthquake,15,15.7027,0.2,15,reviewed,ak,ak
2026-09-09T08:33:17.696Z,-18.3639,-177.6354,515.428,4.4,mb,32,89,3.419,0.97,us,us7000tg0q,2026-09-28T15:30:31.040Z,"Fiji region",earthquake,12.5,10.3,0.105,29,reviewed,us,us
2026-09-09T07:54:27.789Z,-6.8302,129.7347,175.023,4.3,mb,18,100,6.132,0.87,us,us7000tg0i,2026-09-28T15:05:23.040Z,"Banda Sea",earthquake,13.48,8.994,0.16,15,reviewed,us,us
2026-09-09T07:22:20.867Z,61.027,-151.39,77.7,2.6,ml,61,24,0.3,0.7,ak,aka2026rwegeu,2026-09-11T20:42:55.624Z,"14 km WSW of Tyonek, Alaska",earthquake,2.4,2.0052,0.2,47,reviewed,ak,ak
2026-09-09T07:07:02.446Z,3.9944,125.0457,10,5,mb,52,109,3.101,1.11,us,us7000tg06,2026-09-28T14:26:54.040Z,"162 km SSW of Sarangani, Philippines",earthquake,11.16,1.773,0.07,65,reviewed,us,us
2026-09-09T05:33:14.170Z,17.611,-67.659833333333,16.09,3.34,md,20,230,0.6553,0.21,pr,pr71531233,2026-09-09T06:31:47.790Z,"64 km SW of Pole Ojea, Puerto Rico",earthquake,1.4,2.82,0.057936935691501,16,reviewed,pr,pr
2026-09-09T04:57:33.280Z,38.516166666667,-112.89866666667,2.33,2.47,ml,30,47,0.005986,0.15,uu,uu80155301,2026-09-20T03:20:46.040Z,"16 km NE of Milford, Utah",earthquake,0.27,0.39,0.25528076221845,19,reviewed,uu,uu
2026-09-09T04:56:53.083Z,52.423,-169.742,3.1,2.5,ml,14,217,0.4,0.4,ak,aka2026rvzkdw,2026-09-11T20:10:24.456Z,"82 km SW of Nikolski, Alaska",earthquake,9.6,4.8221,0.2,10,reviewed,ak,ak
2026-09-09T04:55:50.443Z,51.7707,178.5484,105.372,3,ml,22,224,0.162,0.31,us,us7000tgqw,2026-09-27T01:11:06.040Z,"Rat Islands, Aleutian Islands, Alaska",earthquake,7.11,4.504,0.081,20,reviewed,us,us
2026-09-09T04:31:52.185Z,51.992,-169.197,10.8,2.6,ml,14,238,0.9,0.4,ak,aka2026rvyoje,2026-09-11T19:43:18.245Z,"107 km SSW of Nikolski, Alaska",earthquake,9,5.219,0.1,9,reviewed,ak,ak
2026-09-09T04:17:34.860Z,-22.4236,-68.7204,120.236,4.2,mb,19,59,0.726,0.67,us,us7000tfzh,2026-09-27T00:20:45.040Z,"21 km E of Calama, Chile",earthquake,5.07,4.138,0.199,7,reviewed,us,us
2026-09-09T03:36:06.308Z,51.482,-179.826,78.2,2.5,ml,25,176,0.5,0.3,ak,aka2026rvwgwf,2026-09-11T19:37:52.053Z,"225 km WSW of Adak, Alaska",earthquake,11.3,3.9044,0.1,18,reviewed,ak,ak
2026-09-09T02:39:33.279Z,51.625,-175.049,36.2,2.5,ml,18,233,0.7,0.5,ak,aka2026rvuvab,2026-09-11T19:24:17.326Z,"86 km SW of Atka, Alaska",earthquake,9.3,10.8239,0.1,13,reviewed,ak,ak
2026-09-09T02:22:06.221Z,46.8141,155.8112,10,4.5,mb,20,138,6.417,0.45,us,us7000thu1,2026-09-27T00:08:59.040Z,"east of the Kuril Islands",earthquake,12.78,1.921,0.164,11,reviewed,us,us
2026-09-09T02:10:17.390Z,-56.1698,-138.8564,10,4.9,mb,22,181,28.46,1.14,us,us7000tg0w,2026-09-20T03:30:18.040Z,"Pacific-Antarctic Ridge",earthquake,17.74,1.935,0.119,22,reviewed,us,us
2026-09-09T02:06:26.017Z,-55.989,-138.9676,10,4.9,mb,22,166,28.607,0.59,us,us7000tg0y,2026-09-20T03:52:21.040Z,"Pacific-Antarctic Ridge",earthquake,17.59,1.951,0.122,21,reviewed,us,us
2026-09-09T01:53:15.663Z,-9.0824,-108.2788,10,4.5,mb,33,152,28.561,1.07,us,us7000tg0x,2026-09-20T03:45:16.040Z,"central East Pacific Rise",earthquake,15.25,1.927,0.104,27,reviewed,us,us
2026-09-09T01:10:40.034Z,52.5503,-169.6925,24.338,2.5,ml,15,210,0.237,0.54,us,us7000tgq7,2026-09-26T23:55:05.040Z,"70 km SW of Nikolski, Alaska",earthquake,6.48,11.761,0.105,12,reviewed,us,us
2026-09-09T01:04:28.107Z,-9.9366,119.6516,41.48,4.1,mb,11,149,4.891,0.89,us,us7000tfyw,2026-09-26T23:08:10.040Z,"72 km SE of Tambolaka, Indonesia",earthquake,11.8,8.806,0.175,9,reviewed,us,us
2026-09-09T00:49:26.592Z,65.567,-151.994,11.8,2.7,ml,49,37,0.4,0.9,ak,aka2026rvrdne,2026-09-16T02:24:18.040Z,"44 km N of Tanana, Alaska",earthquake,2.3,1.898,0.2,36,reviewed,ak,ak
2026-09-09T00:48:01.436Z,51.5647,-179.5808,91.444,2.6,ml,30,164,0.479,0.37,us,us7000tgq4,2026-09-16T02:19:32.040Z,"206 km W of Adak, Alaska",earthquake,8.17,7.754,0.081,20,reviewed,us,us
2026-09-09T00:23:46.936Z,52.2373,-169.4275,39.628,3.7,mb,39,178,0.579,1.11,us,us7000tfym,2026-10-06T20:41:37.040Z,"86 km SSW of Nikolski, Alaska",earthquake,6.61,12.52,0.205,6,reviewed,us,us
2026-09-09T00:23:20.524Z,-4.9415,102.9173,45.744,4.4,mb,29,145,6.123,0.5,us,us7000tfyn,2026-09-30T03:00:29.092Z,"107 km SSW of Pagar Alam, Indonesia",earthquake,11.23,7.945,0.127,19,reviewed,us,us
2026-09-09T00:22:41.282Z,52.195,-169.195,11.7,2.7,ml,18,283,0.7,0.5,ak,aka2026rvqghw,2026-09-11T18:13:23.768Z,"85 km SSW of Nikolski, Alaska",earthquake,8.6,4.8622,0.1,13,reviewed,ak,ak
2026-09-09T00:04:42.640Z,17.968166666667,-67.3285,4.43,2.55,md,9,293,0.1644,0.2,pr,pr71531213,2026-09-09T00:14:43.650Z,"15 km W of Pole Ojea, Puerto Rico",earthquake,0.91,0.41,0.081587956994592,6,reviewed,pr,pr
2026-09-08T23:41:54.930Z,65.339,-162.647,18,2.6,ml,9,67,0.9,0.4,ak,aka2026rvowzb,2026-09-24T03:19:20.845Z,"81 km NNE of White Mountain, Alaska",earthquake,8.1,14.8504,0.2,7,reviewed,ak,ak
2026-09-08T23:35:47.068Z,45.8444,149.6882,119.665,4.3,mb,30,173,6.073,0.3,us,us7000thmw,2026-09-16T01:47:59.040Z,"157 km ENE of Kuril’sk, Russia",earthquake,15.93,11.196,0.111,23,reviewed,us,us
2026-09-08T23:27:26.209Z,52.176,-169.226,13.2,2.7,ml,20,284,0.7,0.4,ak,aka2026rvokkk,2026-09-24T02:19:00.407Z,"88 km SSW of Nikolski, Alaska",earthquake,9.4,5.2482,0.1,16,reviewed,ak,ak
2026-09-08T23:23:42.258Z,16.6148,148.4607,10,4.9,mb,56,134,2.912,0.79,us,us7000tfy8,2026-09-30T02:56:53.040Z,"Mariana Islands region",earthquake,10,1.906,0.049,132,reviewed,us,us
2026-09-08T23:22:45.490Z,31.717,-101.686,6.3721,2.7,ml,44,50,0.1,0.1,tx,tx2026rsryft,2026-09-16T01:25:34.040Z,"25 km SW of Garden City, Texas",earthquake,0.4969790301972,1.2533350396167,0.2,30,reviewed,tx,tx
2026-09-08T23:17:54.251Z,52.2108,-169.1335,10,2.7,ml,24,224,0.68,0.71,us,us6000tx8b,2026-10-06T21:18:31.040Z,"83 km SSW of Nikolski, Alaska",earthquake,3.74,1.852,0.109,11,reviewed,us,us
2026-09-08T23:08:44.714Z,52.146,-169.195,6.8,2.7,ml,17,287,0.7,0.7,ak,aka2026rvnuhz,2026-09-24T02:17:06.079Z,"91 km SSW of Nikolski, Alaska",earthquake,11.6,7.034,0.1,13,reviewed,ak,ak
2026-09-08T23:04:00.895Z,52.1616,-169.1689,9.839,3.1,ml,16,284,0.712,0.65,us,us6000tx89,2026-09-30T04:18:17.040Z,"88 km SSW of Nikolski, Alaska",earthquake,3.52,8.487,0.128,8,reviewed,us,us
2026-09-08T23:02:33.439Z,52.2626,-169.3985,35,4,mb,71,178,0.561,0.92,us,us7000tfy4,2026-10-06T21:25:27.040Z,"83 km SSW of Nikolski, Alaska",earthquake,3.58,1.951,0.091,32,reviewed,us,us
2026-09-08T23:01:56.265Z,36.5452,71.2255,120.427,4.1,mb,12,138,2.029,0.82,us,us7000thmv,2026-10-06T21:38:10.040Z,"31 km WSW of Ashkāsham, Afghanistan",earthquake,8.85,11.684,0.166,10,reviewed,us,us
2026-09-08T22:46:12.321Z,55.0046,-165.0354,173.925,2.9,ml,42,132,0.446,0.35,us,us6000tx88,2026-09-30T03:51:15.040Z,"105 km W of False Pass, Alaska",earthquake,8.43,7.157,0.148,6,reviewed,us,us
2026-09-08T22:32:49.165Z,24.3809,122.4356,47.263,4.3,mwr,62,67,0.532,0.65,us,us7000tfxp,2026-09-30T02:49:26.040Z,"58 km W of Yonakuni, Japan",earthquake,4.05,5.992,0.062,25,reviewed,us,us
2026-09-08T22:15:37.015Z,42.793,145.7615,35,4.3,mb,23,151,2.079,0.88,us,us7000thmu,2026-09-15T23:33:46.040Z,"60 km SSE of Nemuro, Japan",earthquake,4.92,1.966,0.142,14,reviewed,us,us
2026-09-08T22:06:57.492Z,52.2483,-169.2576,10,2.8,ml,22,277,0.61,1,us,us6000tx86,2026-10-06T21:52:06.040Z,"81 km SSW of Nikolski, Alaska",earthquake,4.26,1.989,0.115,10,reviewed,us,us
2026-09-08T21:57:33.219Z,-17.7572,-172.2456,10,4.9,mb,40,67,2.562,0.72,us,us7000tfxg,2026-09-30T02:45:02.040Z,"208 km ENE of Neiafu, Tonga",earthquake,7.24,1.831,0.115,24,reviewed,us,us
2026-09-08T21:42:22.401Z,-8.1811,120.5204,16.325,4.6,mb,33,118,3.237,0.83,us,us7000tfxd,2026-09-15T23:19:31.040Z,"47 km N of Ruteng, Indonesia",earthquake,10.34,4.627,0.116,22,reviewed,us,us
2026-09-08T21:15:59.540Z,34.472166666667,-116.508,2.05,2.67,ml,58,58,0.1366,0.14,ci,ci41543024,2026-10-06T21:59:26.040Z,"39 km NE of Big Bear City, CA",earthquake,0.12,0.48,0.1324299640066,25,reviewed,ci,ci
2026-09-08T20:18:08.787Z,53.524,-164.605,15.3,2.5,ml,15,282,0.9,0.4,ak,aka2026rvicin,2026-09-24T02:02:49.520Z,"102 km SE of Akutan, Alaska",earthquake,9.2,9.1342,0,13,reviewed,ak,ak
2026-09-08T19:50:10.670Z,18.867166666667,-67.809166666667,92.72,3.23,md,12,182,0.6457,0.43,pr,pr71531203,2026-09-08T20:16:05.340Z,"70 km ENE of Punta Cana, Dominican Republic",earthquake,3.24,3.54,0.10096766548086,10,reviewed,pr,pr
2026-09-08T19:43:47.849Z,-3.1573,146.036,10,4,mb,13,119,1.729,0.56,us,us7000thms,2026-09-22T17:40:49.040Z,"185 km SW of Lorengau, Papua New Guinea",earthquake,13.89,1.866,0.172,9,reviewed,us,us
2026-09-08T19:09:54.709Z,53.9256,-166.6645,9.612,2.9,ml,19,127,0.044,0.48,us,us7000tg8d,2026-09-27T15:31:51.040Z,"8 km WNW of Dutch Harbor, Alaska",earthquake,1.24,2.336,0.115,10,reviewed,us,us
2026-09-08T18:59:17.475Z,50.1467,-178.4433,10,3,ml,25,260,1.428,0.64,us,us6000tx80,2026-09-27T15:18:06.040Z,"230 km SSW of Adak, Alaska",earthquake,4.8,2.018,0.085,18,reviewed,us,us
2026-09-08T18:55:51.052Z,-8.4128,158.4871,133.646,4.1,mb,14,105,1.767,0.49,us,us7000thmq,2026-09-22T16:32:06.040Z,"125 km WSW of Buala, Solomon Islands",earthquake,15.49,10.421,0.165,10,reviewed,us,us
2026-09-08T18:52:27.320Z,52.1013,-169.1513,10,2.7,ml,16,283,0.77,0.88,us,us6000tx7z,2026-09-27T15:07:55.040Z,"95 km SSW of Nikolski, Alaska",earthquake,1.99,1.972,0.115,10,reviewed,us,us
2026-09-08T18:27:09.677Z,52.2236,-169.1241,10,2.6,ml,18,275,0.672,0.98,us,us6000tx7x,2026-09-27T14:54:22.040Z,"81 km SSW of Nikolski, Alaska",earthquake,2.1,1.967,0.115,10,reviewed,us,us
2026-09-08T18:23:45.968Z,54.8439,-162.3237,115.394,2.8,ml,15,197,0.264,0.36,us,us6000tx7w,2026-09-27T14:31:33.040Z,"24 km S of King Cove, Alaska",earthquake,7.81,6.409,0.105,12,reviewed,us,us
2026-09-08T18:20:02.723Z,56.2617,-149.1963,10,3.7,ml,29,243,2.399,0.44,us,us7000tfv1,2026-09-15T14:10:29.040Z,"240 km SE of Chiniak, Alaska",earthquake,8.31,2.017,0.048,58,reviewed,us,us
2026-09-08T18:19:08.991Z,56.4566,-149.304,10,3.3,ml,20,255,2.228,0.82,us,us7000tfxt,2026-09-15T14:01:14.040Z,"221 km SE of Chiniak, Alaska",earthquake,8.44,2.015,0.115,10,reviewed,us,us
2026-09-08T18:00:08.145Z,52.2518,-169.5048,10,3.4,ml,20,221,0.552,1.13,us,us7000tfxi,2026-09-15T13:54:16.040Z,"88 km SSW of Nikolski, Alaska",earthquake,3.96,1.734,0.077,22,reviewed,us,us
2026-09-08T17:56:35.026Z,62.869,-148.328,70.8,2.7,ml,92,19,0.2,0.8,ak,aka2026rvdjld,2026-09-27T14:30:16.040Z,"66 km SSE of Cantwell, Alaska",earthquake,1.9,2.8112,0.2,66,reviewed,ak,ak
2026-09-08T17:55:48.163Z,52.0211,-169.3307,10,3.2,ml,24,225,0.804,0.51,us,us6000tx8h,2026-09-27T14:28:57.040Z,"106 km SSW of Nikolski, Alaska",earthquake,3.14,1.996,0.085,18,reviewed,us,us
2026-09-08T17:11:36.229Z,50.7723,-174.0132,10,2.6,ml,12,290,1.436,0.98,us,us6000tx56,2026-09-23T19:19:15.040Z,"158 km S of Atka, Alaska",earthquake,5.22,2.024,0.105,12,reviewed,us,us
2026-09-08T16:58:58.167Z,9.3393,69.7877,10,4.4,mb,38,58,3.4,0.68,us,us7000thmn,2026-10-01T19:46:06.040Z,"Arabian Sea",earthquake,10.21,1.898,0.109,25,reviewed,us,us
2026-09-08T16:43:04.516Z,-30.372,-177.6582,10,4.5,mb,24,173,1.147,1.09,us,us7000thmm,2026-10-01T19:30:40.040Z,"Kermadec Islands, New Zealand",earthquake,11.76,1.913,0.121,23,reviewed,us,us
2026-09-08T16:36:35.617Z,30.7916,51.4191,10,4.1,mb,29,74,6.417,0.58,us,us7000thml,2026-10-01T19:18:01.040Z,"21 km NW of Yasuj, Iran",earthquake,5.92,1.769,0.165,11,reviewed,us,us
2026-09-08T16:36:32.804Z,50.7008,-175.2867,10,2.9,ml,16,259,1.348,0.88,us,us6000tx51,2026-10-01T19:08:34.040Z,"160 km SE of Adak, Alaska",earthquake,5.66,2.01,0.091,16,reviewed,us,us
2026-09-08T16:08:34.802Z,29.2121,83.9688,10,4.9,mb,104,53,10.153,0.77,us,us7000tfur,2026-10-01T18:56:24.081Z,"91 km NNE of Chitre, Nepal",earthquake,24.44,1.997,0.047,142,reviewed,us,us
2026-09-08T15:43:57.208Z,-16.083,-173.2992,10,4.9,mb,123,69,2.612,0.48,us,us7000tfup,2026-10-01T18:50:26.040Z,"55 km ESE of Hihifo, Tonga",earthquake,9.2,1.853,0.038,213,reviewed,us,us
2026-09-08T15:36:34.825Z,-7.7172,121.0531,10,5.2,mww,96,68,2.98,0.85,us,us7000tfum,2026-10-01T18:45:39.776Z,"118 km NNE of Ruteng, Indonesia",earthquake,5.12,1.762,0.098,10,reviewed,us,us
2026-09-08T15:15:08.392Z,51.119,-179.191,20.9,2.6,ml,18,223,0.5,0.4,ak,aka2026ruxzom,2026-09-22T00:58:41.469Z,"196 km WSW of Adak, Alaska",earthquake,9.5,4.7671,0.1,12,reviewed,ak,ak
2026-09-08T14:14:14.706Z,52.2669,179.656,168.165,3.1,ml,24,168,0.271,0.44,us,us7000tj2h,2026-10-01T18:39:56.040Z,"258 km W of Adak, Alaska",earthquake,8.68,10.284,0.077,22,reviewed,us,us
2026-09-08T14:13:11.631Z,49.8648,155.7923,78.846,4.5,mb,137,78,3.46,0.51,us,us7000tfu8,2026-10-02T19:30:05.040Z,"93 km SSW of Severo-Kuril’sk, Russia",earthquake,7.89,6.497,0.049,126,reviewed,us,us
2026-09-08T14:04:10.689Z,51.5418,-173.4731,10,3,ml,25,212,0.799,0.55,us,us7000tj2f,2026-10-01T18:25:37.040Z,"88 km SE of Atka, Alaska",earthquake,5.36,1.991,0.085,18,reviewed,us,us
2026-09-08T13:48:51.494Z,54.2638,-164.3942,55.029,2.5,ml,14,198,0.237,0.48,us,us7000tj2e,2026-10-01T18:15:48.040Z,"91 km E of Akutan, Alaska",earthquake,12.83,27.288,0.128,8,reviewed,us,us
2026-09-08T13:42:08.949Z,-21.3735,-68.8062,109.016,4.7,mb,48,42,0.584,1.04,us,us7000tfty,2026-10-01T18:10:15.040Z,"59 km WSW of Ollagüe, Chile",earthquake,16.78,17.939,0.09,37,reviewed,us,us
2026-09-08T13:15:04.742Z,51.8319,-176.0589,81.6,2.7,ml,29,190,0.176,0.35,us,us7000tj2d,2026-10-01T16:50:50.040Z,"39 km E of Adak, Alaska",earthquake,8.17,7.962,0.091,16,reviewed,us,us
2026-09-08T13:06:54.334Z,51.5052,-173.335,6.218,3.1,ml,23,211,0.879,0.44,us,us7000tj2c,2026-10-01T16:45:46.040Z,"97 km SE of Atka, Alaska",earthquake,6.4,10.133,0.085,18,reviewed,us,us
2026-09-08T13:00:50.043Z,-8.1429,120.2579,10,4.1,mb,18,120,3.149,0.85,us,us7000thmj,2026-10-01T16:41:34.040Z,"56 km NE of Labuan Bajo, Indonesia",earthquake,7.49,1.831,0.165,13,reviewed,us,us
2026-09-08T12:45:07.110Z,35.325333333333,-117.80516666667,6.93,2.8,ml,49,32,0.06666,0.19,ci,ci41542768,2026-10-01T08:06:50.040Z,"16 km WSW of Johannesburg, CA",earthquake,0.16,0.48,0.18036402941698,26,reviewed,ci,ci
2026-09-08T12:25:21.038Z,51.6136,-173.4501,35,2.9,ml,20,297,0.749,0.63,us,us7000tj2b,2026-09-30T12:16:25.040Z,"82 km SE of Atka, Alaska",earthquake,4.05,2.027,0.115,10,reviewed,us,us
2026-09-08T11:51:19.507Z,-18.3792,-174.1334,86.077,5.1,mb,78,45,17.759,0.94,us,us7000tftd,2026-10-01T15:51:58.174Z,"34 km NNW of Neiafu, Tonga",earthquake,11.12,4.022,0.031,337,reviewed,us,us
2026-09-08T10:49:03.002Z,54.358,-161.6564,35,4.1,mb,74,161,0.727,0.93,us,us7000tft5,2026-10-01T16:26:41.040Z,"89 km SSE of King Cove, Alaska",earthquake,4.59,1.946,0.166,10,reviewed,us,us
2026-09-08T10:33:39.039Z,-23.3822,-68.881,101.284,4.2,mb,13,81,0.775,0.76,us,us7000tft4,2026-10-01T06:03:13.040Z,"87 km SW of San Pedro de Atacama, Chile",earthquake,5.24,8.561,0.373,2,reviewed,us,us
2026-09-08T10:07:40.670Z,51.3049,-179.9598,35,2.9,ml,30,204,0.469,0.61,us,us7000tj24,2026-10-01T17:46:15.040Z,"239 km WSW of Adak, Alaska",earthquake,2.9,1.979,0.085,18,reviewed,us,us
2026-09-08T09:37:50.104Z,64.599,-148.525,6.6,3.1,ml,87,19,0.2,1,ak,aka2026rumtco,2026-10-01T12:19:41.946Z,"27 km E of Nenana, Alaska",earthquake,1.8,1.5353,0.2,61,reviewed,ak,ak
2026-09-08T09:04:24.950Z,19.206,-155.5015,30.32,2.46,ml,52,72,0.04222,0.13,hv,hv75030812,2026-10-01T07:39:22.040Z,"2 km W of Pāhala, Hawaii",earthquake,0.47,0.52,0.23837966565581,31,reviewed,hv,hv
2026-09-08T08:45:53.764Z,36.7146,70.8066,256.562,4,mb,35,103,2.08,1.08,us,us7000tfsw,2026-09-28T14:46:06.040Z,"16 km S of Jurm, Afghanistan",earthquake,8.25,9.653,0.139,14,reviewed,us,us
2026-09-08T08:16:42.543Z,52.1261,-169.2129,10,2.7,ml,12,283,0.731,0.49,us,us7000tj23,2026-09-29T13:12:41.040Z,"93 km SSW of Nikolski, Alaska",earthquake,3.8,1.981,0.128,8,reviewed,us,us
2026-09-08T08:13:02.599Z,52.2264,-169.198,10,2.9,ml,19,217,0.646,0.71,us,us7000tj22,2026-09-29T13:03:39.040Z,"82 km SSW of Nikolski, Alaska",earthquake,3.93,1.976,0.105,12,reviewed,us,us
2026-09-08T07:46:29.632Z,38.4519,21.2197,10,4.6,mb,58,86,1.042,1.14,us,us7000tfsj,2026-09-28T14:21:57.054Z,"5 km NNW of Katochí, Greece",earthquake,4.61,1.882,0.1,30,reviewed,us,us
2026-09-08T07:21:53.730Z,44.759,-111.15166666667,10.96,2.77,ml,26,91,0.03277,0.16,uu,uu80155026,2026-09-09T05:45:58.040Z,"3 km ESE of Hebgen Lake Estates, Montana",earthquake,0.37,0.46,0.11660460055568,11,reviewed,uu,uu
2026-09-08T07:06:48.520Z,19.9055,-155.13983333333,22.01,2.76,ml,55,198,0.1167,0.17,hv,hv75030782,2026-09-10T01:23:06.785Z,"4 km NNW of Honomu, Hawaii",earthquake,0.45,0.96,0.19614840852457,34,reviewed,hv,hv
2026-09-08T07:01:39.438Z,-58.1622,-25.9102,112.592,4.6,mb,40,68,7.061,0.63,us,us7000tfs9,2026-09-28T15:24:04.040Z,"South Sandwich Islands region",earthquake,12.11,8.313,0.096,39,reviewed,us,us
2026-09-08T06:52:45.800Z,19.761333333333,-155.8345,9.96,3.13,ml,32,184,0.07628,0.33,hv,hv75030777,2026-09-29T17:03:44.040Z,"15 km ENE of Kalaoa, Hawaii",earthquake,0.78,0.58,0.24071314550212,25,reviewed,hv,hv
2026-09-08T06:50:52.703Z,52.2284,-169.4741,10,3.2,ml,19,218,0.835,0.55,us,us7000tj1n,2026-09-29T15:26:38.040Z,"89 km SSW of Nikolski, Alaska",earthquake,7.32,1.99,0.085,18,reviewed,us,us
2026-09-08T06:50:44.395Z,-58.0932,-26.1187,111.335,5.2,mb,93,29,6.93,0.98,us,us7000tfs3,2026-09-29T17:13:03.040Z,"South Sandwich Islands region",earthquake,11,4.772,0.058,98,reviewed,us,us
2026-09-08T06:49:49.162Z,10.8301,-69.1186,10,4.8,mww,65,32,0.864,0.84,us,us7000tfs1,2026-09-29T17:11:25.601Z,"49 km NNW of Aroa, Venezuela",earthquake,4.38,1.809,0.059,28,reviewed,us,us
2026-09-08T06:31:40.214Z,53.4276,-163.1022,10,2.9,ml,21,233,1.277,0.43,us,us7000tj1m,2026-09-29T15:19:23.040Z,"160 km S of False Pass, Alaska",earthquake,5.31,2.009,0.091,16,reviewed,us,us
2026-09-08T06:24:40.957Z,13.7342,145.0577,124.588,3.8,mb,19,150,0.234,0.44,us,us7000thmb,2026-09-29T15:02:51.040Z,"28 km NE of Yigo Village, Guam",earthquake,9.18,6.549,0.141,13,reviewed,us,us
2026-09-08T05:33:44.178Z,51.6056,-173.6363,27.362,3.2,ml,24,207,0.691,0.69,us,us7000tj09,2026-09-29T15:50:40.040Z,"76 km SSE of Atka, Alaska",earthquake,6.86,9.827,0.085,18,reviewed,us,us
2026-09-08T05:17:35.148Z,52.8724,-163.1513,10,3.1,ml,17,246,1.81,0.46,us,us7000tj05,2026-09-29T15:09:01.040Z,"221 km S of False Pass, Alaska",earthquake,5.61,2.014,0.091,16,reviewed,us,us
2026-09-08T04:55:53.770Z,56.666,-154.146,37.7,2.8,ml,38,151,0.1,0.8,ak,aka2026rudiqp,2026-10-01T03:36:34.040Z,"31 km S of Akhiok, Alaska",earthquake,9,4.7531,0.2,30,reviewed,ak,ak
2026-09-08T04:52:17.124Z,41.6546,43.5965,10.458,4,mb,21,70,0.907,0.71,us,us7000tfrw,2026-10-01T03:35:45.040Z,"12 km SSE of Bak’uriani, Georgia",earthquake,5.13,2.873,0.139,14,reviewed,us,us
2026-09-08T04:40:28.006Z,-8.152,120.5257,10,5.2,mww,124,31,3.211,0.67,us,us7000tfr8,2026-10-01T03:29:58.040Z,"51 km N of Ruteng, Indonesia",earthquake,9.2,1.712,0.098,10,reviewed,us,us
2026-09-08T04:37:57.414Z,-9.0261,158.037,10,4.4,mb,12,87,1.93,1.09,us,us7000thm7,2026-10-01T03:01:25.040Z,"166 km SE of Gizo, Solomon Islands",earthquake,7.24,1.874,0.189,8,reviewed,us,us
2026-09-08T04:23:06.171Z,51.348,179.305,55.5,2.7,ml,13,241,0,0.3,ak,aka2026rucccl,2026-09-21T19:22:55.545Z,"287 km WSW of Adak, Alaska",earthquake,9.4,4.8578,0.2,10,reviewed,ak,ak
2026-09-08T04:18:53.064Z,60.639,-151.618,77.6,2.5,ml,59,38,0.3,0.7,ak,aka2026ruccoc,2026-09-21T19:14:57.278Z,"16 km W of Salamatof, Alaska",earthquake,2.5,2.2936,0.2,43,reviewed,ak,ak
2026-09-08T04:04:18.943Z,65.19,-162.823,9.9,2.9,ml,15,73,0.9,0.7,ak,aka2026rubpxt,2026-10-01T02:50:59.040Z,"63 km NNE of White Mountain, Alaska",earthquake,6.6,7.8879,0.1,11,reviewed,ak,ak
2026-09-08T03:40:56.397Z,40.8722,20.8023,10,4.2,mb,36,46,0.854,0.89,us,us7000tfr0,2026-10-01T02:48:19.827Z,"13 km ESE of Pogradec, Albania",earthquake,3.24,1.87,0.147,13,reviewed,us,us
2026-09-08T03:25:14.722Z,38.3187,21.7033,10,4.3,mb,29,92,0.859,0.95,us,us7000tfqz,2026-10-01T02:44:58.514Z,"5 km WSW of Antirrio, Greece",earthquake,3.62,1.108,0.133,16,reviewed,us,us
2026-09-08T02:34:21.616Z,51.5957,159.8101,35,4.6,mb,57,137,1.597,0.74,us,us7000tfqv,2026-10-07T01:28:45.040Z,"176 km SSE of Vilyuchinsk, Russia",earthquake,9.49,1.908,0.085,41,reviewed,us,us
2026-09-08T02:01:34.651Z,4.5576,-76.7752,71.326,4.4,mb,39,101,2.043,0.94,us,us7000tfql,2026-10-01T02:28:08.630Z,"17 km SW of Sipí, Colombia",earthquake,7,8.277,0.103,27,reviewed,us,us
2026-09-08T01:58:36.170Z,18.840833333333,-64.8425,20.14,3.03,md,13,233,0.4685,0.12,pr,pr71531163,2026-09-08T02:16:52.720Z,"56 km N of Charlotte Amalie, U.S. Virgin Islands",earthquake,0.66,31.61,0.11500965805706,7,reviewed,pr,pr
2026-09-08T01:54:22.409Z,69.451,-143.515,3.4,2.9,ml,42,186,0.2,0.7,ak,aka2026rtxhvg,2026-10-01T02:24:53.040Z,"76 km S of Kaktovik, Alaska",earthquake,11.6,6.6647,0.1,30,reviewed,ak,ak
2026-09-08T01:41:36.218Z,50.7588,-177.9926,10,2.6,ml,14,245,0.949,0.58,us,us7000tizr,2026-10-01T02:14:26.040Z,"156 km SW of Adak, Alaska",earthquake,3.01,1.977,0.105,12,reviewed,us,us
2026-09-08T01:39:35.100Z,-22.3966,-179.7368,572.401,4.5,mb,93,37,5.072,0.78,us,us7000tfqi,2026-10-01T02:11:56.040Z,"south of the Fiji Islands",earthquake,8.38,5.951,0.066,68,reviewed,us,us
2026-09-08T01:28:47.332Z,-7.9448,120.1133,10,4.5,mb,16,115,2.933,0.45,us,us7000thm3,2026-10-01T01:30:21.040Z,"65 km NNE of Labuan Bajo, Indonesia",earthquake,14.96,1.933,0.163,11,reviewed,us,us
2026-09-08T01:24:14.481Z,-24.1734,-67.0494,154.589,4.3,mb,18,102,1.597,0.98,us,us7000tfqh,2026-10-01T01:24:46.040Z,"74 km W of San Antonio de los Cobres, Argentina",earthquake,9.59,9.924,0.2,7,reviewed,us,us
2026-09-08T00:52:01.884Z,-19.831,170.1855,10,5.2,mww,75,64,3.767,0.8,us,us7000tfqf,2026-09-30T02:41:04.040Z,"100 km ESE of Isangel, Vanuatu",earthquake,9.85,1.799,0.062,25,reviewed,us,us
2026-09-08T00:35:42.383Z,51.0183,-178.7057,29.747,2.6,ml,18,242,0.54,0.41,us,us7000tizn,2026-09-30T03:09:57.040Z,"172 km SW of Adak, Alaska",earthquake,5.2,12.612,0.097,14,reviewed,us,us
2026-09-07T22:35:23.482Z,-17.4735,-178.7189,545.494,4.3,mb,53,77,2.079,0.72,us,us7000tf1q,2026-09-30T02:38:54.040Z,"218 km ENE of Levuka, Fiji",earthquake,12.06,8.142,0.094,33,reviewed,us,us
2026-09-07T22:25:36.802Z,-35.5453,-71.3351,108.285,4.3,mb,32,85,0.227,0.65,us,us7000tez5,2026-09-15T01:58:47.040Z,"13 km E of San Clemente, Chile",earthquake,7.44,3.604,0.177,9,reviewed,us,us
2026-09-07T22:25:13.551Z,51.539,178.877,60.5,2.5,ml,10,210,0.3,0.6,ak,aka2026rtqiav,2026-09-11T03:06:32.426Z,"Rat Islands, Aleutian Islands, Alaska",earthquake,9.6,6.2701,0.1,8,reviewed,ak,ak
2026-09-07T22:12:19.948Z,-5.1239,152.6839,35,4.4,mb,26,91,1.062,0.85,us,us7000thex,2026-09-30T02:35:30.040Z,"97 km SSE of Kokopo, Papua New Guinea",earthquake,8.35,1.914,0.127,18,reviewed,us,us
2026-09-07T21:54:38.802Z,-25.0345,-69.2431,92.145,4.3,mwr,43,73,0.34,0.68,us,us7000tez1,2026-09-30T02:23:51.040Z,"131 km ENE of Taltal, Chile",earthquake,7.22,2.029,0.051,37,reviewed,us,us
2026-09-07T21:44:24.890Z,40.5625,-123.6775,24.25,3.67,mw,66,20,0.1155,0.14,nc,nc75431397,2026-09-15T01:36:25.040Z,"36 km E of Hydesville, CA",earthquake,0.2,0.59,,4,reviewed,nc,nc
2026-09-07T21:15:54.615Z,-4.4248,152.5148,66.862,4.3,mb,16,159,0.42,0.6,us,us7000thev,2026-09-30T02:12:47.040Z,"28 km ESE of Kokopo, Papua New Guinea",earthquake,14.67,9.023,0.143,14,reviewed,us,us
2026-09-07T21:13:44.890Z,52.522,-166.605,8,2.7,ml,17,265,1.2,0.6,ak,aka2026rtnyak,2026-09-11T03:03:09.913Z,"150 km S of Unalaska, Alaska",earthquake,10.4,12.1545,0.1,12,reviewed,ak,ak
2026-09-07T20:18:12.414Z,54.3794,-160.1109,35,3.1,ml,38,216,1.276,0.4,us,us7000tgip,2026-09-12T17:30:14.040Z,"109 km SSE of Sand Point, Alaska",earthquake,6.82,2.02,0.074,24,reviewed,us,us
2026-09-07T20:12:17.094Z,61.991,-150.369,62.9,2.6,ml,95,31,0.4,0.8,ak,aka2026rtlwqn,2026-09-12T15:15:22.040Z,"32 km NNW of Willow, Alaska",earthquake,1.7,2.4558,0.2,68,reviewed,ak,ak
2026-09-07T20:10:15.820Z,18.743666666667,-66.995166666667,13.9,3.17,md,24,252,0.2562,0.22,pr,pr71531158,2026-09-12T15:18:19.040Z,"27 km N of Isabela, Puerto Rico",earthquake,0.71,1.08,0.077379512486222,14,reviewed,pr,pr
2026-09-07T19:17:02.145Z,54.567,-160.171,7.3,2.5,ml,17,267,1.1,0.6,ak,aka2026rtkbaf,2026-09-11T02:45:48.219Z,"88 km SSE of Sand Point, Alaska",earthquake,8.1,4.4731,0.1,13,reviewed,ak,ak
2026-09-07T18:27:55.131Z,-10.4798,-75.0598,51.462,4.3,mb,43,93,2.303,0.34,us,us7000thes,2026-09-17T18:09:54.040Z,"36 km NE of Villa Rica, Peru",earthquake,8.04,8.593,0.09,35,reviewed,us,us
2026-09-07T18:07:12.247Z,18.0413,145.7195,259.058,4.2,mb,16,148,2.792,0.58,us,us7000thez,2026-09-17T18:52:52.040Z,"Pagan region, Northern Mariana Islands",earthquake,13.44,9.85,0.141,14,reviewed,us,us
2026-09-07T18:01:15.531Z,63.031,-149.328,82.2,3.5,ml,194,21,0.4,1.1,ak,aka2026rthmzw,2026-09-17T16:49:41.040Z,"44 km SSW of Cantwell, Alaska",earthquake,1.6,2.2501,0.2,133,reviewed,ak,ak
2026-09-07T17:31:42.184Z,27.1287,103.4912,10,4.6,mb,70,63,7.438,0.45,us,us7000tey8,2026-09-17T19:08:21.040Z,"30 km SW of Zhaotong, China",earthquake,9.17,1.884,0.07,61,reviewed,us,us
2026-09-07T17:26:10.463Z,-23.7488,-179.8568,522.666,4.2,mb,30,157,6.285,0.42,us,us7000tey7,2026-09-17T17:15:19.040Z,"south of the Fiji Islands",earthquake,15.76,11.377,0.103,26,reviewed,us,us
2026-09-07T16:54:57.619Z,44.4341,149.2661,35,4.4,mb,55,126,4.802,1.01,us,us7000tey3,2026-09-14T19:10:23.040Z,"140 km SE of Kuril’sk, Russia",earthquake,9.79,1.912,0.077,49,reviewed,us,us
2026-09-07T16:50:41.661Z,-4.9892,153.3188,45.598,4.2,mb,19,121,1.398,1.21,us,us7000tey1,2026-09-14T18:49:05.040Z,"136 km ESE of Kokopo, Papua New Guinea",earthquake,10.19,9.041,0.136,15,reviewed,us,us
2026-09-07T15:43:18.176Z,12.9343,50.2015,10,4.4,mb,22,95,5.876,0.74,us,us7000tga3,2026-09-14T17:51:01.040Z,"122 km NNW of Caluula, Somalia",earthquake,9.76,1.921,0.13,17,reviewed,us,us
2026-09-07T14:27:50.257Z,54.2031,-162.4605,8.222,2.7,ml,16,224,0.86,0.38,us,us7000tgi6,2026-09-14T19:44:06.040Z,"95 km SE of False Pass, Alaska",earthquake,3.38,11.749,0.105,12,reviewed,us,us
2026-09-07T14:23:36.589Z,69.729,-146.154,3.6,2.6,ml,32,122,0.4,0.9,ak,aka2026rtagho,2026-09-14T19:00:07.040Z,"101 km SE of Prudhoe Bay, Alaska",earthquake,4.1,2.7036,0.1,23,reviewed,ak,ak
2026-09-07T14:18:10.473Z,52.2135,-169.1234,10,2.6,ml,15,275,0.681,0.9,us,us7000tgi5,2026-10-07T13:29:10.040Z,"82 km SSW of Nikolski, Alaska",earthquake,6.16,2.012,0.128,8,reviewed,us,us
